store_id,item_id,date,demand_qty,is_promo,week
STR_E01,1200080994,2024-01-01,18,False,2024-W01
STR_E01,1200080994,2024-01-02,18,False,2024-W01
STR_E01,1200080994,2024-01-03,21,False,2024-W01
STR_E01,1200080994,2024-01-04,16,False,2024-W01
STR_E01,1200080994,2024-01-05,16,False,2024-W01
STR_E01,1200080994,2024-01-06,15,False,2024-W01
STR_E01,1200080994,2024-01-07,16,False,2024-W01
STR_E01,1200080994,2024-01-08,19,False,2024-W02
STR_E01,1200080994,2024-01-09,18,False,2024-W02
STR_E01,1200080994,2024-01-10,16,False,2024-W02
STR_E01,1200080994,2024-01-11,15,False,2024-W02
STR_E01,1200080994,2024-01-12,17,False,2024-W02
STR_E01,1200080994,2024-01-13,15,False,2024-W02
STR_E01,1200080994,2024-01-14,19,False,2024-W02
STR_E01,1200080994,2024-01-15,15,False,2024-W03
STR_E01,1200080994,2024-01-16,18,False,2024-W03
STR_E01,1200080994,2024-01-17,16,False,2024-W03
STR_E01,1200080994,2024-01-18,15,False,2024-W03
STR_E01,1200080994,2024-01-19,15,False,2024-W03
STR_E01,1200080994,2024-01-20,16,False,2024-W03
STR_E01,1200080994,2024-01-21,15,False,2024-W03
STR_E01,1200080994,2024-01-22,19,False,2024-W04
STR_E01,1200080994,2024-01-23,16,False,2024-W04
STR_E01,1200080994,2024-01-24,14,False,2024-W04
STR_E01,1200080994,2024-01-25,18,False,2024-W04
STR_E01,1200080994,2024-01-26,16,False,2024-W04
STR_E01,1200080994,2024-01-27,22,False,2024-W04
STR_E01,1200080994,2024-01-28,76,True,2024-W04
STR_E01,1200080994,2024-01-29,70,True,2024-W05
STR_E01,1200080994,2024-01-30,71,True,2024-W05
STR_E01,1200080994,2024-01-31,61,True,2024-W05
STR_E01,1200080994,2024-02-01,60,True,2024-W05
STR_E01,1200080994,2024-02-02,73,True,2024-W05
STR_E01,1200080994,2024-02-03,60,True,2024-W05
STR_E01,1200080994,2024-02-04,55,True,2024-W05
STR_E01,1200080994,2024-02-05,54,True,2024-W06
STR_E01,1200080994,2024-02-06,36,True,2024-W06
STR_E01,1200080994,2024-02-07,33,True,2024-W06
STR_E01,1200080994,2024-02-08,23,True,2024-W06
STR_E01,1200080994,2024-02-09,19,False,2024-W06
STR_E01,1200080994,2024-02-10,23,False,2024-W06
STR_E01,1200080994,2024-02-11,14,False,2024-W06
STR_E01,1200080994,2024-02-12,14,False,2024-W07
STR_E01,1200080994,2024-02-13,21,False,2024-W07
STR_E01,1200080994,2024-02-14,14,False,2024-W07
STR_E01,1200080994,2024-02-15,19,False,2024-W07
STR_E01,1200080994,2024-02-16,16,False,2024-W07
STR_E01,1200080994,2024-02-17,16,False,2024-W07
STR_E01,1200080994,2024-02-18,23,False,2024-W07
STR_E01,1200080994,2024-02-19,18,False,2024-W08
STR_E01,1200080994,2024-02-20,12,False,2024-W08
STR_E01,1200080994,2024-02-21,21,False,2024-W08
STR_E01,1200080994,2024-02-22,20,False,2024-W08
STR_E01,1200080994,2024-02-23,17,False,2024-W08
STR_E01,1200080994,2024-02-24,15,False,2024-W08
STR_E01,1200080994,2024-02-25,17,False,2024-W08
STR_E01,1200080994,2024-02-26,16,False,2024-W09
STR_E01,1200080994,2024-02-27,19,False,2024-W09
STR_E01,1200080994,2024-02-28,16,False,2024-W09
STR_E01,1200080994,2024-02-29,17,False,2024-W09
STR_E01,1200080994,2024-03-01,21,False,2024-W09
STR_E01,1200080994,2024-03-02,22,False,2024-W09
STR_E01,1200080994,2024-03-03,21,False,2024-W09
STR_E01,1200080994,2024-03-04,19,False,2024-W10
STR_E01,1200080994,2024-03-05,22,False,2024-W10
STR_E01,1200080994,2024-03-06,20,False,2024-W10
STR_E01,1200080994,2024-03-07,29,False,2024-W10
STR_E01,1200080994,2024-03-08,22,False,2024-W10
STR_E01,1200080994,2024-03-09,20,False,2024-W10
STR_E01,1200080994,2024-03-10,18,False,2024-W10
STR_E01,1200080994,2024-03-11,16,False,2024-W11
STR_E01,1200080994,2024-03-12,24,False,2024-W11
STR_E01,1200080994,2024-03-13,17,False,2024-W11
STR_E01,1200080994,2024-03-14,22,False,2024-W11
STR_E01,1200080994,2024-03-15,17,False,2024-W11
STR_E01,1200080994,2024-03-16,19,False,2024-W11
STR_E01,1200080994,2024-03-17,18,False,2024-W11
STR_E01,1200080994,2024-03-18,17,False,2024-W12
STR_E01,1200080994,2024-03-19,17,False,2024-W12
STR_E01,1200080994,2024-03-20,18,False,2024-W12
STR_E01,1200080994,2024-03-21,15,False,2024-W12
STR_E01,1200080994,2024-03-22,16,False,2024-W12
STR_E01,1200080994,2024-03-23,18,False,2024-W12
STR_E01,1200080994,2024-03-24,13,False,2024-W12
STR_E01,1200080994,2024-03-25,77,True,2024-W13
STR_E01,1200080994,2024-03-26,60,True,2024-W13
STR_E01,1200080994,2024-03-27,80,True,2024-W13
STR_E01,1200080994,2024-03-28,76,True,2024-W13
STR_E01,1200080994,2024-03-29,79,True,2024-W13
STR_E01,1200080994,2024-03-30,75,True,2024-W13
STR_E01,1200080994,2024-03-31,79,True,2024-W13
STR_E01,1200080994,2024-04-01,56,True,2024-W14
STR_E01,1200080994,2024-04-02,67,True,2024-W14
STR_E01,1200080994,2024-04-03,48,True,2024-W14
STR_E01,1200080994,2024-04-04,34,True,2024-W14
STR_E01,1200080994,2024-04-05,20,True,2024-W14
STR_E01,1200080994,2024-04-06,16,False,2024-W14
STR_E01,1200080994,2024-04-07,18,False,2024-W14
STR_E01,1200080994,2024-04-08,17,False,2024-W15
STR_E01,1200080994,2024-04-09,17,False,2024-W15
STR_E01,1200080994,2024-04-10,19,False,2024-W15
STR_E01,1200080994,2024-04-11,17,False,2024-W15
STR_E01,1200080994,2024-04-12,18,False,2024-W15
STR_E01,1200080994,2024-04-13,16,False,2024-W15
STR_E01,1200080994,2024-04-14,19,False,2024-W15
STR_E01,1200080994,2024-04-15,16,False,2024-W16
STR_E01,1200080994,2024-04-16,21,False,2024-W16
STR_E01,1200080994,2024-04-17,26,False,2024-W16
STR_E01,1200080994,2024-04-18,20,False,2024-W16
STR_E01,1200080994,2024-04-19,15,False,2024-W16
STR_E01,1200080994,2024-04-20,17,False,2024-W16
STR_E01,1200080994,2024-04-21,25,False,2024-W16
STR_E01,1200080994,2024-04-22,23,False,2024-W17
STR_E01,1200080994,2024-04-23,21,False,2024-W17
STR_E01,1200080994,2024-04-24,19,False,2024-W17
STR_E01,1200080994,2024-04-25,21,False,2024-W17
STR_E01,1200080994,2024-04-26,28,False,2024-W17
STR_E01,1200080994,2024-04-27,18,False,2024-W17
STR_E01,1200080994,2024-04-28,16,False,2024-W17
STR_E01,1200080994,2024-04-29,28,False,2024-W18
STR_E01,1200080994,2024-04-30,23,False,2024-W18
STR_E01,1200080994,2024-05-01,21,False,2024-W18
STR_E01,1200080994,2024-05-02,26,False,2024-W18
STR_E01,1200080994,2024-05-03,27,False,2024-W18
STR_E01,1200080994,2024-05-04,19,False,2024-W18
STR_E01,1200080994,2024-05-05,25,False,2024-W18
STR_E01,1200080994,2024-05-06,19,False,2024-W19
STR_E01,1200080994,2024-05-07,24,False,2024-W19
STR_E01,1200080994,2024-05-08,20,False,2024-W19
STR_E01,1200080994,2024-05-09,23,False,2024-W19
STR_E01,1200080994,2024-05-10,19,False,2024-W19
STR_E01,1200080994,2024-05-11,24,False,2024-W19
STR_E01,1200080994,2024-05-12,22,False,2024-W19
STR_E01,1200080994,2024-05-13,23,False,2024-W20
STR_E01,1200080994,2024-05-14,20,False,2024-W20
STR_E01,1200080994,2024-05-15,26,False,2024-W20
STR_E01,1200080994,2024-05-16,21,False,2024-W20
STR_E01,1200080994,2024-05-17,22,False,2024-W20
STR_E01,1200080994,2024-05-18,22,False,2024-W20
STR_E01,1200080994,2024-05-19,19,False,2024-W20
STR_E01,1200080994,2024-05-20,19,False,2024-W21
STR_E01,1200080994,2024-05-21,25,False,2024-W21
STR_E01,1200080994,2024-05-22,20,False,2024-W21
STR_E01,1200080994,2024-05-23,26,False,2024-W21
STR_E01,1200080994,2024-05-24,20,False,2024-W21
STR_E01,1200080994,2024-05-25,21,False,2024-W21
STR_E01,1200080994,2024-05-26,25,False,2024-W21
STR_E01,1200080994,2024-05-27,93,True,2024-W22
STR_E01,1200080994,2024-05-28,79,True,2024-W22
STR_E01,1200080994,2024-05-29,94,True,2024-W22
STR_E01,1200080994,2024-05-30,78,True,2024-W22
STR_E01,1200080994,2024-05-31,82,True,2024-W22
STR_E01,1200080994,2024-06-01,74,True,2024-W22
STR_E01,1200080994,2024-06-02,90,True,2024-W22
STR_E01,1200080994,2024-06-03,73,True,2024-W23
STR_E01,1200080994,2024-06-04,65,True,2024-W23
STR_E01,1200080994,2024-06-05,45,True,2024-W23
STR_E01,1200080994,2024-06-06,41,True,2024-W23
STR_E01,1200080994,2024-06-07,26,True,2024-W23
STR_E01,1200080994,2024-06-08,29,False,2024-W23
STR_E01,1200080994,2024-06-09,28,False,2024-W23
STR_E01,1200080994,2024-06-10,20,False,2024-W24
STR_E01,1200080994,2024-06-11,25,False,2024-W24
STR_E01,1200080994,2024-06-12,20,False,2024-W24
STR_E01,1200080994,2024-06-13,24,False,2024-W24
STR_E01,1200080994,2024-06-14,23,False,2024-W24
STR_E01,1200080994,2024-06-15,21,False,2024-W24
STR_E01,1200080994,2024-06-16,21,False,2024-W24
STR_E01,1200080994,2024-06-17,19,False,2024-W25
STR_E01,1200080994,2024-06-18,18,False,2024-W25
STR_E01,1200080994,2024-06-19,20,False,2024-W25
STR_E01,1200080994,2024-06-20,22,False,2024-W25
STR_E01,1200080994,2024-06-21,28,False,2024-W25
STR_E01,1200080994,2024-06-22,23,False,2024-W25
STR_E01,1200080994,2024-06-23,22,False,2024-W25
STR_E01,1200080994,2024-06-24,18,False,2024-W26
STR_E01,1200080994,2024-06-25,26,False,2024-W26
STR_E01,1200080994,2024-06-26,18,False,2024-W26
STR_E01,1200080994,2024-06-27,21,False,2024-W26
STR_E01,1200080994,2024-06-28,24,False,2024-W26
STR_E01,1200080994,2024-06-29,21,False,2024-W26
STR_E01,1200080994,2024-06-30,21,False,2024-W26
STR_E01,1200080994,2024-07-01,80,True,2024-W27
STR_E01,1200080994,2024-07-02,105,True,2024-W27
STR_E01,1200080994,2024-07-03,96,True,2024-W27
STR_E01,1200080994,2024-07-04,117,True,2024-W27
STR_E01,1200080994,2024-07-05,92,True,2024-W27
STR_E01,1200080994,2024-07-06,85,True,2024-W27
STR_E01,1200080994,2024-07-07,85,True,2024-W27
STR_E01,1200080994,2024-07-08,68,True,2024-W28
STR_E01,1200080994,2024-07-09,71,True,2024-W28
STR_E01,1200080994,2024-07-10,59,True,2024-W28
STR_E01,1200080994,2024-07-11,39,True,2024-W28
STR_E01,1200080994,2024-07-12,37,True,2024-W28
STR_E01,1200080994,2024-07-13,23,False,2024-W28
STR_E01,1200080994,2024-07-14,18,False,2024-W28
STR_E01,1200080994,2024-07-15,23,False,2024-W29
STR_E01,1200080994,2024-07-16,20,False,2024-W29
STR_E01,1200080994,2024-07-17,22,False,2024-W29
STR_E01,1200080994,2024-07-18,17,False,2024-W29
STR_E01,1200080994,2024-07-19,17,False,2024-W29
STR_E01,1200080994,2024-07-20,19,False,2024-W29
STR_E01,1200080994,2024-07-21,20,False,2024-W29
STR_E01,1200080994,2024-07-22,22,False,2024-W30
STR_E01,1200080994,2024-07-23,21,False,2024-W30
STR_E01,1200080994,2024-07-24,21,False,2024-W30
STR_E01,1200080994,2024-07-25,22,False,2024-W30
STR_E01,1200080994,2024-07-26,17,False,2024-W30
STR_E01,1200080994,2024-07-27,18,False,2024-W30
STR_E01,1200080994,2024-07-28,20,False,2024-W30
STR_E01,1200080994,2024-07-29,18,False,2024-W31
STR_E01,1200080994,2024-07-30,20,False,2024-W31
STR_E01,1200080994,2024-07-31,22,False,2024-W31
STR_E01,1200080994,2024-08-01,22,False,2024-W31
STR_E01,1200080994,2024-08-02,22,False,2024-W31
STR_E01,1200080994,2024-08-03,21,False,2024-W31
STR_E01,1200080994,2024-08-04,22,False,2024-W31
STR_E01,1200080994,2024-08-05,26,False,2024-W32
STR_E01,1200080994,2024-08-06,18,False,2024-W32
STR_E01,1200080994,2024-08-07,17,False,2024-W32
STR_E01,1200080994,2024-08-08,23,False,2024-W32
STR_E01,1200080994,2024-08-09,16,False,2024-W32
STR_E01,1200080994,2024-08-10,20,False,2024-W32
STR_E01,1200080994,2024-08-11,19,False,2024-W32
STR_E01,1200080994,2024-08-12,100,True,2024-W33
STR_E01,1200080994,2024-08-13,84,True,2024-W33
STR_E01,1200080994,2024-08-14,99,True,2024-W33
STR_E01,1200080994,2024-08-15,91,True,2024-W33
STR_E01,1200080994,2024-08-16,78,True,2024-W33
STR_E01,1200080994,2024-08-17,75,True,2024-W33
STR_E01,1200080994,2024-08-18,72,True,2024-W33
STR_E01,1200080994,2024-08-19,80,True,2024-W34
STR_E01,1200080994,2024-08-20,52,True,2024-W34
STR_E01,1200080994,2024-08-21,41,True,2024-W34
STR_E01,1200080994,2024-08-22,32,True,2024-W34
STR_E01,1200080994,2024-08-23,22,True,2024-W34
STR_E01,1200080994,2024-08-24,23,False,2024-W34
STR_E01,1200080994,2024-08-25,22,False,2024-W34
STR_E01,1200080994,2024-08-26,23,False,2024-W35
STR_E01,1200080994,2024-08-27,21,False,2024-W35
STR_E01,1200080994,2024-08-28,26,False,2024-W35
STR_E01,1200080994,2024-08-29,23,False,2024-W35
STR_E01,1200080994,2024-08-30,20,False,2024-W35
STR_E01,1200080994,2024-08-31,19,False,2024-W35
STR_E01,1200080994,2024-09-01,23,False,2024-W35
STR_E01,1200080994,2024-09-02,61,True,2024-W36
STR_E01,1200080994,2024-09-03,87,True,2024-W36
STR_E01,1200080994,2024-09-04,88,True,2024-W36
STR_E01,1200080994,2024-09-05,78,True,2024-W36
STR_E01,1200080994,2024-09-06,69,True,2024-W36
STR_E01,1200080994,2024-09-07,71,True,2024-W36
STR_E01,1200080994,2024-09-08,70,True,2024-W36
STR_E01,1200080994,2024-09-09,69,True,2024-W37
STR_E01,1200080994,2024-09-10,52,True,2024-W37
STR_E01,1200080994,2024-09-11,38,True,2024-W37
STR_E01,1200080994,2024-09-12,38,True,2024-W37
STR_E01,1200080994,2024-09-13,22,True,2024-W37
STR_E01,1200080994,2024-09-14,21,False,2024-W37
STR_E01,1200080994,2024-09-15,18,False,2024-W37
STR_E01,1200080994,2024-09-16,20,False,2024-W38
STR_E01,1200080994,2024-09-17,19,False,2024-W38
STR_E01,1200080994,2024-09-18,17,False,2024-W38
STR_E01,1200080994,2024-09-19,16,False,2024-W38
STR_E01,1200080994,2024-09-20,24,False,2024-W38
STR_E01,1200080994,2024-09-21,17,False,2024-W38
STR_E01,1200080994,2024-09-22,18,False,2024-W38
STR_E01,1200080994,2024-09-23,23,False,2024-W39
STR_E01,1200080994,2024-09-24,15,False,2024-W39
STR_E01,1200080994,2024-09-25,20,False,2024-W39
STR_E01,1200080994,2024-09-26,20,False,2024-W39
STR_E01,1200080994,2024-09-27,21,False,2024-W39
STR_E01,1200080994,2024-09-28,19,False,2024-W39
STR_E01,1200080994,2024-09-29,17,False,2024-W39
STR_E01,1200080994,2024-09-30,24,False,2024-W40
STR_E01,1200080994,2024-10-01,15,False,2024-W40
STR_E01,1200080994,2024-10-02,20,False,2024-W40
STR_E01,1200080994,2024-10-03,24,False,2024-W40
STR_E01,1200080994,2024-10-04,27,False,2024-W40
STR_E01,1200080994,2024-10-05,27,False,2024-W40
STR_E01,1200080994,2024-10-06,20,False,2024-W40
STR_E01,1200080994,2024-10-07,24,False,2024-W41
STR_E01,1200080994,2024-10-08,24,False,2024-W41
STR_E01,1200080994,2024-10-09,18,False,2024-W41
STR_E01,1200080994,2024-10-10,20,False,2024-W41
STR_E01,1200080994,2024-10-11,26,False,2024-W41
STR_E01,1200080994,2024-10-12,22,False,2024-W41
STR_E01,1200080994,2024-10-13,24,False,2024-W41
STR_E01,1200080994,2024-10-14,25,False,2024-W42
STR_E01,1200080994,2024-10-15,27,False,2024-W42
STR_E01,1200080994,2024-10-16,24,False,2024-W42
STR_E01,1200080994,2024-10-17,22,False,2024-W42
STR_E01,1200080994,2024-10-18,19,False,2024-W42
STR_E01,1200080994,2024-10-19,24,False,2024-W42
STR_E01,1200080994,2024-10-20,20,False,2024-W42
STR_E01,1200080994,2024-10-21,21,False,2024-W43
STR_E01,1200080994,2024-10-22,23,False,2024-W43
STR_E01,1200080994,2024-10-23,22,False,2024-W43
STR_E01,1200080994,2024-10-24,20,False,2024-W43
STR_E01,1200080994,2024-10-25,25,False,2024-W43
STR_E01,1200080994,2024-10-26,28,False,2024-W43
STR_E01,1200080994,2024-10-27,23,False,2024-W43
STR_E01,1200080994,2024-10-28,24,False,2024-W44
STR_E01,1200080994,2024-10-29,19,False,2024-W44
STR_E01,1200080994,2024-10-30,22,False,2024-W44
STR_E01,1200080994,2024-10-31,27,False,2024-W44
STR_E01,1200080994,2024-11-01,20,False,2024-W44
STR_E01,1200080994,2024-11-02,25,False,2024-W44
STR_E01,1200080994,2024-11-03,19,False,2024-W44
STR_E01,1200080994,2024-11-04,23,False,2024-W45
STR_E01,1200080994,2024-11-05,25,False,2024-W45
STR_E01,1200080994,2024-11-06,22,False,2024-W45
STR_E01,1200080994,2024-11-07,27,False,2024-W45
STR_E01,1200080994,2024-11-08,18,False,2024-W45
STR_E01,1200080994,2024-11-09,21,False,2024-W45
STR_E01,1200080994,2024-11-10,23,False,2024-W45
STR_E01,1200080994,2024-11-11,23,False,2024-W46
STR_E01,1200080994,2024-11-12,31,False,2024-W46
STR_E01,1200080994,2024-11-13,26,False,2024-W46
STR_E01,1200080994,2024-11-14,28,False,2024-W46
STR_E01,1200080994,2024-11-15,24,False,2024-W46
STR_E01,1200080994,2024-11-16,24,False,2024-W46
STR_E01,1200080994,2024-11-17,22,False,2024-W46
STR_E01,1200080994,2024-11-18,23,False,2024-W47
STR_E01,1200080994,2024-11-19,24,False,2024-W47
STR_E01,1200080994,2024-11-20,25,False,2024-W47
STR_E01,1200080994,2024-11-21,26,False,2024-W47
STR_E01,1200080994,2024-11-22,21,False,2024-W47
STR_E01,1200080994,2024-11-23,25,False,2024-W47
STR_E01,1200080994,2024-11-24,29,False,2024-W47
STR_E01,1200080994,2024-11-25,114,True,2024-W48
STR_E01,1200080994,2024-11-26,102,True,2024-W48
STR_E01,1200080994,2024-11-27,107,True,2024-W48
STR_E01,1200080994,2024-11-28,142,True,2024-W48
STR_E01,1200080994,2024-11-29,81,True,2024-W48
STR_E01,1200080994,2024-11-30,110,True,2024-W48
STR_E01,1200080994,2024-12-01,106,True,2024-W48
STR_E01,1200080994,2024-12-02,100,True,2024-W49
STR_E01,1200080994,2024-12-03,92,True,2024-W49
STR_E01,1200080994,2024-12-04,71,True,2024-W49
STR_E01,1200080994,2024-12-05,53,True,2024-W49
STR_E01,1200080994,2024-12-06,32,True,2024-W49
STR_E01,1200080994,2024-12-07,28,False,2024-W49
STR_E01,1200080994,2024-12-08,25,False,2024-W49
STR_E01,1200080994,2024-12-09,29,False,2024-W50
STR_E01,1200080994,2024-12-10,21,False,2024-W50
STR_E01,1200080994,2024-12-11,20,False,2024-W50
STR_E01,1200080994,2024-12-12,32,False,2024-W50
STR_E01,1200080994,2024-12-13,28,False,2024-W50
STR_E01,1200080994,2024-12-14,28,False,2024-W50
STR_E01,1200080994,2024-12-15,27,False,2024-W50
STR_E01,1200080994,2024-12-16,27,False,2024-W51
STR_E01,1200080994,2024-12-17,27,False,2024-W51
STR_E01,1200080994,2024-12-18,25,False,2024-W51
STR_E01,1200080994,2024-12-19,25,False,2024-W51
STR_E01,1200080994,2024-12-20,26,False,2024-W51
STR_E01,1200080994,2024-12-21,30,False,2024-W51
STR_E01,1200080994,2024-12-22,23,False,2024-W51
STR_E01,1200080994,2024-12-23,93,True,2024-W52
STR_E01,1200080994,2024-12-24,95,True,2024-W52
STR_E01,1200080994,2024-12-25,95,True,2024-W52
STR_E01,1200080994,2024-12-26,112,True,2024-W52
STR_E01,1200080994,2024-12-27,119,True,2024-W52
STR_E01,1200080994,2024-12-28,115,True,2024-W52
STR_E01,1200080994,2024-12-29,111,True,2024-W52
STR_E01,1200080994,2024-12-30,74,True,2025-W01
STR_E01,1200080994,2024-12-31,52,True,2025-W01
STR_E01,2840016014,2024-01-01,14,False,2024-W01
STR_E01,2840016014,2024-01-02,9,False,2024-W01
STR_E01,2840016014,2024-01-03,10,False,2024-W01
STR_E01,2840016014,2024-01-04,8,False,2024-W01
STR_E01,2840016014,2024-01-05,10,False,2024-W01
STR_E01,2840016014,2024-01-06,10,False,2024-W01
STR_E01,2840016014,2024-01-07,11,False,2024-W01
STR_E01,2840016014,2024-01-08,10,False,2024-W02
STR_E01,2840016014,2024-01-09,15,False,2024-W02
STR_E01,2840016014,2024-01-10,10,False,2024-W02
STR_E01,2840016014,2024-01-11,10,False,2024-W02
STR_E01,2840016014,2024-01-12,11,False,2024-W02
STR_E01,2840016014,2024-01-13,11,False,2024-W02
STR_E01,2840016014,2024-01-14,12,False,2024-W02
STR_E01,2840016014,2024-01-15,12,False,2024-W03
STR_E01,2840016014,2024-01-16,11,False,2024-W03
STR_E01,2840016014,2024-01-17,10,False,2024-W03
STR_E01,2840016014,2024-01-18,9,False,2024-W03
STR_E01,2840016014,2024-01-19,12,False,2024-W03
STR_E01,2840016014,2024-01-20,13,False,2024-W03
STR_E01,2840016014,2024-01-21,11,False,2024-W03
STR_E01,2840016014,2024-01-22,12,False,2024-W04
STR_E01,2840016014,2024-01-23,10,False,2024-W04
STR_E01,2840016014,2024-01-24,9,False,2024-W04
STR_E01,2840016014,2024-01-25,9,False,2024-W04
STR_E01,2840016014,2024-01-26,11,False,2024-W04
STR_E01,2840016014,2024-01-27,12,False,2024-W04
STR_E01,2840016014,2024-01-28,29,True,2024-W04
STR_E01,2840016014,2024-01-29,18,True,2024-W05
STR_E01,2840016014,2024-01-30,30,True,2024-W05
STR_E01,2840016014,2024-01-31,24,True,2024-W05
STR_E01,2840016014,2024-02-01,23,True,2024-W05
STR_E01,2840016014,2024-02-02,33,True,2024-W05
STR_E01,2840016014,2024-02-03,26,True,2024-W05
STR_E01,2840016014,2024-02-04,26,True,2024-W05
STR_E01,2840016014,2024-02-05,15,True,2024-W06
STR_E01,2840016014,2024-02-06,14,True,2024-W06
STR_E01,2840016014,2024-02-07,14,False,2024-W06
STR_E01,2840016014,2024-02-08,10,False,2024-W06
STR_E01,2840016014,2024-02-09,13,False,2024-W06
STR_E01,2840016014,2024-02-10,12,False,2024-W06
STR_E01,2840016014,2024-02-11,11,False,2024-W06
STR_E01,2840016014,2024-02-12,9,False,2024-W07
STR_E01,2840016014,2024-02-13,13,False,2024-W07
STR_E01,2840016014,2024-02-14,12,False,2024-W07
STR_E01,2840016014,2024-02-15,15,False,2024-W07
STR_E01,2840016014,2024-02-16,13,False,2024-W07
STR_E01,2840016014,2024-02-17,8,False,2024-W07
STR_E01,2840016014,2024-02-18,9,False,2024-W07
STR_E01,2840016014,2024-02-19,10,False,2024-W08
STR_E01,2840016014,2024-02-20,10,False,2024-W08
STR_E01,2840016014,2024-02-21,14,False,2024-W08
STR_E01,2840016014,2024-02-22,9,False,2024-W08
STR_E01,2840016014,2024-02-23,14,False,2024-W08
STR_E01,2840016014,2024-02-24,13,False,2024-W08
STR_E01,2840016014,2024-02-25,10,False,2024-W08
STR_E01,2840016014,2024-02-26,11,False,2024-W09
STR_E01,2840016014,2024-02-27,10,False,2024-W09
STR_E01,2840016014,2024-02-28,11,False,2024-W09
STR_E01,2840016014,2024-02-29,12,False,2024-W09
STR_E01,2840016014,2024-03-01,12,False,2024-W09
STR_E01,2840016014,2024-03-02,15,False,2024-W09
STR_E01,2840016014,2024-03-03,10,False,2024-W09
STR_E01,2840016014,2024-03-04,12,False,2024-W10
STR_E01,2840016014,2024-03-05,10,False,2024-W10
STR_E01,2840016014,2024-03-06,14,False,2024-W10
STR_E01,2840016014,2024-03-07,14,False,2024-W10
STR_E01,2840016014,2024-03-08,11,False,2024-W10
STR_E01,2840016014,2024-03-09,14,False,2024-W10
STR_E01,2840016014,2024-03-10,14,False,2024-W10
STR_E01,2840016014,2024-03-11,14,False,2024-W11
STR_E01,2840016014,2024-03-12,13,False,2024-W11
STR_E01,2840016014,2024-03-13,12,False,2024-W11
STR_E01,2840016014,2024-03-14,9,False,2024-W11
STR_E01,2840016014,2024-03-15,12,False,2024-W11
STR_E01,2840016014,2024-03-16,12,False,2024-W11
STR_E01,2840016014,2024-03-17,11,False,2024-W11
STR_E01,2840016014,2024-03-18,10,False,2024-W12
STR_E01,2840016014,2024-03-19,11,False,2024-W12
STR_E01,2840016014,2024-03-20,11,False,2024-W12
STR_E01,2840016014,2024-03-21,10,False,2024-W12
STR_E01,2840016014,2024-03-22,11,False,2024-W12
STR_E01,2840016014,2024-03-23,11,False,2024-W12
STR_E01,2840016014,2024-03-24,14,False,2024-W12
STR_E01,2840016014,2024-03-25,23,True,2024-W13
STR_E01,2840016014,2024-03-26,30,True,2024-W13
STR_E01,2840016014,2024-03-27,24,True,2024-W13
STR_E01,2840016014,2024-03-28,34,True,2024-W13
STR_E01,2840016014,2024-03-29,20,True,2024-W13
STR_E01,2840016014,2024-03-30,27,True,2024-W13
STR_E01,2840016014,2024-03-31,23,True,2024-W13
STR_E01,2840016014,2024-04-01,21,True,2024-W14
STR_E01,2840016014,2024-04-02,20,True,2024-W14
STR_E01,2840016014,2024-04-03,13,True,2024-W14
STR_E01,2840016014,2024-04-04,12,False,2024-W14
STR_E01,2840016014,2024-04-05,13,False,2024-W14
STR_E01,2840016014,2024-04-06,14,False,2024-W14
STR_E01,2840016014,2024-04-07,12,False,2024-W14
STR_E01,2840016014,2024-04-08,12,False,2024-W15
STR_E01,2840016014,2024-04-09,10,False,2024-W15
STR_E01,2840016014,2024-04-10,14,False,2024-W15
STR_E01,2840016014,2024-04-11,11,False,2024-W15
STR_E01,2840016014,2024-04-12,9,False,2024-W15
STR_E01,2840016014,2024-04-13,14,False,2024-W15
STR_E01,2840016014,2024-04-14,11,False,2024-W15
STR_E01,2840016014,2024-04-15,9,False,2024-W16
STR_E01,2840016014,2024-04-16,16,False,2024-W16
STR_E01,2840016014,2024-04-17,15,False,2024-W16
STR_E01,2840016014,2024-04-18,17,False,2024-W16
STR_E01,2840016014,2024-04-19,12,False,2024-W16
STR_E01,2840016014,2024-04-20,16,False,2024-W16
STR_E01,2840016014,2024-04-21,14,False,2024-W16
STR_E01,2840016014,2024-04-22,10,False,2024-W17
STR_E01,2840016014,2024-04-23,13,False,2024-W17
STR_E01,2840016014,2024-04-24,11,False,2024-W17
STR_E01,2840016014,2024-04-25,14,False,2024-W17
STR_E01,2840016014,2024-04-26,12,False,2024-W17
STR_E01,2840016014,2024-04-27,16,False,2024-W17
STR_E01,2840016014,2024-04-28,13,False,2024-W17
STR_E01,2840016014,2024-04-29,16,False,2024-W18
STR_E01,2840016014,2024-04-30,13,False,2024-W18
STR_E01,2840016014,2024-05-01,12,False,2024-W18
STR_E01,2840016014,2024-05-02,10,False,2024-W18
STR_E01,2840016014,2024-05-03,11,False,2024-W18
STR_E01,2840016014,2024-05-04,11,False,2024-W18
STR_E01,2840016014,2024-05-05,11,False,2024-W18
STR_E01,2840016014,2024-05-06,11,False,2024-W19
STR_E01,2840016014,2024-05-07,12,False,2024-W19
STR_E01,2840016014,2024-05-08,15,False,2024-W19
STR_E01,2840016014,2024-05-09,13,False,2024-W19
STR_E01,2840016014,2024-05-10,13,False,2024-W19
STR_E01,2840016014,2024-05-11,14,False,2024-W19
STR_E01,2840016014,2024-05-12,13,False,2024-W19
STR_E01,2840016014,2024-05-13,14,False,2024-W20
STR_E01,2840016014,2024-05-14,14,False,2024-W20
STR_E01,2840016014,2024-05-15,14,False,2024-W20
STR_E01,2840016014,2024-05-16,11,False,2024-W20
STR_E01,2840016014,2024-05-17,12,False,2024-W20
STR_E01,2840016014,2024-05-18,15,False,2024-W20
STR_E01,2840016014,2024-05-19,15,False,2024-W20
STR_E01,2840016014,2024-05-20,12,False,2024-W21
STR_E01,2840016014,2024-05-21,12,False,2024-W21
STR_E01,2840016014,2024-05-22,13,False,2024-W21
STR_E01,2840016014,2024-05-23,18,False,2024-W21
STR_E01,2840016014,2024-05-24,16,False,2024-W21
STR_E01,2840016014,2024-05-25,14,False,2024-W21
STR_E01,2840016014,2024-05-26,12,False,2024-W21
STR_E01,2840016014,2024-05-27,22,True,2024-W22
STR_E01,2840016014,2024-05-28,24,True,2024-W22
STR_E01,2840016014,2024-05-29,29,True,2024-W22
STR_E01,2840016014,2024-05-30,33,True,2024-W22
STR_E01,2840016014,2024-05-31,33,True,2024-W22
STR_E01,2840016014,2024-06-01,38,True,2024-W22
STR_E01,2840016014,2024-06-02,24,True,2024-W22
STR_E01,2840016014,2024-06-03,21,True,2024-W23
STR_E01,2840016014,2024-06-04,20,True,2024-W23
STR_E01,2840016014,2024-06-05,20,True,2024-W23
STR_E01,2840016014,2024-06-06,11,False,2024-W23
STR_E01,2840016014,2024-06-07,14,False,2024-W23
STR_E01,2840016014,2024-06-08,15,False,2024-W23
STR_E01,2840016014,2024-06-09,14,False,2024-W23
STR_E01,2840016014,2024-06-10,11,False,2024-W24
STR_E01,2840016014,2024-06-11,14,False,2024-W24
STR_E01,2840016014,2024-06-12,14,False,2024-W24
STR_E01,2840016014,2024-06-13,12,False,2024-W24
STR_E01,2840016014,2024-06-14,13,False,2024-W24
STR_E01,2840016014,2024-06-15,10,False,2024-W24
STR_E01,2840016014,2024-06-16,12,False,2024-W24
STR_E01,2840016014,2024-06-17,16,False,2024-W25
STR_E01,2840016014,2024-06-18,10,False,2024-W25
STR_E01,2840016014,2024-06-19,12,False,2024-W25
STR_E01,2840016014,2024-06-20,11,False,2024-W25
STR_E01,2840016014,2024-06-21,11,False,2024-W25
STR_E01,2840016014,2024-06-22,12,False,2024-W25
STR_E01,2840016014,2024-06-23,14,False,2024-W25
STR_E01,2840016014,2024-06-24,13,False,2024-W26
STR_E01,2840016014,2024-06-25,12,False,2024-W26
STR_E01,2840016014,2024-06-26,13,False,2024-W26
STR_E01,2840016014,2024-06-27,13,False,2024-W26
STR_E01,2840016014,2024-06-28,11,False,2024-W26
STR_E01,2840016014,2024-06-29,15,False,2024-W26
STR_E01,2840016014,2024-06-30,13,False,2024-W26
STR_E01,2840016014,2024-07-01,34,True,2024-W27
STR_E01,2840016014,2024-07-02,27,True,2024-W27
STR_E01,2840016014,2024-07-03,29,True,2024-W27
STR_E01,2840016014,2024-07-04,33,True,2024-W27
STR_E01,2840016014,2024-07-05,23,True,2024-W27
STR_E01,2840016014,2024-07-06,31,True,2024-W27
STR_E01,2840016014,2024-07-07,35,True,2024-W27
STR_E01,2840016014,2024-07-08,33,True,2024-W28
STR_E01,2840016014,2024-07-09,16,True,2024-W28
STR_E01,2840016014,2024-07-10,16,True,2024-W28
STR_E01,2840016014,2024-07-11,10,False,2024-W28
STR_E01,2840016014,2024-07-12,11,False,2024-W28
STR_E01,2840016014,2024-07-13,10,False,2024-W28
STR_E01,2840016014,2024-07-14,13,False,2024-W28
STR_E01,2840016014,2024-07-15,15,False,2024-W29
STR_E01,2840016014,2024-07-16,14,False,2024-W29
STR_E01,2840016014,2024-07-17,12,False,2024-W29
STR_E01,2840016014,2024-07-18,10,False,2024-W29
STR_E01,2840016014,2024-07-19,15,False,2024-W29
STR_E01,2840016014,2024-07-20,13,False,2024-W29
STR_E01,2840016014,2024-07-21,14,False,2024-W29
STR_E01,2840016014,2024-07-22,14,False,2024-W30
STR_E01,2840016014,2024-07-23,9,False,2024-W30
STR_E01,2840016014,2024-07-24,12,False,2024-W30
STR_E01,2840016014,2024-07-25,13,False,2024-W30
STR_E01,2840016014,2024-07-26,13,False,2024-W30
STR_E01,2840016014,2024-07-27,12,False,2024-W30
STR_E01,2840016014,2024-07-28,14,False,2024-W30
STR_E01,2840016014,2024-07-29,12,False,2024-W31
STR_E01,2840016014,2024-07-30,14,False,2024-W31
STR_E01,2840016014,2024-07-31,12,False,2024-W31
STR_E01,2840016014,2024-08-01,11,False,2024-W31
STR_E01,2840016014,2024-08-02,11,False,2024-W31
STR_E01,2840016014,2024-08-03,13,False,2024-W31
STR_E01,2840016014,2024-08-04,14,False,2024-W31
STR_E01,2840016014,2024-08-05,12,False,2024-W32
STR_E01,2840016014,2024-08-06,10,False,2024-W32
STR_E01,2840016014,2024-08-07,13,False,2024-W32
STR_E01,2840016014,2024-08-08,14,False,2024-W32
STR_E01,2840016014,2024-08-09,17,False,2024-W32
STR_E01,2840016014,2024-08-10,11,False,2024-W32
STR_E01,2840016014,2024-08-11,17,False,2024-W32
STR_E01,2840016014,2024-08-12,30,True,2024-W33
STR_E01,2840016014,2024-08-13,27,True,2024-W33
STR_E01,2840016014,2024-08-14,28,True,2024-W33
STR_E01,2840016014,2024-08-15,30,True,2024-W33
STR_E01,2840016014,2024-08-16,24,True,2024-W33
STR_E01,2840016014,2024-08-17,25,True,2024-W33
STR_E01,2840016014,2024-08-18,27,True,2024-W33
STR_E01,2840016014,2024-08-19,18,True,2024-W34
STR_E01,2840016014,2024-08-20,25,True,2024-W34
STR_E01,2840016014,2024-08-21,14,True,2024-W34
STR_E01,2840016014,2024-08-22,14,False,2024-W34
STR_E01,2840016014,2024-08-23,15,False,2024-W34
STR_E01,2840016014,2024-08-24,11,False,2024-W34
STR_E01,2840016014,2024-08-25,10,False,2024-W34
STR_E01,2840016014,2024-08-26,10,False,2024-W35
STR_E01,2840016014,2024-08-27,10,False,2024-W35
STR_E01,2840016014,2024-08-28,10,False,2024-W35
STR_E01,2840016014,2024-08-29,14,False,2024-W35
STR_E01,2840016014,2024-08-30,10,False,2024-W35
STR_E01,2840016014,2024-08-31,12,False,2024-W35
STR_E01,2840016014,2024-09-01,12,False,2024-W35
STR_E01,2840016014,2024-09-02,36,True,2024-W36
STR_E01,2840016014,2024-09-03,32,True,2024-W36
STR_E01,2840016014,2024-09-04,28,True,2024-W36
STR_E01,2840016014,2024-09-05,26,True,2024-W36
STR_E01,2840016014,2024-09-06,25,True,2024-W36
STR_E01,2840016014,2024-09-07,31,True,2024-W36
STR_E01,2840016014,2024-09-08,20,True,2024-W36
STR_E01,2840016014,2024-09-09,22,True,2024-W37
STR_E01,2840016014,2024-09-10,19,True,2024-W37
STR_E01,2840016014,2024-09-11,12,True,2024-W37
STR_E01,2840016014,2024-09-12,13,False,2024-W37
STR_E01,2840016014,2024-09-13,9,False,2024-W37
STR_E01,2840016014,2024-09-14,14,False,2024-W37
STR_E01,2840016014,2024-09-15,11,False,2024-W37
STR_E01,2840016014,2024-09-16,12,False,2024-W38
STR_E01,2840016014,2024-09-17,11,False,2024-W38
STR_E01,2840016014,2024-09-18,13,False,2024-W38
STR_E01,2840016014,2024-09-19,13,False,2024-W38
STR_E01,2840016014,2024-09-20,8,False,2024-W38
STR_E01,2840016014,2024-09-21,10,False,2024-W38
STR_E01,2840016014,2024-09-22,9,False,2024-W38
STR_E01,2840016014,2024-09-23,11,False,2024-W39
STR_E01,2840016014,2024-09-24,12,False,2024-W39
STR_E01,2840016014,2024-09-25,11,False,2024-W39
STR_E01,2840016014,2024-09-26,10,False,2024-W39
STR_E01,2840016014,2024-09-27,10,False,2024-W39
STR_E01,2840016014,2024-09-28,12,False,2024-W39
STR_E01,2840016014,2024-09-29,12,False,2024-W39
STR_E01,2840016014,2024-09-30,18,False,2024-W40
STR_E01,2840016014,2024-10-01,13,False,2024-W40
STR_E01,2840016014,2024-10-02,14,False,2024-W40
STR_E01,2840016014,2024-10-03,14,False,2024-W40
STR_E01,2840016014,2024-10-04,11,False,2024-W40
STR_E01,2840016014,2024-10-05,13,False,2024-W40
STR_E01,2840016014,2024-10-06,13,False,2024-W40
STR_E01,2840016014,2024-10-07,10,False,2024-W41
STR_E01,2840016014,2024-10-08,14,False,2024-W41
STR_E01,2840016014,2024-10-09,11,False,2024-W41
STR_E01,2840016014,2024-10-10,16,False,2024-W41
STR_E01,2840016014,2024-10-11,14,False,2024-W41
STR_E01,2840016014,2024-10-12,11,False,2024-W41
STR_E01,2840016014,2024-10-13,12,False,2024-W41
STR_E01,2840016014,2024-10-14,13,False,2024-W42
STR_E01,2840016014,2024-10-15,14,False,2024-W42
STR_E01,2840016014,2024-10-16,12,False,2024-W42
STR_E01,2840016014,2024-10-17,11,False,2024-W42
STR_E01,2840016014,2024-10-18,14,False,2024-W42
STR_E01,2840016014,2024-10-19,12,False,2024-W42
STR_E01,2840016014,2024-10-20,12,False,2024-W42
STR_E01,2840016014,2024-10-21,15,False,2024-W43
STR_E01,2840016014,2024-10-22,13,False,2024-W43
STR_E01,2840016014,2024-10-23,12,False,2024-W43
STR_E01,2840016014,2024-10-24,16,False,2024-W43
STR_E01,2840016014,2024-10-25,17,False,2024-W43
STR_E01,2840016014,2024-10-26,15,False,2024-W43
STR_E01,2840016014,2024-10-27,15,False,2024-W43
STR_E01,2840016014,2024-10-28,11,False,2024-W44
STR_E01,2840016014,2024-10-29,13,False,2024-W44
STR_E01,2840016014,2024-10-30,16,False,2024-W44
STR_E01,2840016014,2024-10-31,14,False,2024-W44
STR_E01,2840016014,2024-11-01,12,False,2024-W44
STR_E01,2840016014,2024-11-02,17,False,2024-W44
STR_E01,2840016014,2024-11-03,13,False,2024-W44
STR_E01,2840016014,2024-11-04,14,False,2024-W45
STR_E01,2840016014,2024-11-05,15,False,2024-W45
STR_E01,2840016014,2024-11-06,14,False,2024-W45
STR_E01,2840016014,2024-11-07,12,False,2024-W45
STR_E01,2840016014,2024-11-08,20,False,2024-W45
STR_E01,2840016014,2024-11-09,12,False,2024-W45
STR_E01,2840016014,2024-11-10,15,False,2024-W45
STR_E01,2840016014,2024-11-11,14,False,2024-W46
STR_E01,2840016014,2024-11-12,13,False,2024-W46
STR_E01,2840016014,2024-11-13,17,False,2024-W46
STR_E01,2840016014,2024-11-14,16,False,2024-W46
STR_E01,2840016014,2024-11-15,18,False,2024-W46
STR_E01,2840016014,2024-11-16,14,False,2024-W46
STR_E01,2840016014,2024-11-17,12,False,2024-W46
STR_E01,2840016014,2024-11-18,11,False,2024-W47
STR_E01,2840016014,2024-11-19,13,False,2024-W47
STR_E01,2840016014,2024-11-20,12,False,2024-W47
STR_E01,2840016014,2024-11-21,17,False,2024-W47
STR_E01,2840016014,2024-11-22,14,False,2024-W47
STR_E01,2840016014,2024-11-23,13,False,2024-W47
STR_E01,2840016014,2024-11-24,16,False,2024-W47
STR_E01,2840016014,2024-11-25,34,True,2024-W48
STR_E01,2840016014,2024-11-26,32,True,2024-W48
STR_E01,2840016014,2024-11-27,32,True,2024-W48
STR_E01,2840016014,2024-11-28,28,True,2024-W48
STR_E01,2840016014,2024-11-29,32,True,2024-W48
STR_E01,2840016014,2024-11-30,39,True,2024-W48
STR_E01,2840016014,2024-12-01,28,True,2024-W48
STR_E01,2840016014,2024-12-02,28,True,2024-W49
STR_E01,2840016014,2024-12-03,24,True,2024-W49
STR_E01,2840016014,2024-12-04,24,True,2024-W49
STR_E01,2840016014,2024-12-05,17,False,2024-W49
STR_E01,2840016014,2024-12-06,20,False,2024-W49
STR_E01,2840016014,2024-12-07,14,False,2024-W49
STR_E01,2840016014,2024-12-08,20,False,2024-W49
STR_E01,2840016014,2024-12-09,19,False,2024-W50
STR_E01,2840016014,2024-12-10,22,False,2024-W50
STR_E01,2840016014,2024-12-11,16,False,2024-W50
STR_E01,2840016014,2024-12-12,17,False,2024-W50
STR_E01,2840016014,2024-12-13,17,False,2024-W50
STR_E01,2840016014,2024-12-14,18,False,2024-W50
STR_E01,2840016014,2024-12-15,18,False,2024-W50
STR_E01,2840016014,2024-12-16,16,False,2024-W51
STR_E01,2840016014,2024-12-17,15,False,2024-W51
STR_E01,2840016014,2024-12-18,15,False,2024-W51
STR_E01,2840016014,2024-12-19,20,False,2024-W51
STR_E01,2840016014,2024-12-20,17,False,2024-W51
STR_E01,2840016014,2024-12-21,20,False,2024-W51
STR_E01,2840016014,2024-12-22,17,False,2024-W51
STR_E01,2840016014,2024-12-23,35,True,2024-W52
STR_E01,2840016014,2024-12-24,35,True,2024-W52
STR_E01,2840016014,2024-12-25,37,True,2024-W52
STR_E01,2840016014,2024-12-26,30,True,2024-W52
STR_E01,2840016014,2024-12-27,38,True,2024-W52
STR_E01,2840016014,2024-12-28,51,True,2024-W52
STR_E01,2840016014,2024-12-29,31,True,2024-W52
STR_E01,2840016014,2024-12-30,23,True,2025-W01
STR_E01,2840016014,2024-12-31,17,True,2025-W01
STR_E01,4900005010,2024-01-01,15,False,2024-W01
STR_E01,4900005010,2024-01-02,12,False,2024-W01
STR_E01,4900005010,2024-01-03,12,False,2024-W01
STR_E01,4900005010,2024-01-04,13,False,2024-W01
STR_E01,4900005010,2024-01-05,12,False,2024-W01
STR_E01,4900005010,2024-01-06,16,False,2024-W01
STR_E01,4900005010,2024-01-07,13,False,2024-W01
STR_E01,4900005010,2024-01-08,9,False,2024-W02
STR_E01,4900005010,2024-01-09,10,False,2024-W02
STR_E01,4900005010,2024-01-10,15,False,2024-W02
STR_E01,4900005010,2024-01-11,14,False,2024-W02
STR_E01,4900005010,2024-01-12,13,False,2024-W02
STR_E01,4900005010,2024-01-13,14,False,2024-W02
STR_E01,4900005010,2024-01-14,20,False,2024-W02
STR_E01,4900005010,2024-01-15,12,False,2024-W03
STR_E01,4900005010,2024-01-16,15,False,2024-W03
STR_E01,4900005010,2024-01-17,18,False,2024-W03
STR_E01,4900005010,2024-01-18,14,False,2024-W03
STR_E01,4900005010,2024-01-19,18,False,2024-W03
STR_E01,4900005010,2024-01-20,13,False,2024-W03
STR_E01,4900005010,2024-01-21,13,False,2024-W03
STR_E01,4900005010,2024-01-22,17,False,2024-W04
STR_E01,4900005010,2024-01-23,13,False,2024-W04
STR_E01,4900005010,2024-01-24,14,False,2024-W04
STR_E01,4900005010,2024-01-25,13,False,2024-W04
STR_E01,4900005010,2024-01-26,16,False,2024-W04
STR_E01,4900005010,2024-01-27,14,False,2024-W04
STR_E01,4900005010,2024-01-28,36,True,2024-W04
STR_E01,4900005010,2024-01-29,45,True,2024-W05
STR_E01,4900005010,2024-01-30,42,True,2024-W05
STR_E01,4900005010,2024-01-31,40,True,2024-W05
STR_E01,4900005010,2024-02-01,52,True,2024-W05
STR_E01,4900005010,2024-02-02,49,True,2024-W05
STR_E01,4900005010,2024-02-03,45,True,2024-W05
STR_E01,4900005010,2024-02-04,38,True,2024-W05
STR_E01,4900005010,2024-02-05,26,True,2024-W06
STR_E01,4900005010,2024-02-06,37,True,2024-W06
STR_E01,4900005010,2024-02-07,21,True,2024-W06
STR_E01,4900005010,2024-02-08,11,False,2024-W06
STR_E01,4900005010,2024-02-09,16,False,2024-W06
STR_E01,4900005010,2024-02-10,12,False,2024-W06
STR_E01,4900005010,2024-02-11,13,False,2024-W06
STR_E01,4900005010,2024-02-12,12,False,2024-W07
STR_E01,4900005010,2024-02-13,12,False,2024-W07
STR_E01,4900005010,2024-02-14,12,False,2024-W07
STR_E01,4900005010,2024-02-15,13,False,2024-W07
STR_E01,4900005010,2024-02-16,15,False,2024-W07
STR_E01,4900005010,2024-02-17,18,False,2024-W07
STR_E01,4900005010,2024-02-18,12,False,2024-W07
STR_E01,4900005010,2024-02-19,16,False,2024-W08
STR_E01,4900005010,2024-02-20,9,False,2024-W08
STR_E01,4900005010,2024-02-21,16,False,2024-W08
STR_E01,4900005010,2024-02-22,13,False,2024-W08
STR_E01,4900005010,2024-02-23,13,False,2024-W08
STR_E01,4900005010,2024-02-24,15,False,2024-W08
STR_E01,4900005010,2024-02-25,16,False,2024-W08
STR_E01,4900005010,2024-02-26,14,False,2024-W09
STR_E01,4900005010,2024-02-27,17,False,2024-W09
STR_E01,4900005010,2024-02-28,18,False,2024-W09
STR_E01,4900005010,2024-02-29,12,False,2024-W09
STR_E01,4900005010,2024-03-01,15,False,2024-W09
STR_E01,4900005010,2024-03-02,14,False,2024-W09
STR_E01,4900005010,2024-03-03,17,False,2024-W09
STR_E01,4900005010,2024-03-04,17,False,2024-W10
STR_E01,4900005010,2024-03-05,19,False,2024-W10
STR_E01,4900005010,2024-03-06,11,False,2024-W10
STR_E01,4900005010,2024-03-07,12,False,2024-W10
STR_E01,4900005010,2024-03-08,14,False,2024-W10
STR_E01,4900005010,2024-03-09,13,False,2024-W10
STR_E01,4900005010,2024-03-10,16,False,2024-W10
STR_E01,4900005010,2024-03-11,16,False,2024-W11
STR_E01,4900005010,2024-03-12,14,False,2024-W11
STR_E01,4900005010,2024-03-13,16,False,2024-W11
STR_E01,4900005010,2024-03-14,13,False,2024-W11
STR_E01,4900005010,2024-03-15,14,False,2024-W11
STR_E01,4900005010,2024-03-16,13,False,2024-W11
STR_E01,4900005010,2024-03-17,21,False,2024-W11
STR_E01,4900005010,2024-03-18,12,False,2024-W12
STR_E01,4900005010,2024-03-19,17,False,2024-W12
STR_E01,4900005010,2024-03-20,16,False,2024-W12
STR_E01,4900005010,2024-03-21,16,False,2024-W12
STR_E01,4900005010,2024-03-22,18,False,2024-W12
STR_E01,4900005010,2024-03-23,14,False,2024-W12
STR_E01,4900005010,2024-03-24,16,False,2024-W12
STR_E01,4900005010,2024-03-25,46,True,2024-W13
STR_E01,4900005010,2024-03-26,39,True,2024-W13
STR_E01,4900005010,2024-03-27,49,True,2024-W13
STR_E01,4900005010,2024-03-28,57,True,2024-W13
STR_E01,4900005010,2024-03-29,54,True,2024-W13
STR_E01,4900005010,2024-03-30,54,True,2024-W13
STR_E01,4900005010,2024-03-31,44,True,2024-W13
STR_E01,4900005010,2024-04-01,44,True,2024-W14
STR_E01,4900005010,2024-04-02,31,True,2024-W14
STR_E01,4900005010,2024-04-03,35,True,2024-W14
STR_E01,4900005010,2024-04-04,22,True,2024-W14
STR_E01,4900005010,2024-04-05,17,False,2024-W14
STR_E01,4900005010,2024-04-06,14,False,2024-W14
STR_E01,4900005010,2024-04-07,14,False,2024-W14
STR_E01,4900005010,2024-04-08,21,False,2024-W15
STR_E01,4900005010,2024-04-09,16,False,2024-W15
STR_E01,4900005010,2024-04-10,14,False,2024-W15
STR_E01,4900005010,2024-04-11,14,False,2024-W15
STR_E01,4900005010,2024-04-12,17,False,2024-W15
STR_E01,4900005010,2024-04-13,18,False,2024-W15
STR_E01,4900005010,2024-04-14,18,False,2024-W15
STR_E01,4900005010,2024-04-15,18,False,2024-W16
STR_E01,4900005010,2024-04-16,18,False,2024-W16
STR_E01,4900005010,2024-04-17,14,False,2024-W16
STR_E01,4900005010,2024-04-18,13,False,2024-W16
STR_E01,4900005010,2024-04-19,13,False,2024-W16
STR_E01,4900005010,2024-04-20,15,False,2024-W16
STR_E01,4900005010,2024-04-21,15,False,2024-W16
STR_E01,4900005010,2024-04-22,24,False,2024-W17
STR_E01,4900005010,2024-04-23,14,False,2024-W17
STR_E01,4900005010,2024-04-24,16,False,2024-W17
STR_E01,4900005010,2024-04-25,23,False,2024-W17
STR_E01,4900005010,2024-04-26,14,False,2024-W17
STR_E01,4900005010,2024-04-27,17,False,2024-W17
STR_E01,4900005010,2024-04-28,18,False,2024-W17
STR_E01,4900005010,2024-04-29,15,False,2024-W18
STR_E01,4900005010,2024-04-30,17,False,2024-W18
STR_E01,4900005010,2024-05-01,18,False,2024-W18
STR_E01,4900005010,2024-05-02,18,False,2024-W18
STR_E01,4900005010,2024-05-03,15,False,2024-W18
STR_E01,4900005010,2024-05-04,19,False,2024-W18
STR_E01,4900005010,2024-05-05,14,False,2024-W18
STR_E01,4900005010,2024-05-06,17,False,2024-W19
STR_E01,4900005010,2024-05-07,20,False,2024-W19
STR_E01,4900005010,2024-05-08,20,False,2024-W19
STR_E01,4900005010,2024-05-09,19,False,2024-W19
STR_E01,4900005010,2024-05-10,18,False,2024-W19
STR_E01,4900005010,2024-05-11,15,False,2024-W19
STR_E01,4900005010,2024-05-12,15,False,2024-W19
STR_E01,4900005010,2024-05-13,20,False,2024-W20
STR_E01,4900005010,2024-05-14,18,False,2024-W20
STR_E01,4900005010,2024-05-15,16,False,2024-W20
STR_E01,4900005010,2024-05-16,22,False,2024-W20
STR_E01,4900005010,2024-05-17,15,False,2024-W20
STR_E01,4900005010,2024-05-18,18,False,2024-W20
STR_E01,4900005010,2024-05-19,17,False,2024-W20
STR_E01,4900005010,2024-05-20,17,False,2024-W21
STR_E01,4900005010,2024-05-21,16,False,2024-W21
STR_E01,4900005010,2024-05-22,19,False,2024-W21
STR_E01,4900005010,2024-05-23,18,False,2024-W21
STR_E01,4900005010,2024-05-24,15,False,2024-W21
STR_E01,4900005010,2024-05-25,17,False,2024-W21
STR_E01,4900005010,2024-05-26,16,False,2024-W21
STR_E01,4900005010,2024-05-27,50,True,2024-W22
STR_E01,4900005010,2024-05-28,45,True,2024-W22
STR_E01,4900005010,2024-05-29,55,True,2024-W22
STR_E01,4900005010,2024-05-30,47,True,2024-W22
STR_E01,4900005010,2024-05-31,52,True,2024-W22
STR_E01,4900005010,2024-06-01,58,True,2024-W22
STR_E01,4900005010,2024-06-02,54,True,2024-W22
STR_E01,4900005010,2024-06-03,43,True,2024-W23
STR_E01,4900005010,2024-06-04,31,True,2024-W23
STR_E01,4900005010,2024-06-05,27,True,2024-W23
STR_E01,4900005010,2024-06-06,22,True,2024-W23
STR_E01,4900005010,2024-06-07,14,False,2024-W23
STR_E01,4900005010,2024-06-08,15,False,2024-W23
STR_E01,4900005010,2024-06-09,15,False,2024-W23
STR_E01,4900005010,2024-06-10,19,False,2024-W24
STR_E01,4900005010,2024-06-11,16,False,2024-W24
STR_E01,4900005010,2024-06-12,14,False,2024-W24
STR_E01,4900005010,2024-06-13,17,False,2024-W24
STR_E01,4900005010,2024-06-14,16,False,2024-W24
STR_E01,4900005010,2024-06-15,15,False,2024-W24
STR_E01,4900005010,2024-06-16,21,False,2024-W24
STR_E01,4900005010,2024-06-17,18,False,2024-W25
STR_E01,4900005010,2024-06-18,18,False,2024-W25
STR_E01,4900005010,2024-06-19,20,False,2024-W25
STR_E01,4900005010,2024-06-20,16,False,2024-W25
STR_E01,4900005010,2024-06-21,18,False,2024-W25
STR_E01,4900005010,2024-06-22,17,False,2024-W25
STR_E01,4900005010,2024-06-23,14,False,2024-W25
STR_E01,4900005010,2024-06-24,15,False,2024-W26
STR_E01,4900005010,2024-06-25,20,False,2024-W26
STR_E01,4900005010,2024-06-26,16,False,2024-W26
STR_E01,4900005010,2024-06-27,18,False,2024-W26
STR_E01,4900005010,2024-06-28,21,False,2024-W26
STR_E01,4900005010,2024-06-29,21,False,2024-W26
STR_E01,4900005010,2024-06-30,13,False,2024-W26
STR_E01,4900005010,2024-07-01,46,True,2024-W27
STR_E01,4900005010,2024-07-02,39,True,2024-W27
STR_E01,4900005010,2024-07-03,53,True,2024-W27
STR_E01,4900005010,2024-07-04,54,True,2024-W27
STR_E01,4900005010,2024-07-05,39,True,2024-W27
STR_E01,4900005010,2024-07-06,52,True,2024-W27
STR_E01,4900005010,2024-07-07,45,True,2024-W27
STR_E01,4900005010,2024-07-08,46,True,2024-W28
STR_E01,4900005010,2024-07-09,36,True,2024-W28
STR_E01,4900005010,2024-07-10,34,True,2024-W28
STR_E01,4900005010,2024-07-11,25,True,2024-W28
STR_E01,4900005010,2024-07-12,20,False,2024-W28
STR_E01,4900005010,2024-07-13,16,False,2024-W28
STR_E01,4900005010,2024-07-14,16,False,2024-W28
STR_E01,4900005010,2024-07-15,17,False,2024-W29
STR_E01,4900005010,2024-07-16,18,False,2024-W29
STR_E01,4900005010,2024-07-17,18,False,2024-W29
STR_E01,4900005010,2024-07-18,22,False,2024-W29
STR_E01,4900005010,2024-07-19,20,False,2024-W29
STR_E01,4900005010,2024-07-20,17,False,2024-W29
STR_E01,4900005010,2024-07-21,18,False,2024-W29
STR_E01,4900005010,2024-07-22,16,False,2024-W30
STR_E01,4900005010,2024-07-23,12,False,2024-W30
STR_E01,4900005010,2024-07-24,15,False,2024-W30
STR_E01,4900005010,2024-07-25,15,False,2024-W30
STR_E01,4900005010,2024-07-26,20,False,2024-W30
STR_E01,4900005010,2024-07-27,17,False,2024-W30
STR_E01,4900005010,2024-07-28,21,False,2024-W30
STR_E01,4900005010,2024-07-29,19,False,2024-W31
STR_E01,4900005010,2024-07-30,16,False,2024-W31
STR_E01,4900005010,2024-07-31,16,False,2024-W31
STR_E01,4900005010,2024-08-01,14,False,2024-W31
STR_E01,4900005010,2024-08-02,18,False,2024-W31
STR_E01,4900005010,2024-08-03,22,False,2024-W31
STR_E01,4900005010,2024-08-04,16,False,2024-W31
STR_E01,4900005010,2024-08-05,13,False,2024-W32
STR_E01,4900005010,2024-08-06,19,False,2024-W32
STR_E01,4900005010,2024-08-07,17,False,2024-W32
STR_E01,4900005010,2024-08-08,14,False,2024-W32
STR_E01,4900005010,2024-08-09,19,False,2024-W32
STR_E01,4900005010,2024-08-10,17,False,2024-W32
STR_E01,4900005010,2024-08-11,17,False,2024-W32
STR_E01,4900005010,2024-08-12,40,True,2024-W33
STR_E01,4900005010,2024-08-13,51,True,2024-W33
STR_E01,4900005010,2024-08-14,48,True,2024-W33
STR_E01,4900005010,2024-08-15,60,True,2024-W33
STR_E01,4900005010,2024-08-16,48,True,2024-W33
STR_E01,4900005010,2024-08-17,53,True,2024-W33
STR_E01,4900005010,2024-08-18,48,True,2024-W33
STR_E01,4900005010,2024-08-19,52,True,2024-W34
STR_E01,4900005010,2024-08-20,46,True,2024-W34
STR_E01,4900005010,2024-08-21,31,True,2024-W34
STR_E01,4900005010,2024-08-22,23,True,2024-W34
STR_E01,4900005010,2024-08-23,15,False,2024-W34
STR_E01,4900005010,2024-08-24,22,False,2024-W34
STR_E01,4900005010,2024-08-25,23,False,2024-W34
STR_E01,4900005010,2024-08-26,19,False,2024-W35
STR_E01,4900005010,2024-08-27,19,False,2024-W35
STR_E01,4900005010,2024-08-28,15,False,2024-W35
STR_E01,4900005010,2024-08-29,14,False,2024-W35
STR_E01,4900005010,2024-08-30,16,False,2024-W35
STR_E01,4900005010,2024-08-31,21,False,2024-W35
STR_E01,4900005010,2024-09-01,16,False,2024-W35
STR_E01,4900005010,2024-09-02,50,True,2024-W36
STR_E01,4900005010,2024-09-03,48,True,2024-W36
STR_E01,4900005010,2024-09-04,40,True,2024-W36
STR_E01,4900005010,2024-09-05,59,True,2024-W36
STR_E01,4900005010,2024-09-06,49,True,2024-W36
STR_E01,4900005010,2024-09-07,52,True,2024-W36
STR_E01,4900005010,2024-09-08,44,True,2024-W36
STR_E01,4900005010,2024-09-09,47,True,2024-W37
STR_E01,4900005010,2024-09-10,31,True,2024-W37
STR_E01,4900005010,2024-09-11,30,True,2024-W37
STR_E01,4900005010,2024-09-12,24,True,2024-W37
STR_E01,4900005010,2024-09-13,17,False,2024-W37
STR_E01,4900005010,2024-09-14,15,False,2024-W37
STR_E01,4900005010,2024-09-15,14,False,2024-W37
STR_E01,4900005010,2024-09-16,14,False,2024-W38
STR_E01,4900005010,2024-09-17,16,False,2024-W38
STR_E01,4900005010,2024-09-18,13,False,2024-W38
STR_E01,4900005010,2024-09-19,13,False,2024-W38
STR_E01,4900005010,2024-09-20,17,False,2024-W38
STR_E01,4900005010,2024-09-21,13,False,2024-W38
STR_E01,4900005010,2024-09-22,12,False,2024-W38
STR_E01,4900005010,2024-09-23,11,False,2024-W39
STR_E01,4900005010,2024-09-24,16,False,2024-W39
STR_E01,4900005010,2024-09-25,17,False,2024-W39
STR_E01,4900005010,2024-09-26,14,False,2024-W39
STR_E01,4900005010,2024-09-27,13,False,2024-W39
STR_E01,4900005010,2024-09-28,13,False,2024-W39
STR_E01,4900005010,2024-09-29,15,False,2024-W39
STR_E01,4900005010,2024-09-30,17,False,2024-W40
STR_E01,4900005010,2024-10-01,17,False,2024-W40
STR_E01,4900005010,2024-10-02,14,False,2024-W40
STR_E01,4900005010,2024-10-03,16,False,2024-W40
STR_E01,4900005010,2024-10-04,21,False,2024-W40
STR_E01,4900005010,2024-10-05,17,False,2024-W40
STR_E01,4900005010,2024-10-06,16,False,2024-W40
STR_E01,4900005010,2024-10-07,13,False,2024-W41
STR_E01,4900005010,2024-10-08,15,False,2024-W41
STR_E01,4900005010,2024-10-09,18,False,2024-W41
STR_E01,4900005010,2024-10-10,18,False,2024-W41
STR_E01,4900005010,2024-10-11,17,False,2024-W41
STR_E01,4900005010,2024-10-12,15,False,2024-W41
STR_E01,4900005010,2024-10-13,21,False,2024-W41
STR_E01,4900005010,2024-10-14,17,False,2024-W42
STR_E01,4900005010,2024-10-15,13,False,2024-W42
STR_E01,4900005010,2024-10-16,18,False,2024-W42
STR_E01,4900005010,2024-10-17,16,False,2024-W42
STR_E01,4900005010,2024-10-18,17,False,2024-W42
STR_E01,4900005010,2024-10-19,19,False,2024-W42
STR_E01,4900005010,2024-10-20,18,False,2024-W42
STR_E01,4900005010,2024-10-21,17,False,2024-W43
STR_E01,4900005010,2024-10-22,16,False,2024-W43
STR_E01,4900005010,2024-10-23,19,False,2024-W43
STR_E01,4900005010,2024-10-24,15,False,2024-W43
STR_E01,4900005010,2024-10-25,15,False,2024-W43
STR_E01,4900005010,2024-10-26,19,False,2024-W43
STR_E01,4900005010,2024-10-27,17,False,2024-W43
STR_E01,4900005010,2024-10-28,23,False,2024-W44
STR_E01,4900005010,2024-10-29,16,False,2024-W44
STR_E01,4900005010,2024-10-30,17,False,2024-W44
STR_E01,4900005010,2024-10-31,18,False,2024-W44
STR_E01,4900005010,2024-11-01,18,False,2024-W44
STR_E01,4900005010,2024-11-02,19,False,2024-W44
STR_E01,4900005010,2024-11-03,15,False,2024-W44
STR_E01,4900005010,2024-11-04,17,False,2024-W45
STR_E01,4900005010,2024-11-05,17,False,2024-W45
STR_E01,4900005010,2024-11-06,22,False,2024-W45
STR_E01,4900005010,2024-11-07,18,False,2024-W45
STR_E01,4900005010,2024-11-08,17,False,2024-W45
STR_E01,4900005010,2024-11-09,20,False,2024-W45
STR_E01,4900005010,2024-11-10,18,False,2024-W45
STR_E01,4900005010,2024-11-11,23,False,2024-W46
STR_E01,4900005010,2024-11-12,17,False,2024-W46
STR_E01,4900005010,2024-11-13,18,False,2024-W46
STR_E01,4900005010,2024-11-14,22,False,2024-W46
STR_E01,4900005010,2024-11-15,22,False,2024-W46
STR_E01,4900005010,2024-11-16,17,False,2024-W46
STR_E01,4900005010,2024-11-17,17,False,2024-W46
STR_E01,4900005010,2024-11-18,22,False,2024-W47
STR_E01,4900005010,2024-11-19,17,False,2024-W47
STR_E01,4900005010,2024-11-20,19,False,2024-W47
STR_E01,4900005010,2024-11-21,15,False,2024-W47
STR_E01,4900005010,2024-11-22,24,False,2024-W47
STR_E01,4900005010,2024-11-23,21,False,2024-W47
STR_E01,4900005010,2024-11-24,23,False,2024-W47
STR_E01,4900005010,2024-11-25,57,True,2024-W48
STR_E01,4900005010,2024-11-26,64,True,2024-W48
STR_E01,4900005010,2024-11-27,59,True,2024-W48
STR_E01,4900005010,2024-11-28,67,True,2024-W48
STR_E01,4900005010,2024-11-29,49,True,2024-W48
STR_E01,4900005010,2024-11-30,63,True,2024-W48
STR_E01,4900005010,2024-12-01,70,True,2024-W48
STR_E01,4900005010,2024-12-02,60,True,2024-W49
STR_E01,4900005010,2024-12-03,47,True,2024-W49
STR_E01,4900005010,2024-12-04,43,True,2024-W49
STR_E01,4900005010,2024-12-05,20,True,2024-W49
STR_E01,4900005010,2024-12-06,17,False,2024-W49
STR_E01,4900005010,2024-12-07,21,False,2024-W49
STR_E01,4900005010,2024-12-08,19,False,2024-W49
STR_E01,4900005010,2024-12-09,20,False,2024-W50
STR_E01,4900005010,2024-12-10,18,False,2024-W50
STR_E01,4900005010,2024-12-11,20,False,2024-W50
STR_E01,4900005010,2024-12-12,21,False,2024-W50
STR_E01,4900005010,2024-12-13,18,False,2024-W50
STR_E01,4900005010,2024-12-14,23,False,2024-W50
STR_E01,4900005010,2024-12-15,24,False,2024-W50
STR_E01,4900005010,2024-12-16,26,False,2024-W51
STR_E01,4900005010,2024-12-17,24,False,2024-W51
STR_E01,4900005010,2024-12-18,20,False,2024-W51
STR_E01,4900005010,2024-12-19,20,False,2024-W51
STR_E01,4900005010,2024-12-20,25,False,2024-W51
STR_E01,4900005010,2024-12-21,22,False,2024-W51
STR_E01,4900005010,2024-12-22,19,False,2024-W51
STR_E01,4900005010,2024-12-23,156,True,2024-W52
STR_E01,4900005010,2024-12-24,156,True,2024-W52
STR_E01,4900005010,2024-12-25,199,True,2024-W52
STR_E01,4900005010,2024-12-26,180,True,2024-W52
STR_E01,4900005010,2024-12-27,176,True,2024-W52
STR_E01,4900005010,2024-12-28,180,True,2024-W52
STR_E01,4900005010,2024-12-29,230,True,2024-W52
STR_E01,4900005010,2024-12-30,75,True,2025-W01
STR_E01,4900005010,2024-12-31,82,True,2025-W01
STR_E02,1200080994,2024-01-01,16,False,2024-W01
STR_E02,1200080994,2024-01-02,14,False,2024-W01
STR_E02,1200080994,2024-01-03,16,False,2024-W01
STR_E02,1200080994,2024-01-04,14,False,2024-W01
STR_E02,1200080994,2024-01-05,16,False,2024-W01
STR_E02,1200080994,2024-01-06,13,False,2024-W01
STR_E02,1200080994,2024-01-07,17,False,2024-W01
STR_E02,1200080994,2024-01-08,22,False,2024-W02
STR_E02,1200080994,2024-01-09,17,False,2024-W02
STR_E02,1200080994,2024-01-10,13,False,2024-W02
STR_E02,1200080994,2024-01-11,15,False,2024-W02
STR_E02,1200080994,2024-01-12,21,False,2024-W02
STR_E02,1200080994,2024-01-13,19,False,2024-W02
STR_E02,1200080994,2024-01-14,18,False,2024-W02
STR_E02,1200080994,2024-01-15,17,False,2024-W03
STR_E02,1200080994,2024-01-16,18,False,2024-W03
STR_E02,1200080994,2024-01-17,24,False,2024-W03
STR_E02,1200080994,2024-01-18,15,False,2024-W03
STR_E02,1200080994,2024-01-19,14,False,2024-W03
STR_E02,1200080994,2024-01-20,23,False,2024-W03
STR_E02,1200080994,2024-01-21,18,False,2024-W03
STR_E02,1200080994,2024-01-22,17,False,2024-W04
STR_E02,1200080994,2024-01-23,21,False,2024-W04
STR_E02,1200080994,2024-01-24,22,False,2024-W04
STR_E02,1200080994,2024-01-25,16,False,2024-W04
STR_E02,1200080994,2024-01-26,20,False,2024-W04
STR_E02,1200080994,2024-01-27,16,False,2024-W04
STR_E02,1200080994,2024-01-28,78,True,2024-W04
STR_E02,1200080994,2024-01-29,67,True,2024-W05
STR_E02,1200080994,2024-01-30,78,True,2024-W05
STR_E02,1200080994,2024-01-31,65,True,2024-W05
STR_E02,1200080994,2024-02-01,82,True,2024-W05
STR_E02,1200080994,2024-02-02,75,True,2024-W05
STR_E02,1200080994,2024-02-03,78,True,2024-W05
STR_E02,1200080994,2024-02-04,59,True,2024-W05
STR_E02,1200080994,2024-02-05,61,True,2024-W06
STR_E02,1200080994,2024-02-06,40,True,2024-W06
STR_E02,1200080994,2024-02-07,32,True,2024-W06
STR_E02,1200080994,2024-02-08,21,True,2024-W06
STR_E02,1200080994,2024-02-09,16,False,2024-W06
STR_E02,1200080994,2024-02-10,16,False,2024-W06
STR_E02,1200080994,2024-02-11,21,False,2024-W06
STR_E02,1200080994,2024-02-12,16,False,2024-W07
STR_E02,1200080994,2024-02-13,22,False,2024-W07
STR_E02,1200080994,2024-02-14,17,False,2024-W07
STR_E02,1200080994,2024-02-15,18,False,2024-W07
STR_E02,1200080994,2024-02-16,21,False,2024-W07
STR_E02,1200080994,2024-02-17,19,False,2024-W07
STR_E02,1200080994,2024-02-18,16,False,2024-W07
STR_E02,1200080994,2024-02-19,20,False,2024-W08
STR_E02,1200080994,2024-02-20,16,False,2024-W08
STR_E02,1200080994,2024-02-21,17,False,2024-W08
STR_E02,1200080994,2024-02-22,16,False,2024-W08
STR_E02,1200080994,2024-02-23,19,False,2024-W08
STR_E02,1200080994,2024-02-24,17,False,2024-W08
STR_E02,1200080994,2024-02-25,19,False,2024-W08
STR_E02,1200080994,2024-02-26,17,False,2024-W09
STR_E02,1200080994,2024-02-27,21,False,2024-W09
STR_E02,1200080994,2024-02-28,20,False,2024-W09
STR_E02,1200080994,2024-02-29,25,False,2024-W09
STR_E02,1200080994,2024-03-01,25,False,2024-W09
STR_E02,1200080994,2024-03-02,18,False,2024-W09
STR_E02,1200080994,2024-03-03,22,False,2024-W09
STR_E02,1200080994,2024-03-04,18,False,2024-W10
STR_E02,1200080994,2024-03-05,21,False,2024-W10
STR_E02,1200080994,2024-03-06,20,False,2024-W10
STR_E02,1200080994,2024-03-07,18,False,2024-W10
STR_E02,1200080994,2024-03-08,18,False,2024-W10
STR_E02,1200080994,2024-03-09,16,False,2024-W10
STR_E02,1200080994,2024-03-10,16,False,2024-W10
STR_E02,1200080994,2024-03-11,18,False,2024-W11
STR_E02,1200080994,2024-03-12,20,False,2024-W11
STR_E02,1200080994,2024-03-13,25,False,2024-W11
STR_E02,1200080994,2024-03-14,20,False,2024-W11
STR_E02,1200080994,2024-03-15,20,False,2024-W11
STR_E02,1200080994,2024-03-16,16,False,2024-W11
STR_E02,1200080994,2024-03-17,23,False,2024-W11
STR_E02,1200080994,2024-03-18,15,False,2024-W12
STR_E02,1200080994,2024-03-19,18,False,2024-W12
STR_E02,1200080994,2024-03-20,21,False,2024-W12
STR_E02,1200080994,2024-03-21,19,False,2024-W12
STR_E02,1200080994,2024-03-22,19,False,2024-W12
STR_E02,1200080994,2024-03-23,18,False,2024-W12
STR_E02,1200080994,2024-03-24,24,False,2024-W12
STR_E02,1200080994,2024-03-25,87,True,2024-W13
STR_E02,1200080994,2024-03-26,106,True,2024-W13
STR_E02,1200080994,2024-03-27,83,True,2024-W13
STR_E02,1200080994,2024-03-28,77,True,2024-W13
STR_E02,1200080994,2024-03-29,77,True,2024-W13
STR_E02,1200080994,2024-03-30,72,True,2024-W13
STR_E02,1200080994,2024-03-31,90,True,2024-W13
STR_E02,1200080994,2024-04-01,85,True,2024-W14
STR_E02,1200080994,2024-04-02,62,True,2024-W14
STR_E02,1200080994,2024-04-03,70,True,2024-W14
STR_E02,1200080994,2024-04-04,38,True,2024-W14
STR_E02,1200080994,2024-04-05,19,True,2024-W14
STR_E02,1200080994,2024-04-06,22,False,2024-W14
STR_E02,1200080994,2024-04-07,19,False,2024-W14
STR_E02,1200080994,2024-04-08,21,False,2024-W15
STR_E02,1200080994,2024-04-09,16,False,2024-W15
STR_E02,1200080994,2024-04-10,17,False,2024-W15
STR_E02,1200080994,2024-04-11,18,False,2024-W15
STR_E02,1200080994,2024-04-12,19,False,2024-W15
STR_E02,1200080994,2024-04-13,21,False,2024-W15
STR_E02,1200080994,2024-04-14,20,False,2024-W15
STR_E02,1200080994,2024-04-15,20,False,2024-W16
STR_E02,1200080994,2024-04-16,21,False,2024-W16
STR_E02,1200080994,2024-04-17,17,False,2024-W16
STR_E02,1200080994,2024-04-18,17,False,2024-W16
STR_E02,1200080994,2024-04-19,19,False,2024-W16
STR_E02,1200080994,2024-04-20,18,False,2024-W16
STR_E02,1200080994,2024-04-21,20,False,2024-W16
STR_E02,1200080994,2024-04-22,22,False,2024-W17
STR_E02,1200080994,2024-04-23,22,False,2024-W17
STR_E02,1200080994,2024-04-24,22,False,2024-W17
STR_E02,1200080994,2024-04-25,21,False,2024-W17
STR_E02,1200080994,2024-04-26,22,False,2024-W17
STR_E02,1200080994,2024-04-27,26,False,2024-W17
STR_E02,1200080994,2024-04-28,18,False,2024-W17
STR_E02,1200080994,2024-04-29,18,False,2024-W18
STR_E02,1200080994,2024-04-30,24,False,2024-W18
STR_E02,1200080994,2024-05-01,17,False,2024-W18
STR_E02,1200080994,2024-05-02,21,False,2024-W18
STR_E02,1200080994,2024-05-03,20,False,2024-W18
STR_E02,1200080994,2024-05-04,26,False,2024-W18
STR_E02,1200080994,2024-05-05,22,False,2024-W18
STR_E02,1200080994,2024-05-06,26,False,2024-W19
STR_E02,1200080994,2024-05-07,24,False,2024-W19
STR_E02,1200080994,2024-05-08,20,False,2024-W19
STR_E02,1200080994,2024-05-09,20,False,2024-W19
STR_E02,1200080994,2024-05-10,19,False,2024-W19
STR_E02,1200080994,2024-05-11,24,False,2024-W19
STR_E02,1200080994,2024-05-12,19,False,2024-W19
STR_E02,1200080994,2024-05-13,19,False,2024-W20
STR_E02,1200080994,2024-05-14,19,False,2024-W20
STR_E02,1200080994,2024-05-15,20,False,2024-W20
STR_E02,1200080994,2024-05-16,24,False,2024-W20
STR_E02,1200080994,2024-05-17,23,False,2024-W20
STR_E02,1200080994,2024-05-18,25,False,2024-W20
STR_E02,1200080994,2024-05-19,22,False,2024-W20
STR_E02,1200080994,2024-05-20,27,False,2024-W21
STR_E02,1200080994,2024-05-21,24,False,2024-W21
STR_E02,1200080994,2024-05-22,21,False,2024-W21
STR_E02,1200080994,2024-05-23,20,False,2024-W21
STR_E02,1200080994,2024-05-24,24,False,2024-W21
STR_E02,1200080994,2024-05-25,17,False,2024-W21
STR_E02,1200080994,2024-05-26,24,False,2024-W21
STR_E02,1200080994,2024-05-27,97,True,2024-W22
STR_E02,1200080994,2024-05-28,86,True,2024-W22
STR_E02,1200080994,2024-05-29,77,True,2024-W22
STR_E02,1200080994,2024-05-30,78,True,2024-W22
STR_E02,1200080994,2024-05-31,77,True,2024-W22
STR_E02,1200080994,2024-06-01,89,True,2024-W22
STR_E02,1200080994,2024-06-02,81,True,2024-W22
STR_E02,1200080994,2024-06-03,65,True,2024-W23
STR_E02,1200080994,2024-06-04,73,True,2024-W23
STR_E02,1200080994,2024-06-05,51,True,2024-W23
STR_E02,1200080994,2024-06-06,41,True,2024-W23
STR_E02,1200080994,2024-06-07,24,True,2024-W23
STR_E02,1200080994,2024-06-08,23,False,2024-W23
STR_E02,1200080994,2024-06-09,22,False,2024-W23
STR_E02,1200080994,2024-06-10,19,False,2024-W24
STR_E02,1200080994,2024-06-11,18,False,2024-W24
STR_E02,1200080994,2024-06-12,28,False,2024-W24
STR_E02,1200080994,2024-06-13,19,False,2024-W24
STR_E02,1200080994,2024-06-14,21,False,2024-W24
STR_E02,1200080994,2024-06-15,26,False,2024-W24
STR_E02,1200080994,2024-06-16,17,False,2024-W24
STR_E02,1200080994,2024-06-17,23,False,2024-W25
STR_E02,1200080994,2024-06-18,23,False,2024-W25
STR_E02,1200080994,2024-06-19,24,False,2024-W25
STR_E02,1200080994,2024-06-20,21,False,2024-W25
STR_E02,1200080994,2024-06-21,20,False,2024-W25
STR_E02,1200080994,2024-06-22,24,False,2024-W25
STR_E02,1200080994,2024-06-23,15,False,2024-W25
STR_E02,1200080994,2024-06-24,19,False,2024-W26
STR_E02,1200080994,2024-06-25,23,False,2024-W26
STR_E02,1200080994,2024-06-26,27,False,2024-W26
STR_E02,1200080994,2024-06-27,26,False,2024-W26
STR_E02,1200080994,2024-06-28,20,False,2024-W26
STR_E02,1200080994,2024-06-29,24,False,2024-W26
STR_E02,1200080994,2024-06-30,24,False,2024-W26
STR_E02,1200080994,2024-07-01,67,True,2024-W27
STR_E02,1200080994,2024-07-02,75,True,2024-W27
STR_E02,1200080994,2024-07-03,101,True,2024-W27
STR_E02,1200080994,2024-07-04,86,True,2024-W27
STR_E02,1200080994,2024-07-05,91,True,2024-W27
STR_E02,1200080994,2024-07-06,96,True,2024-W27
STR_E02,1200080994,2024-07-07,104,True,2024-W27
STR_E02,1200080994,2024-07-08,79,True,2024-W28
STR_E02,1200080994,2024-07-09,59,True,2024-W28
STR_E02,1200080994,2024-07-10,42,True,2024-W28
STR_E02,1200080994,2024-07-11,39,True,2024-W28
STR_E02,1200080994,2024-07-12,21,True,2024-W28
STR_E02,1200080994,2024-07-13,20,False,2024-W28
STR_E02,1200080994,2024-07-14,22,False,2024-W28
STR_E02,1200080994,2024-07-15,21,False,2024-W29
STR_E02,1200080994,2024-07-16,19,False,2024-W29
STR_E02,1200080994,2024-07-17,24,False,2024-W29
STR_E02,1200080994,2024-07-18,27,False,2024-W29
STR_E02,1200080994,2024-07-19,22,False,2024-W29
STR_E02,1200080994,2024-07-20,22,False,2024-W29
STR_E02,1200080994,2024-07-21,18,False,2024-W29
STR_E02,1200080994,2024-07-22,21,False,2024-W30
STR_E02,1200080994,2024-07-23,25,False,2024-W30
STR_E02,1200080994,2024-07-24,19,False,2024-W30
STR_E02,1200080994,2024-07-25,24,False,2024-W30
STR_E02,1200080994,2024-07-26,18,False,2024-W30
STR_E02,1200080994,2024-07-27,20,False,2024-W30
STR_E02,1200080994,2024-07-28,22,False,2024-W30
STR_E02,1200080994,2024-07-29,18,False,2024-W31
STR_E02,1200080994,2024-07-30,22,False,2024-W31
STR_E02,1200080994,2024-07-31,15,False,2024-W31
STR_E02,1200080994,2024-08-01,18,False,2024-W31
STR_E02,1200080994,2024-08-02,19,False,2024-W31
STR_E02,1200080994,2024-08-03,19,False,2024-W31
STR_E02,1200080994,2024-08-04,26,False,2024-W31
STR_E02,1200080994,2024-08-05,22,False,2024-W32
STR_E02,1200080994,2024-08-06,23,False,2024-W32
STR_E02,1200080994,2024-08-07,20,False,2024-W32
STR_E02,1200080994,2024-08-08,20,False,2024-W32
STR_E02,1200080994,2024-08-09,19,False,2024-W32
STR_E02,1200080994,2024-08-10,19,False,2024-W32
STR_E02,1200080994,2024-08-11,20,False,2024-W32
STR_E02,1200080994,2024-08-12,83,True,2024-W33
STR_E02,1200080994,2024-08-13,88,True,2024-W33
STR_E02,1200080994,2024-08-14,71,True,2024-W33
STR_E02,1200080994,2024-08-15,83,True,2024-W33
STR_E02,1200080994,2024-08-16,96,True,2024-W33
STR_E02,1200080994,2024-08-17,95,True,2024-W33
STR_E02,1200080994,2024-08-18,85,True,2024-W33
STR_E02,1200080994,2024-08-19,77,True,2024-W34
STR_E02,1200080994,2024-08-20,85,True,2024-W34
STR_E02,1200080994,2024-08-21,39,True,2024-W34
STR_E02,1200080994,2024-08-22,39,True,2024-W34
STR_E02,1200080994,2024-08-23,25,True,2024-W34
STR_E02,1200080994,2024-08-24,22,False,2024-W34
STR_E02,1200080994,2024-08-25,24,False,2024-W34
STR_E02,1200080994,2024-08-26,23,False,2024-W35
STR_E02,1200080994,2024-08-27,23,False,2024-W35
STR_E02,1200080994,2024-08-28,21,False,2024-W35
STR_E02,1200080994,2024-08-29,21,False,2024-W35
STR_E02,1200080994,2024-08-30,19,False,2024-W35
STR_E02,1200080994,2024-08-31,22,False,2024-W35
STR_E02,1200080994,2024-09-01,16,False,2024-W35
STR_E02,1200080994,2024-09-02,56,True,2024-W36
STR_E02,1200080994,2024-09-03,90,True,2024-W36
STR_E02,1200080994,2024-09-04,78,True,2024-W36
STR_E02,1200080994,2024-09-05,78,True,2024-W36
STR_E02,1200080994,2024-09-06,77,True,2024-W36
STR_E02,1200080994,2024-09-07,76,True,2024-W36
STR_E02,1200080994,2024-09-08,75,True,2024-W36
STR_E02,1200080994,2024-09-09,59,True,2024-W37
STR_E02,1200080994,2024-09-10,49,True,2024-W37
STR_E02,1200080994,2024-09-11,43,True,2024-W37
STR_E02,1200080994,2024-09-12,36,True,2024-W37
STR_E02,1200080994,2024-09-13,19,True,2024-W37
STR_E02,1200080994,2024-09-14,16,False,2024-W37
STR_E02,1200080994,2024-09-15,17,False,2024-W37
STR_E02,1200080994,2024-09-16,17,False,2024-W38
STR_E02,1200080994,2024-09-17,20,False,2024-W38
STR_E02,1200080994,2024-09-18,21,False,2024-W38
STR_E02,1200080994,2024-09-19,20,False,2024-W38
STR_E02,1200080994,2024-09-20,19,False,2024-W38
STR_E02,1200080994,2024-09-21,24,False,2024-W38
STR_E02,1200080994,2024-09-22,20,False,2024-W38
STR_E02,1200080994,2024-09-23,17,False,2024-W39
STR_E02,1200080994,2024-09-24,17,False,2024-W39
STR_E02,1200080994,2024-09-25,18,False,2024-W39
STR_E02,1200080994,2024-09-26,17,False,2024-W39
STR_E02,1200080994,2024-09-27,17,False,2024-W39
STR_E02,1200080994,2024-09-28,23,False,2024-W39
STR_E02,1200080994,2024-09-29,15,False,2024-W39
STR_E02,1200080994,2024-09-30,22,False,2024-W40
STR_E02,1200080994,2024-10-01,22,False,2024-W40
STR_E02,1200080994,2024-10-02,24,False,2024-W40
STR_E02,1200080994,2024-10-03,19,False,2024-W40
STR_E02,1200080994,2024-10-04,19,False,2024-W40
STR_E02,1200080994,2024-10-05,21,False,2024-W40
STR_E02,1200080994,2024-10-06,26,False,2024-W40
STR_E02,1200080994,2024-10-07,30,False,2024-W41
STR_E02,1200080994,2024-10-08,25,False,2024-W41
STR_E02,1200080994,2024-10-09,17,False,2024-W41
STR_E02,1200080994,2024-10-10,29,False,2024-W41
STR_E02,1200080994,2024-10-11,23,False,2024-W41
STR_E02,1200080994,2024-10-12,23,False,2024-W41
STR_E02,1200080994,2024-10-13,23,False,2024-W41
STR_E02,1200080994,2024-10-14,25,False,2024-W42
STR_E02,1200080994,2024-10-15,34,False,2024-W42
STR_E02,1200080994,2024-10-16,24,False,2024-W42
STR_E02,1200080994,2024-10-17,24,False,2024-W42
STR_E02,1200080994,2024-10-18,32,False,2024-W42
STR_E02,1200080994,2024-10-19,17,False,2024-W42
STR_E02,1200080994,2024-10-20,23,False,2024-W42
STR_E02,1200080994,2024-10-21,22,False,2024-W43
STR_E02,1200080994,2024-10-22,25,False,2024-W43
STR_E02,1200080994,2024-10-23,26,False,2024-W43
STR_E02,1200080994,2024-10-24,18,False,2024-W43
STR_E02,1200080994,2024-10-25,19,False,2024-W43
STR_E02,1200080994,2024-10-26,18,False,2024-W43
STR_E02,1200080994,2024-10-27,19,False,2024-W43
STR_E02,1200080994,2024-10-28,28,False,2024-W44
STR_E02,1200080994,2024-10-29,20,False,2024-W44
STR_E02,1200080994,2024-10-30,22,False,2024-W44
STR_E02,1200080994,2024-10-31,28,False,2024-W44
STR_E02,1200080994,2024-11-01,22,False,2024-W44
STR_E02,1200080994,2024-11-02,24,False,2024-W44
STR_E02,1200080994,2024-11-03,22,False,2024-W44
STR_E02,1200080994,2024-11-04,17,False,2024-W45
STR_E02,1200080994,2024-11-05,26,False,2024-W45
STR_E02,1200080994,2024-11-06,23,False,2024-W45
STR_E02,1200080994,2024-11-07,29,False,2024-W45
STR_E02,1200080994,2024-11-08,27,False,2024-W45
STR_E02,1200080994,2024-11-09,23,False,2024-W45
STR_E02,1200080994,2024-11-10,27,False,2024-W45
STR_E02,1200080994,2024-11-11,24,False,2024-W46
STR_E02,1200080994,2024-11-12,31,False,2024-W46
STR_E02,1200080994,2024-11-13,22,False,2024-W46
STR_E02,1200080994,2024-11-14,25,False,2024-W46
STR_E02,1200080994,2024-11-15,27,False,2024-W46
STR_E02,1200080994,2024-11-16,24,False,2024-W46
STR_E02,1200080994,2024-11-17,22,False,2024-W46
STR_E02,1200080994,2024-11-18,25,False,2024-W47
STR_E02,1200080994,2024-11-19,23,False,2024-W47
STR_E02,1200080994,2024-11-20,28,False,2024-W47
STR_E02,1200080994,2024-11-21,25,False,2024-W47
STR_E02,1200080994,2024-11-22,22,False,2024-W47
STR_E02,1200080994,2024-11-23,24,False,2024-W47
STR_E02,1200080994,2024-11-24,29,False,2024-W47
STR_E02,1200080994,2024-11-25,100,True,2024-W48
STR_E02,1200080994,2024-11-26,87,True,2024-W48
STR_E02,1200080994,2024-11-27,89,True,2024-W48
STR_E02,1200080994,2024-11-28,107,True,2024-W48
STR_E02,1200080994,2024-11-29,101,True,2024-W48
STR_E02,1200080994,2024-11-30,82,True,2024-W48
STR_E02,1200080994,2024-12-01,115,True,2024-W48
STR_E02,1200080994,2024-12-02,114,True,2024-W49
STR_E02,1200080994,2024-12-03,78,True,2024-W49
STR_E02,1200080994,2024-12-04,53,True,2024-W49
STR_E02,1200080994,2024-12-05,69,True,2024-W49
STR_E02,1200080994,2024-12-06,33,True,2024-W49
STR_E02,1200080994,2024-12-07,37,False,2024-W49
STR_E02,1200080994,2024-12-08,29,False,2024-W49
STR_E02,1200080994,2024-12-09,29,False,2024-W50
STR_E02,1200080994,2024-12-10,31,False,2024-W50
STR_E02,1200080994,2024-12-11,28,False,2024-W50
STR_E02,1200080994,2024-12-12,28,False,2024-W50
STR_E02,1200080994,2024-12-13,27,False,2024-W50
STR_E02,1200080994,2024-12-14,25,False,2024-W50
STR_E02,1200080994,2024-12-15,27,False,2024-W50
STR_E02,1200080994,2024-12-16,24,False,2024-W51
STR_E02,1200080994,2024-12-17,33,False,2024-W51
STR_E02,1200080994,2024-12-18,28,False,2024-W51
STR_E02,1200080994,2024-12-19,21,False,2024-W51
STR_E02,1200080994,2024-12-20,25,False,2024-W51
STR_E02,1200080994,2024-12-21,35,False,2024-W51
STR_E02,1200080994,2024-12-22,28,False,2024-W51
STR_E02,1200080994,2024-12-23,87,True,2024-W52
STR_E02,1200080994,2024-12-24,120,True,2024-W52
STR_E02,1200080994,2024-12-25,91,True,2024-W52
STR_E02,1200080994,2024-12-26,110,True,2024-W52
STR_E02,1200080994,2024-12-27,112,True,2024-W52
STR_E02,1200080994,2024-12-28,107,True,2024-W52
STR_E02,1200080994,2024-12-29,131,True,2024-W52
STR_E02,1200080994,2024-12-30,61,True,2025-W01
STR_E02,1200080994,2024-12-31,46,True,2025-W01
STR_E02,2840016014,2024-01-01,12,False,2024-W01
STR_E02,2840016014,2024-01-02,9,False,2024-W01
STR_E02,2840016014,2024-01-03,8,False,2024-W01
STR_E02,2840016014,2024-01-04,12,False,2024-W01
STR_E02,2840016014,2024-01-05,9,False,2024-W01
STR_E02,2840016014,2024-01-06,8,False,2024-W01
STR_E02,2840016014,2024-01-07,14,False,2024-W01
STR_E02,2840016014,2024-01-08,13,False,2024-W02
STR_E02,2840016014,2024-01-09,15,False,2024-W02
STR_E02,2840016014,2024-01-10,10,False,2024-W02
STR_E02,2840016014,2024-01-11,14,False,2024-W02
STR_E02,2840016014,2024-01-12,12,False,2024-W02
STR_E02,2840016014,2024-01-13,9,False,2024-W02
STR_E02,2840016014,2024-01-14,11,False,2024-W02
STR_E02,2840016014,2024-01-15,9,False,2024-W03
STR_E02,2840016014,2024-01-16,12,False,2024-W03
STR_E02,2840016014,2024-01-17,10,False,2024-W03
STR_E02,2840016014,2024-01-18,13,False,2024-W03
STR_E02,2840016014,2024-01-19,11,False,2024-W03
STR_E02,2840016014,2024-01-20,13,False,2024-W03
STR_E02,2840016014,2024-01-21,11,False,2024-W03
STR_E02,2840016014,2024-01-22,10,False,2024-W04
STR_E02,2840016014,2024-01-23,8,False,2024-W04
STR_E02,2840016014,2024-01-24,9,False,2024-W04
STR_E02,2840016014,2024-01-25,9,False,2024-W04
STR_E02,2840016014,2024-01-26,9,False,2024-W04
STR_E02,2840016014,2024-01-27,9,False,2024-W04
STR_E02,2840016014,2024-01-28,21,True,2024-W04
STR_E02,2840016014,2024-01-29,29,True,2024-W05
STR_E02,2840016014,2024-01-30,26,True,2024-W05
STR_E02,2840016014,2024-01-31,26,True,2024-W05
STR_E02,2840016014,2024-02-01,26,True,2024-W05
STR_E02,2840016014,2024-02-02,26,True,2024-W05
STR_E02,2840016014,2024-02-03,28,True,2024-W05
STR_E02,2840016014,2024-02-04,23,True,2024-W05
STR_E02,2840016014,2024-02-05,19,True,2024-W06
STR_E02,2840016014,2024-02-06,12,True,2024-W06
STR_E02,2840016014,2024-02-07,10,False,2024-W06
STR_E02,2840016014,2024-02-08,13,False,2024-W06
STR_E02,2840016014,2024-02-09,13,False,2024-W06
STR_E02,2840016014,2024-02-10,10,False,2024-W06
STR_E02,2840016014,2024-02-11,10,False,2024-W06
STR_E02,2840016014,2024-02-12,11,False,2024-W07
STR_E02,2840016014,2024-02-13,15,False,2024-W07
STR_E02,2840016014,2024-02-14,13,False,2024-W07
STR_E02,2840016014,2024-02-15,12,False,2024-W07
STR_E02,2840016014,2024-02-16,10,False,2024-W07
STR_E02,2840016014,2024-02-17,8,False,2024-W07
STR_E02,2840016014,2024-02-18,9,False,2024-W07
STR_E02,2840016014,2024-02-19,11,False,2024-W08
STR_E02,2840016014,2024-02-20,12,False,2024-W08
STR_E02,2840016014,2024-02-21,12,False,2024-W08
STR_E02,2840016014,2024-02-22,14,False,2024-W08
STR_E02,2840016014,2024-02-23,9,False,2024-W08
STR_E02,2840016014,2024-02-24,9,False,2024-W08
STR_E02,2840016014,2024-02-25,10,False,2024-W08
STR_E02,2840016014,2024-02-26,13,False,2024-W09
STR_E02,2840016014,2024-02-27,10,False,2024-W09
STR_E02,2840016014,2024-02-28,13,False,2024-W09
STR_E02,2840016014,2024-02-29,14,False,2024-W09
STR_E02,2840016014,2024-03-01,13,False,2024-W09
STR_E02,2840016014,2024-03-02,10,False,2024-W09
STR_E02,2840016014,2024-03-03,12,False,2024-W09
STR_E02,2840016014,2024-03-04,12,False,2024-W10
STR_E02,2840016014,2024-03-05,10,False,2024-W10
STR_E02,2840016014,2024-03-06,11,False,2024-W10
STR_E02,2840016014,2024-03-07,9,False,2024-W10
STR_E02,2840016014,2024-03-08,10,False,2024-W10
STR_E02,2840016014,2024-03-09,14,False,2024-W10
STR_E02,2840016014,2024-03-10,9,False,2024-W10
STR_E02,2840016014,2024-03-11,11,False,2024-W11
STR_E02,2840016014,2024-03-12,10,False,2024-W11
STR_E02,2840016014,2024-03-13,10,False,2024-W11
STR_E02,2840016014,2024-03-14,11,False,2024-W11
STR_E02,2840016014,2024-03-15,13,False,2024-W11
STR_E02,2840016014,2024-03-16,11,False,2024-W11
STR_E02,2840016014,2024-03-17,11,False,2024-W11
STR_E02,2840016014,2024-03-18,11,False,2024-W12
STR_E02,2840016014,2024-03-19,11,False,2024-W12
STR_E02,2840016014,2024-03-20,10,False,2024-W12
STR_E02,2840016014,2024-03-21,13,False,2024-W12
STR_E02,2840016014,2024-03-22,12,False,2024-W12
STR_E02,2840016014,2024-03-23,13,False,2024-W12
STR_E02,2840016014,2024-03-24,11,False,2024-W12
STR_E02,2840016014,2024-03-25,26,True,2024-W13
STR_E02,2840016014,2024-03-26,30,True,2024-W13
STR_E02,2840016014,2024-03-27,21,True,2024-W13
STR_E02,2840016014,2024-03-28,28,True,2024-W13
STR_E02,2840016014,2024-03-29,32,True,2024-W13
STR_E02,2840016014,2024-03-30,35,True,2024-W13
STR_E02,2840016014,2024-03-31,21,True,2024-W13
STR_E02,2840016014,2024-04-01,22,True,2024-W14
STR_E02,2840016014,2024-04-02,15,True,2024-W14
STR_E02,2840016014,2024-04-03,14,True,2024-W14
STR_E02,2840016014,2024-04-04,10,False,2024-W14
STR_E02,2840016014,2024-04-05,12,False,2024-W14
STR_E02,2840016014,2024-04-06,14,False,2024-W14
STR_E02,2840016014,2024-04-07,13,False,2024-W14
STR_E02,2840016014,2024-04-08,11,False,2024-W15
STR_E02,2840016014,2024-04-09,9,False,2024-W15
STR_E02,2840016014,2024-04-10,14,False,2024-W15
STR_E02,2840016014,2024-04-11,12,False,2024-W15
STR_E02,2840016014,2024-04-12,14,False,2024-W15
STR_E02,2840016014,2024-04-13,13,False,2024-W15
STR_E02,2840016014,2024-04-14,9,False,2024-W15
STR_E02,2840016014,2024-04-15,12,False,2024-W16
STR_E02,2840016014,2024-04-16,12,False,2024-W16
STR_E02,2840016014,2024-04-17,12,False,2024-W16
STR_E02,2840016014,2024-04-18,12,False,2024-W16
STR_E02,2840016014,2024-04-19,13,False,2024-W16
STR_E02,2840016014,2024-04-20,12,False,2024-W16
STR_E02,2840016014,2024-04-21,14,False,2024-W16
STR_E02,2840016014,2024-04-22,12,False,2024-W17
STR_E02,2840016014,2024-04-23,11,False,2024-W17
STR_E02,2840016014,2024-04-24,11,False,2024-W17
STR_E02,2840016014,2024-04-25,13,False,2024-W17
STR_E02,2840016014,2024-04-26,14,False,2024-W17
STR_E02,2840016014,2024-04-27,12,False,2024-W17
STR_E02,2840016014,2024-04-28,10,False,2024-W17
STR_E02,2840016014,2024-04-29,14,False,2024-W18
STR_E02,2840016014,2024-04-30,14,False,2024-W18
STR_E02,2840016014,2024-05-01,18,False,2024-W18
STR_E02,2840016014,2024-05-02,12,False,2024-W18
STR_E02,2840016014,2024-05-03,18,False,2024-W18
STR_E02,2840016014,2024-05-04,14,False,2024-W18
STR_E02,2840016014,2024-05-05,12,False,2024-W18
STR_E02,2840016014,2024-05-06,13,False,2024-W19
STR_E02,2840016014,2024-05-07,13,False,2024-W19
STR_E02,2840016014,2024-05-08,11,False,2024-W19
STR_E02,2840016014,2024-05-09,12,False,2024-W19
STR_E02,2840016014,2024-05-10,12,False,2024-W19
STR_E02,2840016014,2024-05-11,10,False,2024-W19
STR_E02,2840016014,2024-05-12,16,False,2024-W19
STR_E02,2840016014,2024-05-13,11,False,2024-W20
STR_E02,2840016014,2024-05-14,15,False,2024-W20
STR_E02,2840016014,2024-05-15,15,False,2024-W20
STR_E02,2840016014,2024-05-16,12,False,2024-W20
STR_E02,2840016014,2024-05-17,10,False,2024-W20
STR_E02,2840016014,2024-05-18,10,False,2024-W20
STR_E02,2840016014,2024-05-19,11,False,2024-W20
STR_E02,2840016014,2024-05-20,10,False,2024-W21
STR_E02,2840016014,2024-05-21,15,False,2024-W21
STR_E02,2840016014,2024-05-22,10,False,2024-W21
STR_E02,2840016014,2024-05-23,13,False,2024-W21
STR_E02,2840016014,2024-05-24,13,False,2024-W21
STR_E02,2840016014,2024-05-25,17,False,2024-W21
STR_E02,2840016014,2024-05-26,15,False,2024-W21
STR_E02,2840016014,2024-05-27,31,True,2024-W22
STR_E02,2840016014,2024-05-28,28,True,2024-W22
STR_E02,2840016014,2024-05-29,27,True,2024-W22
STR_E02,2840016014,2024-05-30,34,True,2024-W22
STR_E02,2840016014,2024-05-31,22,True,2024-W22
STR_E02,2840016014,2024-06-01,29,True,2024-W22
STR_E02,2840016014,2024-06-02,30,True,2024-W22
STR_E02,2840016014,2024-06-03,21,True,2024-W23
STR_E02,2840016014,2024-06-04,24,True,2024-W23
STR_E02,2840016014,2024-06-05,14,True,2024-W23
STR_E02,2840016014,2024-06-06,16,False,2024-W23
STR_E02,2840016014,2024-06-07,12,False,2024-W23
STR_E02,2840016014,2024-06-08,14,False,2024-W23
STR_E02,2840016014,2024-06-09,13,False,2024-W23
STR_E02,2840016014,2024-06-10,15,False,2024-W24
STR_E02,2840016014,2024-06-11,15,False,2024-W24
STR_E02,2840016014,2024-06-12,9,False,2024-W24
STR_E02,2840016014,2024-06-13,11,False,2024-W24
STR_E02,2840016014,2024-06-14,10,False,2024-W24
STR_E02,2840016014,2024-06-15,13,False,2024-W24
STR_E02,2840016014,2024-06-16,13,False,2024-W24
STR_E02,2840016014,2024-06-17,12,False,2024-W25
STR_E02,2840016014,2024-06-18,11,False,2024-W25
STR_E02,2840016014,2024-06-19,11,False,2024-W25
STR_E02,2840016014,2024-06-20,14,False,2024-W25
STR_E02,2840016014,2024-06-21,13,False,2024-W25
STR_E02,2840016014,2024-06-22,18,False,2024-W25
STR_E02,2840016014,2024-06-23,13,False,2024-W25
STR_E02,2840016014,2024-06-24,14,False,2024-W26
STR_E02,2840016014,2024-06-25,14,False,2024-W26
STR_E02,2840016014,2024-06-26,11,False,2024-W26
STR_E02,2840016014,2024-06-27,13,False,2024-W26
STR_E02,2840016014,2024-06-28,13,False,2024-W26
STR_E02,2840016014,2024-06-29,10,False,2024-W26
STR_E02,2840016014,2024-06-30,14,False,2024-W26
STR_E02,2840016014,2024-07-01,24,True,2024-W27
STR_E02,2840016014,2024-07-02,34,True,2024-W27
STR_E02,2840016014,2024-07-03,31,True,2024-W27
STR_E02,2840016014,2024-07-04,25,True,2024-W27
STR_E02,2840016014,2024-07-05,27,True,2024-W27
STR_E02,2840016014,2024-07-06,29,True,2024-W27
STR_E02,2840016014,2024-07-07,31,True,2024-W27
STR_E02,2840016014,2024-07-08,22,True,2024-W28
STR_E02,2840016014,2024-07-09,17,True,2024-W28
STR_E02,2840016014,2024-07-10,18,True,2024-W28
STR_E02,2840016014,2024-07-11,12,False,2024-W28
STR_E02,2840016014,2024-07-12,11,False,2024-W28
STR_E02,2840016014,2024-07-13,14,False,2024-W28
STR_E02,2840016014,2024-07-14,13,False,2024-W28
STR_E02,2840016014,2024-07-15,12,False,2024-W29
STR_E02,2840016014,2024-07-16,15,False,2024-W29
STR_E02,2840016014,2024-07-17,16,False,2024-W29
STR_E02,2840016014,2024-07-18,14,False,2024-W29
STR_E02,2840016014,2024-07-19,14,False,2024-W29
STR_E02,2840016014,2024-07-20,11,False,2024-W29
STR_E02,2840016014,2024-07-21,13,False,2024-W29
STR_E02,2840016014,2024-07-22,16,False,2024-W30
STR_E02,2840016014,2024-07-23,13,False,2024-W30
STR_E02,2840016014,2024-07-24,12,False,2024-W30
STR_E02,2840016014,2024-07-25,16,False,2024-W30
STR_E02,2840016014,2024-07-26,12,False,2024-W30
STR_E02,2840016014,2024-07-27,12,False,2024-W30
STR_E02,2840016014,2024-07-28,13,False,2024-W30
STR_E02,2840016014,2024-07-29,12,False,2024-W31
STR_E02,2840016014,2024-07-30,10,False,2024-W31
STR_E02,2840016014,2024-07-31,16,False,2024-W31
STR_E02,2840016014,2024-08-01,10,False,2024-W31
STR_E02,2840016014,2024-08-02,12,False,2024-W31
STR_E02,2840016014,2024-08-03,12,False,2024-W31
STR_E02,2840016014,2024-08-04,11,False,2024-W31
STR_E02,2840016014,2024-08-05,14,False,2024-W32
STR_E02,2840016014,2024-08-06,14,False,2024-W32
STR_E02,2840016014,2024-08-07,15,False,2024-W32
STR_E02,2840016014,2024-08-08,11,False,2024-W32
STR_E02,2840016014,2024-08-09,10,False,2024-W32
STR_E02,2840016014,2024-08-10,9,False,2024-W32
STR_E02,2840016014,2024-08-11,11,False,2024-W32
STR_E02,2840016014,2024-08-12,22,True,2024-W33
STR_E02,2840016014,2024-08-13,33,True,2024-W33
STR_E02,2840016014,2024-08-14,27,True,2024-W33
STR_E02,2840016014,2024-08-15,26,True,2024-W33
STR_E02,2840016014,2024-08-16,31,True,2024-W33
STR_E02,2840016014,2024-08-17,28,True,2024-W33
STR_E02,2840016014,2024-08-18,26,True,2024-W33
STR_E02,2840016014,2024-08-19,23,True,2024-W34
STR_E02,2840016014,2024-08-20,17,True,2024-W34
STR_E02,2840016014,2024-08-21,15,True,2024-W34
STR_E02,2840016014,2024-08-22,14,False,2024-W34
STR_E02,2840016014,2024-08-23,10,False,2024-W34
STR_E02,2840016014,2024-08-24,10,False,2024-W34
STR_E02,2840016014,2024-08-25,11,False,2024-W34
STR_E02,2840016014,2024-08-26,13,False,2024-W35
STR_E02,2840016014,2024-08-27,13,False,2024-W35
STR_E02,2840016014,2024-08-28,15,False,2024-W35
STR_E02,2840016014,2024-08-29,10,False,2024-W35
STR_E02,2840016014,2024-08-30,15,False,2024-W35
STR_E02,2840016014,2024-08-31,14,False,2024-W35
STR_E02,2840016014,2024-09-01,16,False,2024-W35
STR_E02,2840016014,2024-09-02,26,True,2024-W36
STR_E02,2840016014,2024-09-03,27,True,2024-W36
STR_E02,2840016014,2024-09-04,28,True,2024-W36
STR_E02,2840016014,2024-09-05,29,True,2024-W36
STR_E02,2840016014,2024-09-06,28,True,2024-W36
STR_E02,2840016014,2024-09-07,25,True,2024-W36
STR_E02,2840016014,2024-09-08,24,True,2024-W36
STR_E02,2840016014,2024-09-09,21,True,2024-W37
STR_E02,2840016014,2024-09-10,23,True,2024-W37
STR_E02,2840016014,2024-09-11,16,True,2024-W37
STR_E02,2840016014,2024-09-12,14,False,2024-W37
STR_E02,2840016014,2024-09-13,12,False,2024-W37
STR_E02,2840016014,2024-09-14,11,False,2024-W37
STR_E02,2840016014,2024-09-15,11,False,2024-W37
STR_E02,2840016014,2024-09-16,11,False,2024-W38
STR_E02,2840016014,2024-09-17,9,False,2024-W38
STR_E02,2840016014,2024-09-18,12,False,2024-W38
STR_E02,2840016014,2024-09-19,16,False,2024-W38
STR_E02,2840016014,2024-09-20,9,False,2024-W38
STR_E02,2840016014,2024-09-21,13,False,2024-W38
STR_E02,2840016014,2024-09-22,12,False,2024-W38
STR_E02,2840016014,2024-09-23,15,False,2024-W39
STR_E02,2840016014,2024-09-24,10,False,2024-W39
STR_E02,2840016014,2024-09-25,12,False,2024-W39
STR_E02,2840016014,2024-09-26,11,False,2024-W39
STR_E02,2840016014,2024-09-27,9,False,2024-W39
STR_E02,2840016014,2024-09-28,10,False,2024-W39
STR_E02,2840016014,2024-09-29,13,False,2024-W39
STR_E02,2840016014,2024-09-30,17,False,2024-W40
STR_E02,2840016014,2024-10-01,16,False,2024-W40
STR_E02,2840016014,2024-10-02,13,False,2024-W40
STR_E02,2840016014,2024-10-03,17,False,2024-W40
STR_E02,2840016014,2024-10-04,11,False,2024-W40
STR_E02,2840016014,2024-10-05,16,False,2024-W40
STR_E02,2840016014,2024-10-06,10,False,2024-W40
STR_E02,2840016014,2024-10-07,15,False,2024-W41
STR_E02,2840016014,2024-10-08,13,False,2024-W41
STR_E02,2840016014,2024-10-09,12,False,2024-W41
STR_E02,2840016014,2024-10-10,11,False,2024-W41
STR_E02,2840016014,2024-10-11,14,False,2024-W41
STR_E02,2840016014,2024-10-12,11,False,2024-W41
STR_E02,2840016014,2024-10-13,11,False,2024-W41
STR_E02,2840016014,2024-10-14,11,False,2024-W42
STR_E02,2840016014,2024-10-15,13,False,2024-W42
STR_E02,2840016014,2024-10-16,12,False,2024-W42
STR_E02,2840016014,2024-10-17,14,False,2024-W42
STR_E02,2840016014,2024-10-18,14,False,2024-W42
STR_E02,2840016014,2024-10-19,12,False,2024-W42
STR_E02,2840016014,2024-10-20,12,False,2024-W42
STR_E02,2840016014,2024-10-21,14,False,2024-W43
STR_E02,2840016014,2024-10-22,13,False,2024-W43
STR_E02,2840016014,2024-10-23,15,False,2024-W43
STR_E02,2840016014,2024-10-24,13,False,2024-W43
STR_E02,2840016014,2024-10-25,14,False,2024-W43
STR_E02,2840016014,2024-10-26,13,False,2024-W43
STR_E02,2840016014,2024-10-27,17,False,2024-W43
STR_E02,2840016014,2024-10-28,16,False,2024-W44
STR_E02,2840016014,2024-10-29,12,False,2024-W44
STR_E02,2840016014,2024-10-30,12,False,2024-W44
STR_E02,2840016014,2024-10-31,13,False,2024-W44
STR_E02,2840016014,2024-11-01,11,False,2024-W44
STR_E02,2840016014,2024-11-02,12,False,2024-W44
STR_E02,2840016014,2024-11-03,18,False,2024-W44
STR_E02,2840016014,2024-11-04,10,False,2024-W45
STR_E02,2840016014,2024-11-05,14,False,2024-W45
STR_E02,2840016014,2024-11-06,14,False,2024-W45
STR_E02,2840016014,2024-11-07,14,False,2024-W45
STR_E02,2840016014,2024-11-08,13,False,2024-W45
STR_E02,2840016014,2024-11-09,15,False,2024-W45
STR_E02,2840016014,2024-11-10,15,False,2024-W45
STR_E02,2840016014,2024-11-11,17,False,2024-W46
STR_E02,2840016014,2024-11-12,11,False,2024-W46
STR_E02,2840016014,2024-11-13,14,False,2024-W46
STR_E02,2840016014,2024-11-14,13,False,2024-W46
STR_E02,2840016014,2024-11-15,14,False,2024-W46
STR_E02,2840016014,2024-11-16,15,False,2024-W46
STR_E02,2840016014,2024-11-17,16,False,2024-W46
STR_E02,2840016014,2024-11-18,14,False,2024-W47
STR_E02,2840016014,2024-11-19,15,False,2024-W47
STR_E02,2840016014,2024-11-20,14,False,2024-W47
STR_E02,2840016014,2024-11-21,17,False,2024-W47
STR_E02,2840016014,2024-11-22,16,False,2024-W47
STR_E02,2840016014,2024-11-23,14,False,2024-W47
STR_E02,2840016014,2024-11-24,16,False,2024-W47
STR_E02,2840016014,2024-11-25,26,True,2024-W48
STR_E02,2840016014,2024-11-26,46,True,2024-W48
STR_E02,2840016014,2024-11-27,34,True,2024-W48
STR_E02,2840016014,2024-11-28,43,True,2024-W48
STR_E02,2840016014,2024-11-29,34,True,2024-W48
STR_E02,2840016014,2024-11-30,38,True,2024-W48
STR_E02,2840016014,2024-12-01,31,True,2024-W48
STR_E02,2840016014,2024-12-02,37,True,2024-W49
STR_E02,2840016014,2024-12-03,21,True,2024-W49
STR_E02,2840016014,2024-12-04,19,True,2024-W49
STR_E02,2840016014,2024-12-05,23,False,2024-W49
STR_E02,2840016014,2024-12-06,14,False,2024-W49
STR_E02,2840016014,2024-12-07,16,False,2024-W49
STR_E02,2840016014,2024-12-08,12,False,2024-W49
STR_E02,2840016014,2024-12-09,23,False,2024-W50
STR_E02,2840016014,2024-12-10,18,False,2024-W50
STR_E02,2840016014,2024-12-11,17,False,2024-W50
STR_E02,2840016014,2024-12-12,16,False,2024-W50
STR_E02,2840016014,2024-12-13,16,False,2024-W50
STR_E02,2840016014,2024-12-14,20,False,2024-W50
STR_E02,2840016014,2024-12-15,17,False,2024-W50
STR_E02,2840016014,2024-12-16,17,False,2024-W51
STR_E02,2840016014,2024-12-17,19,False,2024-W51
STR_E02,2840016014,2024-12-18,14,False,2024-W51
STR_E02,2840016014,2024-12-19,15,False,2024-W51
STR_E02,2840016014,2024-12-20,14,False,2024-W51
STR_E02,2840016014,2024-12-21,20,False,2024-W51
STR_E02,2840016014,2024-12-22,18,False,2024-W51
STR_E02,2840016014,2024-12-23,33,True,2024-W52
STR_E02,2840016014,2024-12-24,41,True,2024-W52
STR_E02,2840016014,2024-12-25,41,True,2024-W52
STR_E02,2840016014,2024-12-26,40,True,2024-W52
STR_E02,2840016014,2024-12-27,41,True,2024-W52
STR_E02,2840016014,2024-12-28,40,True,2024-W52
STR_E02,2840016014,2024-12-29,30,True,2024-W52
STR_E02,2840016014,2024-12-30,24,True,2025-W01
STR_E02,2840016014,2024-12-31,20,True,2025-W01
STR_E02,4900005010,2024-01-01,12,False,2024-W01
STR_E02,4900005010,2024-01-02,12,False,2024-W01
STR_E02,4900005010,2024-01-03,14,False,2024-W01
STR_E02,4900005010,2024-01-04,15,False,2024-W01
STR_E02,4900005010,2024-01-05,15,False,2024-W01
STR_E02,4900005010,2024-01-06,15,False,2024-W01
STR_E02,4900005010,2024-01-07,15,False,2024-W01
STR_E02,4900005010,2024-01-08,12,False,2024-W02
STR_E02,4900005010,2024-01-09,11,False,2024-W02
STR_E02,4900005010,2024-01-10,11,False,2024-W02
STR_E02,4900005010,2024-01-11,13,False,2024-W02
STR_E02,4900005010,2024-01-12,12,False,2024-W02
STR_E02,4900005010,2024-01-13,20,False,2024-W02
STR_E02,4900005010,2024-01-14,12,False,2024-W02
STR_E02,4900005010,2024-01-15,13,False,2024-W03
STR_E02,4900005010,2024-01-16,20,False,2024-W03
STR_E02,4900005010,2024-01-17,12,False,2024-W03
STR_E02,4900005010,2024-01-18,14,False,2024-W03
STR_E02,4900005010,2024-01-19,15,False,2024-W03
STR_E02,4900005010,2024-01-20,12,False,2024-W03
STR_E02,4900005010,2024-01-21,13,False,2024-W03
STR_E02,4900005010,2024-01-22,15,False,2024-W04
STR_E02,4900005010,2024-01-23,15,False,2024-W04
STR_E02,4900005010,2024-01-24,12,False,2024-W04
STR_E02,4900005010,2024-01-25,15,False,2024-W04
STR_E02,4900005010,2024-01-26,11,False,2024-W04
STR_E02,4900005010,2024-01-27,14,False,2024-W04
STR_E02,4900005010,2024-01-28,53,True,2024-W04
STR_E02,4900005010,2024-01-29,52,True,2024-W05
STR_E02,4900005010,2024-01-30,50,True,2024-W05
STR_E02,4900005010,2024-01-31,48,True,2024-W05
STR_E02,4900005010,2024-02-01,39,True,2024-W05
STR_E02,4900005010,2024-02-02,41,True,2024-W05
STR_E02,4900005010,2024-02-03,54,True,2024-W05
STR_E02,4900005010,2024-02-04,40,True,2024-W05
STR_E02,4900005010,2024-02-05,31,True,2024-W06
STR_E02,4900005010,2024-02-06,33,True,2024-W06
STR_E02,4900005010,2024-02-07,17,True,2024-W06
STR_E02,4900005010,2024-02-08,15,False,2024-W06
STR_E02,4900005010,2024-02-09,14,False,2024-W06
STR_E02,4900005010,2024-02-10,14,False,2024-W06
STR_E02,4900005010,2024-02-11,14,False,2024-W06
STR_E02,4900005010,2024-02-12,16,False,2024-W07
STR_E02,4900005010,2024-02-13,15,False,2024-W07
STR_E02,4900005010,2024-02-14,12,False,2024-W07
STR_E02,4900005010,2024-02-15,14,False,2024-W07
STR_E02,4900005010,2024-02-16,14,False,2024-W07
STR_E02,4900005010,2024-02-17,13,False,2024-W07
STR_E02,4900005010,2024-02-18,12,False,2024-W07
STR_E02,4900005010,2024-02-19,14,False,2024-W08
STR_E02,4900005010,2024-02-20,12,False,2024-W08
STR_E02,4900005010,2024-02-21,14,False,2024-W08
STR_E02,4900005010,2024-02-22,15,False,2024-W08
STR_E02,4900005010,2024-02-23,14,False,2024-W08
STR_E02,4900005010,2024-02-24,13,False,2024-W08
STR_E02,4900005010,2024-02-25,11,False,2024-W08
STR_E02,4900005010,2024-02-26,13,False,2024-W09
STR_E02,4900005010,2024-02-27,14,False,2024-W09
STR_E02,4900005010,2024-02-28,13,False,2024-W09
STR_E02,4900005010,2024-02-29,13,False,2024-W09
STR_E02,4900005010,2024-03-01,13,False,2024-W09
STR_E02,4900005010,2024-03-02,16,False,2024-W09
STR_E02,4900005010,2024-03-03,14,False,2024-W09
STR_E02,4900005010,2024-03-04,12,False,2024-W10
STR_E02,4900005010,2024-03-05,15,False,2024-W10
STR_E02,4900005010,2024-03-06,14,False,2024-W10
STR_E02,4900005010,2024-03-07,13,False,2024-W10
STR_E02,4900005010,2024-03-08,18,False,2024-W10
STR_E02,4900005010,2024-03-09,16,False,2024-W10
STR_E02,4900005010,2024-03-10,16,False,2024-W10
STR_E02,4900005010,2024-03-11,18,False,2024-W11
STR_E02,4900005010,2024-03-12,14,False,2024-W11
STR_E02,4900005010,2024-03-13,16,False,2024-W11
STR_E02,4900005010,2024-03-14,15,False,2024-W11
STR_E02,4900005010,2024-03-15,13,False,2024-W11
STR_E02,4900005010,2024-03-16,13,False,2024-W11
STR_E02,4900005010,2024-03-17,17,False,2024-W11
STR_E02,4900005010,2024-03-18,14,False,2024-W12
STR_E02,4900005010,2024-03-19,16,False,2024-W12
STR_E02,4900005010,2024-03-20,18,False,2024-W12
STR_E02,4900005010,2024-03-21,18,False,2024-W12
STR_E02,4900005010,2024-03-22,12,False,2024-W12
STR_E02,4900005010,2024-03-23,13,False,2024-W12
STR_E02,4900005010,2024-03-24,11,False,2024-W12
STR_E02,4900005010,2024-03-25,48,True,2024-W13
STR_E02,4900005010,2024-03-26,49,True,2024-W13
STR_E02,4900005010,2024-03-27,35,True,2024-W13
STR_E02,4900005010,2024-03-28,47,True,2024-W13
STR_E02,4900005010,2024-03-29,41,True,2024-W13
STR_E02,4900005010,2024-03-30,48,True,2024-W13
STR_E02,4900005010,2024-03-31,46,True,2024-W13
STR_E02,4900005010,2024-04-01,48,True,2024-W14
STR_E02,4900005010,2024-04-02,40,True,2024-W14
STR_E02,4900005010,2024-04-03,36,True,2024-W14
STR_E02,4900005010,2024-04-04,21,True,2024-W14
STR_E02,4900005010,2024-04-05,15,False,2024-W14
STR_E02,4900005010,2024-04-06,16,False,2024-W14
STR_E02,4900005010,2024-04-07,17,False,2024-W14
STR_E02,4900005010,2024-04-08,17,False,2024-W15
STR_E02,4900005010,2024-04-09,21,False,2024-W15
STR_E02,4900005010,2024-04-10,19,False,2024-W15
STR_E02,4900005010,2024-04-11,16,False,2024-W15
STR_E02,4900005010,2024-04-12,17,False,2024-W15
STR_E02,4900005010,2024-04-13,15,False,2024-W15
STR_E02,4900005010,2024-04-14,12,False,2024-W15
STR_E02,4900005010,2024-04-15,14,False,2024-W16
STR_E02,4900005010,2024-04-16,14,False,2024-W16
STR_E02,4900005010,2024-04-17,19,False,2024-W16
STR_E02,4900005010,2024-04-18,17,False,2024-W16
STR_E02,4900005010,2024-04-19,20,False,2024-W16
STR_E02,4900005010,2024-04-20,19,False,2024-W16
STR_E02,4900005010,2024-04-21,16,False,2024-W16
STR_E02,4900005010,2024-04-22,16,False,2024-W17
STR_E02,4900005010,2024-04-23,14,False,2024-W17
STR_E02,4900005010,2024-04-24,18,False,2024-W17
STR_E02,4900005010,2024-04-25,22,False,2024-W17
STR_E02,4900005010,2024-04-26,16,False,2024-W17
STR_E02,4900005010,2024-04-27,13,False,2024-W17
STR_E02,4900005010,2024-04-28,19,False,2024-W17
STR_E02,4900005010,2024-04-29,17,False,2024-W18
STR_E02,4900005010,2024-04-30,15,False,2024-W18
STR_E02,4900005010,2024-05-01,20,False,2024-W18
STR_E02,4900005010,2024-05-02,18,False,2024-W18
STR_E02,4900005010,2024-05-03,17,False,2024-W18
STR_E02,4900005010,2024-05-04,13,False,2024-W18
STR_E02,4900005010,2024-05-05,17,False,2024-W18
STR_E02,4900005010,2024-05-06,16,False,2024-W19
STR_E02,4900005010,2024-05-07,20,False,2024-W19
STR_E02,4900005010,2024-05-08,16,False,2024-W19
STR_E02,4900005010,2024-05-09,18,False,2024-W19
STR_E02,4900005010,2024-05-10,16,False,2024-W19
STR_E02,4900005010,2024-05-11,20,False,2024-W19
STR_E02,4900005010,2024-05-12,21,False,2024-W19
STR_E02,4900005010,2024-05-13,18,False,2024-W20
STR_E02,4900005010,2024-05-14,17,False,2024-W20
STR_E02,4900005010,2024-05-15,16,False,2024-W20
STR_E02,4900005010,2024-05-16,23,False,2024-W20
STR_E02,4900005010,2024-05-17,24,False,2024-W20
STR_E02,4900005010,2024-05-18,20,False,2024-W20
STR_E02,4900005010,2024-05-19,20,False,2024-W20
STR_E02,4900005010,2024-05-20,16,False,2024-W21
STR_E02,4900005010,2024-05-21,14,False,2024-W21
STR_E02,4900005010,2024-05-22,17,False,2024-W21
STR_E02,4900005010,2024-05-23,22,False,2024-W21
STR_E02,4900005010,2024-05-24,16,False,2024-W21
STR_E02,4900005010,2024-05-25,17,False,2024-W21
STR_E02,4900005010,2024-05-26,17,False,2024-W21
STR_E02,4900005010,2024-05-27,44,True,2024-W22
STR_E02,4900005010,2024-05-28,65,True,2024-W22
STR_E02,4900005010,2024-05-29,54,True,2024-W22
STR_E02,4900005010,2024-05-30,57,True,2024-W22
STR_E02,4900005010,2024-05-31,49,True,2024-W22
STR_E02,4900005010,2024-06-01,61,True,2024-W22
STR_E02,4900005010,2024-06-02,48,True,2024-W22
STR_E02,4900005010,2024-06-03,52,True,2024-W23
STR_E02,4900005010,2024-06-04,45,True,2024-W23
STR_E02,4900005010,2024-06-05,35,True,2024-W23
STR_E02,4900005010,2024-06-06,24,True,2024-W23
STR_E02,4900005010,2024-06-07,16,False,2024-W23
STR_E02,4900005010,2024-06-08,16,False,2024-W23
STR_E02,4900005010,2024-06-09,19,False,2024-W23
STR_E02,4900005010,2024-06-10,14,False,2024-W24
STR_E02,4900005010,2024-06-11,15,False,2024-W24
STR_E02,4900005010,2024-06-12,19,False,2024-W24
STR_E02,4900005010,2024-06-13,15,False,2024-W24
STR_E02,4900005010,2024-06-14,13,False,2024-W24
STR_E02,4900005010,2024-06-15,12,False,2024-W24
STR_E02,4900005010,2024-06-16,18,False,2024-W24
STR_E02,4900005010,2024-06-17,19,False,2024-W25
STR_E02,4900005010,2024-06-18,16,False,2024-W25
STR_E02,4900005010,2024-06-19,15,False,2024-W25
STR_E02,4900005010,2024-06-20,15,False,2024-W25
STR_E02,4900005010,2024-06-21,17,False,2024-W25
STR_E02,4900005010,2024-06-22,17,False,2024-W25
STR_E02,4900005010,2024-06-23,17,False,2024-W25
STR_E02,4900005010,2024-06-24,14,False,2024-W26
STR_E02,4900005010,2024-06-25,16,False,2024-W26
STR_E02,4900005010,2024-06-26,20,False,2024-W26
STR_E02,4900005010,2024-06-27,17,False,2024-W26
STR_E02,4900005010,2024-06-28,16,False,2024-W26
STR_E02,4900005010,2024-06-29,12,False,2024-W26
STR_E02,4900005010,2024-06-30,15,False,2024-W26
STR_E02,4900005010,2024-07-01,55,True,2024-W27
STR_E02,4900005010,2024-07-02,55,True,2024-W27
STR_E02,4900005010,2024-07-03,52,True,2024-W27
STR_E02,4900005010,2024-07-04,46,True,2024-W27
STR_E02,4900005010,2024-07-05,63,True,2024-W27
STR_E02,4900005010,2024-07-06,52,True,2024-W27
STR_E02,4900005010,2024-07-07,41,True,2024-W27
STR_E02,4900005010,2024-07-08,46,True,2024-W28
STR_E02,4900005010,2024-07-09,35,True,2024-W28
STR_E02,4900005010,2024-07-10,29,True,2024-W28
STR_E02,4900005010,2024-07-11,25,True,2024-W28
STR_E02,4900005010,2024-07-12,17,False,2024-W28
STR_E02,4900005010,2024-07-13,16,False,2024-W28
STR_E02,4900005010,2024-07-14,15,False,2024-W28
STR_E02,4900005010,2024-07-15,18,False,2024-W29
STR_E02,4900005010,2024-07-16,14,False,2024-W29
STR_E02,4900005010,2024-07-17,15,False,2024-W29
STR_E02,4900005010,2024-07-18,18,False,2024-W29
STR_E02,4900005010,2024-07-19,16,False,2024-W29
STR_E02,4900005010,2024-07-20,22,False,2024-W29
STR_E02,4900005010,2024-07-21,16,False,2024-W29
STR_E02,4900005010,2024-07-22,16,False,2024-W30
STR_E02,4900005010,2024-07-23,17,False,2024-W30
STR_E02,4900005010,2024-07-24,17,False,2024-W30
STR_E02,4900005010,2024-07-25,18,False,2024-W30
STR_E02,4900005010,2024-07-26,14,False,2024-W30
STR_E02,4900005010,2024-07-27,15,False,2024-W30
STR_E02,4900005010,2024-07-28,15,False,2024-W30
STR_E02,4900005010,2024-07-29,18,False,2024-W31
STR_E02,4900005010,2024-07-30,15,False,2024-W31
STR_E02,4900005010,2024-07-31,14,False,2024-W31
STR_E02,4900005010,2024-08-01,16,False,2024-W31
STR_E02,4900005010,2024-08-02,15,False,2024-W31
STR_E02,4900005010,2024-08-03,19,False,2024-W31
STR_E02,4900005010,2024-08-04,15,False,2024-W31
STR_E02,4900005010,2024-08-05,15,False,2024-W32
STR_E02,4900005010,2024-08-06,18,False,2024-W32
STR_E02,4900005010,2024-08-07,18,False,2024-W32
STR_E02,4900005010,2024-08-08,14,False,2024-W32
STR_E02,4900005010,2024-08-09,14,False,2024-W32
STR_E02,4900005010,2024-08-10,18,False,2024-W32
STR_E02,4900005010,2024-08-11,14,False,2024-W32
STR_E02,4900005010,2024-08-12,50,True,2024-W33
STR_E02,4900005010,2024-08-13,39,True,2024-W33
STR_E02,4900005010,2024-08-14,63,True,2024-W33
STR_E02,4900005010,2024-08-15,55,True,2024-W33
STR_E02,4900005010,2024-08-16,62,True,2024-W33
STR_E02,4900005010,2024-08-17,48,True,2024-W33
STR_E02,4900005010,2024-08-18,53,True,2024-W33
STR_E02,4900005010,2024-08-19,42,True,2024-W34
STR_E02,4900005010,2024-08-20,40,True,2024-W34
STR_E02,4900005010,2024-08-21,24,True,2024-W34
STR_E02,4900005010,2024-08-22,23,True,2024-W34
STR_E02,4900005010,2024-08-23,18,False,2024-W34
STR_E02,4900005010,2024-08-24,16,False,2024-W34
STR_E02,4900005010,2024-08-25,15,False,2024-W34
STR_E02,4900005010,2024-08-26,17,False,2024-W35
STR_E02,4900005010,2024-08-27,11,False,2024-W35
STR_E02,4900005010,2024-08-28,13,False,2024-W35
STR_E02,4900005010,2024-08-29,15,False,2024-W35
STR_E02,4900005010,2024-08-30,14,False,2024-W35
STR_E02,4900005010,2024-08-31,15,False,2024-W35
STR_E02,4900005010,2024-09-01,14,False,2024-W35
STR_E02,4900005010,2024-09-02,46,True,2024-W36
STR_E02,4900005010,2024-09-03,46,True,2024-W36
STR_E02,4900005010,2024-09-04,41,True,2024-W36
STR_E02,4900005010,2024-09-05,53,True,2024-W36
STR_E02,4900005010,2024-09-06,54,True,2024-W36
STR_E02,4900005010,2024-09-07,58,True,2024-W36
STR_E02,4900005010,2024-09-08,55,True,2024-W36
STR_E02,4900005010,2024-09-09,38,True,2024-W37
STR_E02,4900005010,2024-09-10,33,True,2024-W37
STR_E02,4900005010,2024-09-11,32,True,2024-W37
STR_E02,4900005010,2024-09-12,21,True,2024-W37
STR_E02,4900005010,2024-09-13,13,False,2024-W37
STR_E02,4900005010,2024-09-14,14,False,2024-W37
STR_E02,4900005010,2024-09-15,14,False,2024-W37
STR_E02,4900005010,2024-09-16,18,False,2024-W38
STR_E02,4900005010,2024-09-17,16,False,2024-W38
STR_E02,4900005010,2024-09-18,15,False,2024-W38
STR_E02,4900005010,2024-09-19,16,False,2024-W38
STR_E02,4900005010,2024-09-20,20,False,2024-W38
STR_E02,4900005010,2024-09-21,12,False,2024-W38
STR_E02,4900005010,2024-09-22,16,False,2024-W38
STR_E02,4900005010,2024-09-23,16,False,2024-W39
STR_E02,4900005010,2024-09-24,19,False,2024-W39
STR_E02,4900005010,2024-09-25,14,False,2024-W39
STR_E02,4900005010,2024-09-26,14,False,2024-W39
STR_E02,4900005010,2024-09-27,16,False,2024-W39
STR_E02,4900005010,2024-09-28,12,False,2024-W39
STR_E02,4900005010,2024-09-29,16,False,2024-W39
STR_E02,4900005010,2024-09-30,14,False,2024-W40
STR_E02,4900005010,2024-10-01,18,False,2024-W40
STR_E02,4900005010,2024-10-02,17,False,2024-W40
STR_E02,4900005010,2024-10-03,17,False,2024-W40
STR_E02,4900005010,2024-10-04,16,False,2024-W40
STR_E02,4900005010,2024-10-05,15,False,2024-W40
STR_E02,4900005010,2024-10-06,17,False,2024-W40
STR_E02,4900005010,2024-10-07,19,False,2024-W41
STR_E02,4900005010,2024-10-08,22,False,2024-W41
STR_E02,4900005010,2024-10-09,13,False,2024-W41
STR_E02,4900005010,2024-10-10,16,False,2024-W41
STR_E02,4900005010,2024-10-11,14,False,2024-W41
STR_E02,4900005010,2024-10-12,20,False,2024-W41
STR_E02,4900005010,2024-10-13,16,False,2024-W41
STR_E02,4900005010,2024-10-14,31,False,2024-W42
STR_E02,4900005010,2024-10-15,14,False,2024-W42
STR_E02,4900005010,2024-10-16,13,False,2024-W42
STR_E02,4900005010,2024-10-17,19,False,2024-W42
STR_E02,4900005010,2024-10-18,15,False,2024-W42
STR_E02,4900005010,2024-10-19,17,False,2024-W42
STR_E02,4900005010,2024-10-20,19,False,2024-W42
STR_E02,4900005010,2024-10-21,17,False,2024-W43
STR_E02,4900005010,2024-10-22,18,False,2024-W43
STR_E02,4900005010,2024-10-23,16,False,2024-W43
STR_E02,4900005010,2024-10-24,16,False,2024-W43
STR_E02,4900005010,2024-10-25,15,False,2024-W43
STR_E02,4900005010,2024-10-26,15,False,2024-W43
STR_E02,4900005010,2024-10-27,19,False,2024-W43
STR_E02,4900005010,2024-10-28,20,False,2024-W44
STR_E02,4900005010,2024-10-29,19,False,2024-W44
STR_E02,4900005010,2024-10-30,13,False,2024-W44
STR_E02,4900005010,2024-10-31,19,False,2024-W44
STR_E02,4900005010,2024-11-01,16,False,2024-W44
STR_E02,4900005010,2024-11-02,20,False,2024-W44
STR_E02,4900005010,2024-11-03,17,False,2024-W44
STR_E02,4900005010,2024-11-04,20,False,2024-W45
STR_E02,4900005010,2024-11-05,21,False,2024-W45
STR_E02,4900005010,2024-11-06,23,False,2024-W45
STR_E02,4900005010,2024-11-07,18,False,2024-W45
STR_E02,4900005010,2024-11-08,24,False,2024-W45
STR_E02,4900005010,2024-11-09,19,False,2024-W45
STR_E02,4900005010,2024-11-10,19,False,2024-W45
STR_E02,4900005010,2024-11-11,27,False,2024-W46
STR_E02,4900005010,2024-11-12,15,False,2024-W46
STR_E02,4900005010,2024-11-13,17,False,2024-W46
STR_E02,4900005010,2024-11-14,25,False,2024-W46
STR_E02,4900005010,2024-11-15,18,False,2024-W46
STR_E02,4900005010,2024-11-16,18,False,2024-W46
STR_E02,4900005010,2024-11-17,17,False,2024-W46
STR_E02,4900005010,2024-11-18,22,False,2024-W47
STR_E02,4900005010,2024-11-19,19,False,2024-W47
STR_E02,4900005010,2024-11-20,14,False,2024-W47
STR_E02,4900005010,2024-11-21,19,False,2024-W47
STR_E02,4900005010,2024-11-22,17,False,2024-W47
STR_E02,4900005010,2024-11-23,16,False,2024-W47
STR_E02,4900005010,2024-11-24,21,False,2024-W47
STR_E02,4900005010,2024-11-25,57,True,2024-W48
STR_E02,4900005010,2024-11-26,66,True,2024-W48
STR_E02,4900005010,2024-11-27,58,True,2024-W48
STR_E02,4900005010,2024-11-28,59,True,2024-W48
STR_E02,4900005010,2024-11-29,74,True,2024-W48
STR_E02,4900005010,2024-11-30,60,True,2024-W48
STR_E02,4900005010,2024-12-01,59,True,2024-W48
STR_E02,4900005010,2024-12-02,43,True,2024-W49
STR_E02,4900005010,2024-12-03,45,True,2024-W49
STR_E02,4900005010,2024-12-04,39,True,2024-W49
STR_E02,4900005010,2024-12-05,35,True,2024-W49
STR_E02,4900005010,2024-12-06,22,False,2024-W49
STR_E02,4900005010,2024-12-07,18,False,2024-W49
STR_E02,4900005010,2024-12-08,15,False,2024-W49
STR_E02,4900005010,2024-12-09,22,False,2024-W50
STR_E02,4900005010,2024-12-10,21,False,2024-W50
STR_E02,4900005010,2024-12-11,20,False,2024-W50
STR_E02,4900005010,2024-12-12,21,False,2024-W50
STR_E02,4900005010,2024-12-13,16,False,2024-W50
STR_E02,4900005010,2024-12-14,30,False,2024-W50
STR_E02,4900005010,2024-12-15,23,False,2024-W50
STR_E02,4900005010,2024-12-16,21,False,2024-W51
STR_E02,4900005010,2024-12-17,23,False,2024-W51
STR_E02,4900005010,2024-12-18,22,False,2024-W51
STR_E02,4900005010,2024-12-19,20,False,2024-W51
STR_E02,4900005010,2024-12-20,22,False,2024-W51
STR_E02,4900005010,2024-12-21,20,False,2024-W51
STR_E02,4900005010,2024-12-22,23,False,2024-W51
STR_E02,4900005010,2024-12-23,152,True,2024-W52
STR_E02,4900005010,2024-12-24,185,True,2024-W52
STR_E02,4900005010,2024-12-25,136,True,2024-W52
STR_E02,4900005010,2024-12-26,175,True,2024-W52
STR_E02,4900005010,2024-12-27,172,True,2024-W52
STR_E02,4900005010,2024-12-28,166,True,2024-W52
STR_E02,4900005010,2024-12-29,159,True,2024-W52
STR_E02,4900005010,2024-12-30,92,True,2025-W01
STR_E02,4900005010,2024-12-31,91,True,2025-W01
STR_W01,1200080994,2024-01-01,14,False,2024-W01
STR_W01,1200080994,2024-01-02,15,False,2024-W01
STR_W01,1200080994,2024-01-03,16,False,2024-W01
STR_W01,1200080994,2024-01-04,18,False,2024-W01
STR_W01,1200080994,2024-01-05,17,False,2024-W01
STR_W01,1200080994,2024-01-06,17,False,2024-W01
STR_W01,1200080994,2024-01-07,18,False,2024-W01
STR_W01,1200080994,2024-01-08,14,False,2024-W02
STR_W01,1200080994,2024-01-09,15,False,2024-W02
STR_W01,1200080994,2024-01-10,16,False,2024-W02
STR_W01,1200080994,2024-01-11,16,False,2024-W02
STR_W01,1200080994,2024-01-12,17,False,2024-W02
STR_W01,1200080994,2024-01-13,19,False,2024-W02
STR_W01,1200080994,2024-01-14,19,False,2024-W02
STR_W01,1200080994,2024-01-15,19,False,2024-W03
STR_W01,1200080994,2024-01-16,18,False,2024-W03
STR_W01,1200080994,2024-01-17,19,False,2024-W03
STR_W01,1200080994,2024-01-18,22,False,2024-W03
STR_W01,1200080994,2024-01-19,15,False,2024-W03
STR_W01,1200080994,2024-01-20,14,False,2024-W03
STR_W01,1200080994,2024-01-21,19,False,2024-W03
STR_W01,1200080994,2024-01-22,14,False,2024-W04
STR_W01,1200080994,2024-01-23,17,False,2024-W04
STR_W01,1200080994,2024-01-24,16,False,2024-W04
STR_W01,1200080994,2024-01-25,21,False,2024-W04
STR_W01,1200080994,2024-01-26,18,False,2024-W04
STR_W01,1200080994,2024-01-27,21,False,2024-W04
STR_W01,1200080994,2024-01-28,77,True,2024-W04
STR_W01,1200080994,2024-01-29,69,True,2024-W05
STR_W01,1200080994,2024-01-30,66,True,2024-W05
STR_W01,1200080994,2024-01-31,63,True,2024-W05
STR_W01,1200080994,2024-02-01,82,True,2024-W05
STR_W01,1200080994,2024-02-02,64,True,2024-W05
STR_W01,1200080994,2024-02-03,63,True,2024-W05
STR_W01,1200080994,2024-02-04,56,True,2024-W05
STR_W01,1200080994,2024-02-05,48,True,2024-W06
STR_W01,1200080994,2024-02-06,46,True,2024-W06
STR_W01,1200080994,2024-02-07,33,True,2024-W06
STR_W01,1200080994,2024-02-08,24,True,2024-W06
STR_W01,1200080994,2024-02-09,18,False,2024-W06
STR_W01,1200080994,2024-02-10,22,False,2024-W06
STR_W01,1200080994,2024-02-11,20,False,2024-W06
STR_W01,1200080994,2024-02-12,18,False,2024-W07
STR_W01,1200080994,2024-02-13,16,False,2024-W07
STR_W01,1200080994,2024-02-14,20,False,2024-W07
STR_W01,1200080994,2024-02-15,14,False,2024-W07
STR_W01,1200080994,2024-02-16,20,False,2024-W07
STR_W01,1200080994,2024-02-17,20,False,2024-W07
STR_W01,1200080994,2024-02-18,18,False,2024-W07
STR_W01,1200080994,2024-02-19,16,False,2024-W08
STR_W01,1200080994,2024-02-20,16,False,2024-W08
STR_W01,1200080994,2024-02-21,16,False,2024-W08
STR_W01,1200080994,2024-02-22,19,False,2024-W08
STR_W01,1200080994,2024-02-23,17,False,2024-W08
STR_W01,1200080994,2024-02-24,15,False,2024-W08
STR_W01,1200080994,2024-02-25,21,False,2024-W08
STR_W01,1200080994,2024-02-26,20,False,2024-W09
STR_W01,1200080994,2024-02-27,21,False,2024-W09
STR_W01,1200080994,2024-02-28,18,False,2024-W09
STR_W01,1200080994,2024-02-29,20,False,2024-W09
STR_W01,1200080994,2024-03-01,19,False,2024-W09
STR_W01,1200080994,2024-03-02,17,False,2024-W09
STR_W01,1200080994,2024-03-03,16,False,2024-W09
STR_W01,1200080994,2024-03-04,24,False,2024-W10
STR_W01,1200080994,2024-03-05,17,False,2024-W10
STR_W01,1200080994,2024-03-06,18,False,2024-W10
STR_W01,1200080994,2024-03-07,23,False,2024-W10
STR_W01,1200080994,2024-03-08,15,False,2024-W10
STR_W01,1200080994,2024-03-09,20,False,2024-W10
STR_W01,1200080994,2024-03-10,20,False,2024-W10
STR_W01,1200080994,2024-03-11,21,False,2024-W11
STR_W01,1200080994,2024-03-12,19,False,2024-W11
STR_W01,1200080994,2024-03-13,17,False,2024-W11
STR_W01,1200080994,2024-03-14,21,False,2024-W11
STR_W01,1200080994,2024-03-15,13,False,2024-W11
STR_W01,1200080994,2024-03-16,17,False,2024-W11
STR_W01,1200080994,2024-03-17,20,False,2024-W11
STR_W01,1200080994,2024-03-18,23,False,2024-W12
STR_W01,1200080994,2024-03-19,23,False,2024-W12
STR_W01,1200080994,2024-03-20,17,False,2024-W12
STR_W01,1200080994,2024-03-21,21,False,2024-W12
STR_W01,1200080994,2024-03-22,21,False,2024-W12
STR_W01,1200080994,2024-03-23,15,False,2024-W12
STR_W01,1200080994,2024-03-24,17,False,2024-W12
STR_W01,1200080994,2024-03-25,91,True,2024-W13
STR_W01,1200080994,2024-03-26,77,True,2024-W13
STR_W01,1200080994,2024-03-27,83,True,2024-W13
STR_W01,1200080994,2024-03-28,87,True,2024-W13
STR_W01,1200080994,2024-03-29,94,True,2024-W13
STR_W01,1200080994,2024-03-30,83,True,2024-W13
STR_W01,1200080994,2024-03-31,75,True,2024-W13
STR_W01,1200080994,2024-04-01,59,True,2024-W14
STR_W01,1200080994,2024-04-02,62,True,2024-W14
STR_W01,1200080994,2024-04-03,41,True,2024-W14
STR_W01,1200080994,2024-04-04,33,True,2024-W14
STR_W01,1200080994,2024-04-05,24,True,2024-W14
STR_W01,1200080994,2024-04-06,20,False,2024-W14
STR_W01,1200080994,2024-04-07,18,False,2024-W14
STR_W01,1200080994,2024-04-08,23,False,2024-W15
STR_W01,1200080994,2024-04-09,25,False,2024-W15
STR_W01,1200080994,2024-04-10,21,False,2024-W15
STR_W01,1200080994,2024-04-11,21,False,2024-W15
STR_W01,1200080994,2024-04-12,17,False,2024-W15
STR_W01,1200080994,2024-04-13,20,False,2024-W15
STR_W01,1200080994,2024-04-14,24,False,2024-W15
STR_W01,1200080994,2024-04-15,18,False,2024-W16
STR_W01,1200080994,2024-04-16,23,False,2024-W16
STR_W01,1200080994,2024-04-17,17,False,2024-W16
STR_W01,1200080994,2024-04-18,19,False,2024-W16
STR_W01,1200080994,2024-04-19,21,False,2024-W16
STR_W01,1200080994,2024-04-20,18,False,2024-W16
STR_W01,1200080994,2024-04-21,22,False,2024-W16
STR_W01,1200080994,2024-04-22,15,False,2024-W17
STR_W01,1200080994,2024-04-23,18,False,2024-W17
STR_W01,1200080994,2024-04-24,19,False,2024-W17
STR_W01,1200080994,2024-04-25,19,False,2024-W17
STR_W01,1200080994,2024-04-26,26,False,2024-W17
STR_W01,1200080994,2024-04-27,22,False,2024-W17
STR_W01,1200080994,2024-04-28,23,False,2024-W17
STR_W01,1200080994,2024-04-29,21,False,2024-W18
STR_W01,1200080994,2024-04-30,21,False,2024-W18
STR_W01,1200080994,2024-05-01,20,False,2024-W18
STR_W01,1200080994,2024-05-02,20,False,2024-W18
STR_W01,1200080994,2024-05-03,21,False,2024-W18
STR_W01,1200080994,2024-05-04,22,False,2024-W18
STR_W01,1200080994,2024-05-05,23,False,2024-W18
STR_W01,1200080994,2024-05-06,19,False,2024-W19
STR_W01,1200080994,2024-05-07,22,False,2024-W19
STR_W01,1200080994,2024-05-08,25,False,2024-W19
STR_W01,1200080994,2024-05-09,25,False,2024-W19
STR_W01,1200080994,2024-05-10,22,False,2024-W19
STR_W01,1200080994,2024-05-11,23,False,2024-W19
STR_W01,1200080994,2024-05-12,31,False,2024-W19
STR_W01,1200080994,2024-05-13,18,False,2024-W20
STR_W01,1200080994,2024-05-14,24,False,2024-W20
STR_W01,1200080994,2024-05-15,23,False,2024-W20
STR_W01,1200080994,2024-05-16,23,False,2024-W20
STR_W01,1200080994,2024-05-17,25,False,2024-W20
STR_W01,1200080994,2024-05-18,24,False,2024-W20
STR_W01,1200080994,2024-05-19,24,False,2024-W20
STR_W01,1200080994,2024-05-20,22,False,2024-W21
STR_W01,1200080994,2024-05-21,22,False,2024-W21
STR_W01,1200080994,2024-05-22,19,False,2024-W21
STR_W01,1200080994,2024-05-23,23,False,2024-W21
STR_W01,1200080994,2024-05-24,16,False,2024-W21
STR_W01,1200080994,2024-05-25,15,False,2024-W21
STR_W01,1200080994,2024-05-26,25,False,2024-W21
STR_W01,1200080994,2024-05-27,86,True,2024-W22
STR_W01,1200080994,2024-05-28,86,True,2024-W22
STR_W01,1200080994,2024-05-29,85,True,2024-W22
STR_W01,1200080994,2024-05-30,84,True,2024-W22
STR_W01,1200080994,2024-05-31,83,True,2024-W22
STR_W01,1200080994,2024-06-01,76,True,2024-W22
STR_W01,1200080994,2024-06-02,76,True,2024-W22
STR_W01,1200080994,2024-06-03,72,True,2024-W23
STR_W01,1200080994,2024-06-04,68,True,2024-W23
STR_W01,1200080994,2024-06-05,43,True,2024-W23
STR_W01,1200080994,2024-06-06,32,True,2024-W23
STR_W01,1200080994,2024-06-07,22,True,2024-W23
STR_W01,1200080994,2024-06-08,19,False,2024-W23
STR_W01,1200080994,2024-06-09,22,False,2024-W23
STR_W01,1200080994,2024-06-10,24,False,2024-W24
STR_W01,1200080994,2024-06-11,23,False,2024-W24
STR_W01,1200080994,2024-06-12,22,False,2024-W24
STR_W01,1200080994,2024-06-13,28,False,2024-W24
STR_W01,1200080994,2024-06-14,23,False,2024-W24
STR_W01,1200080994,2024-06-15,20,False,2024-W24
STR_W01,1200080994,2024-06-16,20,False,2024-W24
STR_W01,1200080994,2024-06-17,21,False,2024-W25
STR_W01,1200080994,2024-06-18,20,False,2024-W25
STR_W01,1200080994,2024-06-19,19,False,2024-W25
STR_W01,1200080994,2024-06-20,26,False,2024-W25
STR_W01,1200080994,2024-06-21,18,False,2024-W25
STR_W01,1200080994,2024-06-22,22,False,2024-W25
STR_W01,1200080994,2024-06-23,21,False,2024-W25
STR_W01,1200080994,2024-06-24,24,False,2024-W26
STR_W01,1200080994,2024-06-25,19,False,2024-W26
STR_W01,1200080994,2024-06-26,19,False,2024-W26
STR_W01,1200080994,2024-06-27,20,False,2024-W26
STR_W01,1200080994,2024-06-28,25,False,2024-W26
STR_W01,1200080994,2024-06-29,29,False,2024-W26
STR_W01,1200080994,2024-06-30,25,False,2024-W26
STR_W01,1200080994,2024-07-01,63,True,2024-W27
STR_W01,1200080994,2024-07-02,109,True,2024-W27
STR_W01,1200080994,2024-07-03,87,True,2024-W27
STR_W01,1200080994,2024-07-04,89,True,2024-W27
STR_W01,1200080994,2024-07-05,86,True,2024-W27
STR_W01,1200080994,2024-07-06,94,True,2024-W27
STR_W01,1200080994,2024-07-07,130,True,2024-W27
STR_W01,1200080994,2024-07-08,79,True,2024-W28
STR_W01,1200080994,2024-07-09,67,True,2024-W28
STR_W01,1200080994,2024-07-10,69,True,2024-W28
STR_W01,1200080994,2024-07-11,28,True,2024-W28
STR_W01,1200080994,2024-07-12,25,True,2024-W28
STR_W01,1200080994,2024-07-13,21,False,2024-W28
STR_W01,1200080994,2024-07-14,24,False,2024-W28
STR_W01,1200080994,2024-07-15,25,False,2024-W29
STR_W01,1200080994,2024-07-16,17,False,2024-W29
STR_W01,1200080994,2024-07-17,18,False,2024-W29
STR_W01,1200080994,2024-07-18,17,False,2024-W29
STR_W01,1200080994,2024-07-19,18,False,2024-W29
STR_W01,1200080994,2024-07-20,26,False,2024-W29
STR_W01,1200080994,2024-07-21,19,False,2024-W29
STR_W01,1200080994,2024-07-22,21,False,2024-W30
STR_W01,1200080994,2024-07-23,26,False,2024-W30
STR_W01,1200080994,2024-07-24,21,False,2024-W30
STR_W01,1200080994,2024-07-25,23,False,2024-W30
STR_W01,1200080994,2024-07-26,21,False,2024-W30
STR_W01,1200080994,2024-07-27,15,False,2024-W30
STR_W01,1200080994,2024-07-28,23,False,2024-W30
STR_W01,1200080994,2024-07-29,19,False,2024-W31
STR_W01,1200080994,2024-07-30,24,False,2024-W31
STR_W01,1200080994,2024-07-31,23,False,2024-W31
STR_W01,1200080994,2024-08-01,19,False,2024-W31
STR_W01,1200080994,2024-08-02,23,False,2024-W31
STR_W01,1200080994,2024-08-03,20,False,2024-W31
STR_W01,1200080994,2024-08-04,26,False,2024-W31
STR_W01,1200080994,2024-08-05,18,False,2024-W32
STR_W01,1200080994,2024-08-06,21,False,2024-W32
STR_W01,1200080994,2024-08-07,22,False,2024-W32
STR_W01,1200080994,2024-08-08,20,False,2024-W32
STR_W01,1200080994,2024-08-09,19,False,2024-W32
STR_W01,1200080994,2024-08-10,21,False,2024-W32
STR_W01,1200080994,2024-08-11,19,False,2024-W32
STR_W01,1200080994,2024-08-12,93,True,2024-W33
STR_W01,1200080994,2024-08-13,83,True,2024-W33
STR_W01,1200080994,2024-08-14,73,True,2024-W33
STR_W01,1200080994,2024-08-15,81,True,2024-W33
STR_W01,1200080994,2024-08-16,98,True,2024-W33
STR_W01,1200080994,2024-08-17,84,True,2024-W33
STR_W01,1200080994,2024-08-18,73,True,2024-W33
STR_W01,1200080994,2024-08-19,64,True,2024-W34
STR_W01,1200080994,2024-08-20,64,True,2024-W34
STR_W01,1200080994,2024-08-21,48,True,2024-W34
STR_W01,1200080994,2024-08-22,29,True,2024-W34
STR_W01,1200080994,2024-08-23,27,True,2024-W34
STR_W01,1200080994,2024-08-24,25,False,2024-W34
STR_W01,1200080994,2024-08-25,20,False,2024-W34
STR_W01,1200080994,2024-08-26,17,False,2024-W35
STR_W01,1200080994,2024-08-27,30,False,2024-W35
STR_W01,1200080994,2024-08-28,21,False,2024-W35
STR_W01,1200080994,2024-08-29,27,False,2024-W35
STR_W01,1200080994,2024-08-30,22,False,2024-W35
STR_W01,1200080994,2024-08-31,21,False,2024-W35
STR_W01,1200080994,2024-09-01,23,False,2024-W35
STR_W01,1200080994,2024-09-02,80,True,2024-W36
STR_W01,1200080994,2024-09-03,78,True,2024-W36
STR_W01,1200080994,2024-09-04,75,True,2024-W36
STR_W01,1200080994,2024-09-05,70,True,2024-W36
STR_W01,1200080994,2024-09-06,77,True,2024-W36
STR_W01,1200080994,2024-09-07,68,True,2024-W36
STR_W01,1200080994,2024-09-08,93,True,2024-W36
STR_W01,1200080994,2024-09-09,67,True,2024-W37
STR_W01,1200080994,2024-09-10,43,True,2024-W37
STR_W01,1200080994,2024-09-11,40,True,2024-W37
STR_W01,1200080994,2024-09-12,42,True,2024-W37
STR_W01,1200080994,2024-09-13,23,True,2024-W37
STR_W01,1200080994,2024-09-14,15,False,2024-W37
STR_W01,1200080994,2024-09-15,21,False,2024-W37
STR_W01,1200080994,2024-09-16,16,False,2024-W38
STR_W01,1200080994,2024-09-17,19,False,2024-W38
STR_W01,1200080994,2024-09-18,20,False,2024-W38
STR_W01,1200080994,2024-09-19,19,False,2024-W38
STR_W01,1200080994,2024-09-20,23,False,2024-W38
STR_W01,1200080994,2024-09-21,20,False,2024-W38
STR_W01,1200080994,2024-09-22,18,False,2024-W38
STR_W01,1200080994,2024-09-23,23,False,2024-W39
STR_W01,1200080994,2024-09-24,19,False,2024-W39
STR_W01,1200080994,2024-09-25,21,False,2024-W39
STR_W01,1200080994,2024-09-26,17,False,2024-W39
STR_W01,1200080994,2024-09-27,20,False,2024-W39
STR_W01,1200080994,2024-09-28,19,False,2024-W39
STR_W01,1200080994,2024-09-29,17,False,2024-W39
STR_W01,1200080994,2024-09-30,20,False,2024-W40
STR_W01,1200080994,2024-10-01,27,False,2024-W40
STR_W01,1200080994,2024-10-02,21,False,2024-W40
STR_W01,1200080994,2024-10-03,18,False,2024-W40
STR_W01,1200080994,2024-10-04,23,False,2024-W40
STR_W01,1200080994,2024-10-05,23,False,2024-W40
STR_W01,1200080994,2024-10-06,23,False,2024-W40
STR_W01,1200080994,2024-10-07,22,False,2024-W41
STR_W01,1200080994,2024-10-08,22,False,2024-W41
STR_W01,1200080994,2024-10-09,22,False,2024-W41
STR_W01,1200080994,2024-10-10,18,False,2024-W41
STR_W01,1200080994,2024-10-11,19,False,2024-W41
STR_W01,1200080994,2024-10-12,22,False,2024-W41
STR_W01,1200080994,2024-10-13,22,False,2024-W41
STR_W01,1200080994,2024-10-14,29,False,2024-W42
STR_W01,1200080994,2024-10-15,22,False,2024-W42
STR_W01,1200080994,2024-10-16,17,False,2024-W42
STR_W01,1200080994,2024-10-17,24,False,2024-W42
STR_W01,1200080994,2024-10-18,22,False,2024-W42
STR_W01,1200080994,2024-10-19,34,False,2024-W42
STR_W01,1200080994,2024-10-20,20,False,2024-W42
STR_W01,1200080994,2024-10-21,24,False,2024-W43
STR_W01,1200080994,2024-10-22,30,False,2024-W43
STR_W01,1200080994,2024-10-23,21,False,2024-W43
STR_W01,1200080994,2024-10-24,23,False,2024-W43
STR_W01,1200080994,2024-10-25,23,False,2024-W43
STR_W01,1200080994,2024-10-26,16,False,2024-W43
STR_W01,1200080994,2024-10-27,17,False,2024-W43
STR_W01,1200080994,2024-10-28,20,False,2024-W44
STR_W01,1200080994,2024-10-29,25,False,2024-W44
STR_W01,1200080994,2024-10-30,25,False,2024-W44
STR_W01,1200080994,2024-10-31,22,False,2024-W44
STR_W01,1200080994,2024-11-01,21,False,2024-W44
STR_W01,1200080994,2024-11-02,21,False,2024-W44
STR_W01,1200080994,2024-11-03,21,False,2024-W44
STR_W01,1200080994,2024-11-04,21,False,2024-W45
STR_W01,1200080994,2024-11-05,22,False,2024-W45
STR_W01,1200080994,2024-11-06,31,False,2024-W45
STR_W01,1200080994,2024-11-07,19,False,2024-W45
STR_W01,1200080994,2024-11-08,19,False,2024-W45
STR_W01,1200080994,2024-11-09,30,False,2024-W45
STR_W01,1200080994,2024-11-10,20,False,2024-W45
STR_W01,1200080994,2024-11-11,27,False,2024-W46
STR_W01,1200080994,2024-11-12,23,False,2024-W46
STR_W01,1200080994,2024-11-13,21,False,2024-W46
STR_W01,1200080994,2024-11-14,28,False,2024-W46
STR_W01,1200080994,2024-11-15,26,False,2024-W46
STR_W01,1200080994,2024-11-16,23,False,2024-W46
STR_W01,1200080994,2024-11-17,21,False,2024-W46
STR_W01,1200080994,2024-11-18,23,False,2024-W47
STR_W01,1200080994,2024-11-19,29,False,2024-W47
STR_W01,1200080994,2024-11-20,18,False,2024-W47
STR_W01,1200080994,2024-11-21,23,False,2024-W47
STR_W01,1200080994,2024-11-22,24,False,2024-W47
STR_W01,1200080994,2024-11-23,22,False,2024-W47
STR_W01,1200080994,2024-11-24,21,False,2024-W47
STR_W01,1200080994,2024-11-25,80,True,2024-W48
STR_W01,1200080994,2024-11-26,124,True,2024-W48
STR_W01,1200080994,2024-11-27,108,True,2024-W48
STR_W01,1200080994,2024-11-28,92,True,2024-W48
STR_W01,1200080994,2024-11-29,91,True,2024-W48
STR_W01,1200080994,2024-11-30,107,True,2024-W48
STR_W01,1200080994,2024-12-01,90,True,2024-W48
STR_W01,1200080994,2024-12-02,120,True,2024-W49
STR_W01,1200080994,2024-12-03,77,True,2024-W49
STR_W01,1200080994,2024-12-04,57,True,2024-W49
STR_W01,1200080994,2024-12-05,51,True,2024-W49
STR_W01,1200080994,2024-12-06,27,True,2024-W49
STR_W01,1200080994,2024-12-07,35,False,2024-W49
STR_W01,1200080994,2024-12-08,25,False,2024-W49
STR_W01,1200080994,2024-12-09,25,False,2024-W50
STR_W01,1200080994,2024-12-10,34,False,2024-W50
STR_W01,1200080994,2024-12-11,30,False,2024-W50
STR_W01,1200080994,2024-12-12,23,False,2024-W50
STR_W01,1200080994,2024-12-13,24,False,2024-W50
STR_W01,1200080994,2024-12-14,22,False,2024-W50
STR_W01,1200080994,2024-12-15,29,False,2024-W50
STR_W01,1200080994,2024-12-16,22,False,2024-W51
STR_W01,1200080994,2024-12-17,29,False,2024-W51
STR_W01,1200080994,2024-12-18,28,False,2024-W51
STR_W01,1200080994,2024-12-19,31,False,2024-W51
STR_W01,1200080994,2024-12-20,26,False,2024-W51
STR_W01,1200080994,2024-12-21,27,False,2024-W51
STR_W01,1200080994,2024-12-22,23,False,2024-W51
STR_W01,1200080994,2024-12-23,91,True,2024-W52
STR_W01,1200080994,2024-12-24,102,True,2024-W52
STR_W01,1200080994,2024-12-25,122,True,2024-W52
STR_W01,1200080994,2024-12-26,114,True,2024-W52
STR_W01,1200080994,2024-12-27,93,True,2024-W52
STR_W01,1200080994,2024-12-28,84,True,2024-W52
STR_W01,1200080994,2024-12-29,128,True,2024-W52
STR_W01,1200080994,2024-12-30,61,True,2025-W01
STR_W01,1200080994,2024-12-31,47,True,2025-W01
STR_W01,2840016014,2024-01-01,12,False,2024-W01
STR_W01,2840016014,2024-01-02,11,False,2024-W01
STR_W01,2840016014,2024-01-03,12,False,2024-W01
STR_W01,2840016014,2024-01-04,11,False,2024-W01
STR_W01,2840016014,2024-01-05,7,False,2024-W01
STR_W01,2840016014,2024-01-06,10,False,2024-W01
STR_W01,2840016014,2024-01-07,11,False,2024-W01
STR_W01,2840016014,2024-01-08,10,False,2024-W02
STR_W01,2840016014,2024-01-09,10,False,2024-W02
STR_W01,2840016014,2024-01-10,11,False,2024-W02
STR_W01,2840016014,2024-01-11,11,False,2024-W02
STR_W01,2840016014,2024-01-12,12,False,2024-W02
STR_W01,2840016014,2024-01-13,10,False,2024-W02
STR_W01,2840016014,2024-01-14,9,False,2024-W02
STR_W01,2840016014,2024-01-15,9,False,2024-W03
STR_W01,2840016014,2024-01-16,11,False,2024-W03
STR_W01,2840016014,2024-01-17,12,False,2024-W03
STR_W01,2840016014,2024-01-18,10,False,2024-W03
STR_W01,2840016014,2024-01-19,8,False,2024-W03
STR_W01,2840016014,2024-01-20,11,False,2024-W03
STR_W01,2840016014,2024-01-21,12,False,2024-W03
STR_W01,2840016014,2024-01-22,15,False,2024-W04
STR_W01,2840016014,2024-01-23,9,False,2024-W04
STR_W01,2840016014,2024-01-24,14,False,2024-W04
STR_W01,2840016014,2024-01-25,11,False,2024-W04
STR_W01,2840016014,2024-01-26,10,False,2024-W04
STR_W01,2840016014,2024-01-27,10,False,2024-W04
STR_W01,2840016014,2024-01-28,25,True,2024-W04
STR_W01,2840016014,2024-01-29,21,True,2024-W05
STR_W01,2840016014,2024-01-30,22,True,2024-W05
STR_W01,2840016014,2024-01-31,24,True,2024-W05
STR_W01,2840016014,2024-02-01,19,True,2024-W05
STR_W01,2840016014,2024-02-02,30,True,2024-W05
STR_W01,2840016014,2024-02-03,22,True,2024-W05
STR_W01,2840016014,2024-02-04,24,True,2024-W05
STR_W01,2840016014,2024-02-05,21,True,2024-W06
STR_W01,2840016014,2024-02-06,13,True,2024-W06
STR_W01,2840016014,2024-02-07,9,False,2024-W06
STR_W01,2840016014,2024-02-08,8,False,2024-W06
STR_W01,2840016014,2024-02-09,9,False,2024-W06
STR_W01,2840016014,2024-02-10,8,False,2024-W06
STR_W01,2840016014,2024-02-11,12,False,2024-W06
STR_W01,2840016014,2024-02-12,9,False,2024-W07
STR_W01,2840016014,2024-02-13,11,False,2024-W07
STR_W01,2840016014,2024-02-14,11,False,2024-W07
STR_W01,2840016014,2024-02-15,15,False,2024-W07
STR_W01,2840016014,2024-02-16,13,False,2024-W07
STR_W01,2840016014,2024-02-17,11,False,2024-W07
STR_W01,2840016014,2024-02-18,10,False,2024-W07
STR_W01,2840016014,2024-02-19,10,False,2024-W08
STR_W01,2840016014,2024-02-20,12,False,2024-W08
STR_W01,2840016014,2024-02-21,8,False,2024-W08
STR_W01,2840016014,2024-02-22,10,False,2024-W08
STR_W01,2840016014,2024-02-23,11,False,2024-W08
STR_W01,2840016014,2024-02-24,9,False,2024-W08
STR_W01,2840016014,2024-02-25,12,False,2024-W08
STR_W01,2840016014,2024-02-26,9,False,2024-W09
STR_W01,2840016014,2024-02-27,14,False,2024-W09
STR_W01,2840016014,2024-02-28,11,False,2024-W09
STR_W01,2840016014,2024-02-29,12,False,2024-W09
STR_W01,2840016014,2024-03-01,11,False,2024-W09
STR_W01,2840016014,2024-03-02,13,False,2024-W09
STR_W01,2840016014,2024-03-03,13,False,2024-W09
STR_W01,2840016014,2024-03-04,8,False,2024-W10
STR_W01,2840016014,2024-03-05,10,False,2024-W10
STR_W01,2840016014,2024-03-06,9,False,2024-W10
STR_W01,2840016014,2024-03-07,11,False,2024-W10
STR_W01,2840016014,2024-03-08,12,False,2024-W10
STR_W01,2840016014,2024-03-09,11,False,2024-W10
STR_W01,2840016014,2024-03-10,10,False,2024-W10
STR_W01,2840016014,2024-03-11,10,False,2024-W11
STR_W01,2840016014,2024-03-12,12,False,2024-W11
STR_W01,2840016014,2024-03-13,12,False,2024-W11
STR_W01,2840016014,2024-03-14,15,False,2024-W11
STR_W01,2840016014,2024-03-15,11,False,2024-W11
STR_W01,2840016014,2024-03-16,12,False,2024-W11
STR_W01,2840016014,2024-03-17,12,False,2024-W11
STR_W01,2840016014,2024-03-18,10,False,2024-W12
STR_W01,2840016014,2024-03-19,11,False,2024-W12
STR_W01,2840016014,2024-03-20,11,False,2024-W12
STR_W01,2840016014,2024-03-21,9,False,2024-W12
STR_W01,2840016014,2024-03-22,12,False,2024-W12
STR_W01,2840016014,2024-03-23,10,False,2024-W12
STR_W01,2840016014,2024-03-24,14,False,2024-W12
STR_W01,2840016014,2024-03-25,28,True,2024-W13
STR_W01,2840016014,2024-03-26,22,True,2024-W13
STR_W01,2840016014,2024-03-27,24,True,2024-W13
STR_W01,2840016014,2024-03-28,26,True,2024-W13
STR_W01,2840016014,2024-03-29,28,True,2024-W13
STR_W01,2840016014,2024-03-30,23,True,2024-W13
STR_W01,2840016014,2024-03-31,21,True,2024-W13
STR_W01,2840016014,2024-04-01,25,True,2024-W14
STR_W01,2840016014,2024-04-02,18,True,2024-W14
STR_W01,2840016014,2024-04-03,14,True,2024-W14
STR_W01,2840016014,2024-04-04,14,False,2024-W14
STR_W01,2840016014,2024-04-05,12,False,2024-W14
STR_W01,2840016014,2024-04-06,11,False,2024-W14
STR_W01,2840016014,2024-04-07,14,False,2024-W14
STR_W01,2840016014,2024-04-08,15,False,2024-W15
STR_W01,2840016014,2024-04-09,14,False,2024-W15
STR_W01,2840016014,2024-04-10,14,False,2024-W15
STR_W01,2840016014,2024-04-11,10,False,2024-W15
STR_W01,2840016014,2024-04-12,12,False,2024-W15
STR_W01,2840016014,2024-04-13,15,False,2024-W15
STR_W01,2840016014,2024-04-14,13,False,2024-W15
STR_W01,2840016014,2024-04-15,11,False,2024-W16
STR_W01,2840016014,2024-04-16,15,False,2024-W16
STR_W01,2840016014,2024-04-17,12,False,2024-W16
STR_W01,2840016014,2024-04-18,12,False,2024-W16
STR_W01,2840016014,2024-04-19,13,False,2024-W16
STR_W01,2840016014,2024-04-20,12,False,2024-W16
STR_W01,2840016014,2024-04-21,10,False,2024-W16
STR_W01,2840016014,2024-04-22,16,False,2024-W17
STR_W01,2840016014,2024-04-23,10,False,2024-W17
STR_W01,2840016014,2024-04-24,12,False,2024-W17
STR_W01,2840016014,2024-04-25,12,False,2024-W17
STR_W01,2840016014,2024-04-26,11,False,2024-W17
STR_W01,2840016014,2024-04-27,14,False,2024-W17
STR_W01,2840016014,2024-04-28,14,False,2024-W17
STR_W01,2840016014,2024-04-29,16,False,2024-W18
STR_W01,2840016014,2024-04-30,12,False,2024-W18
STR_W01,2840016014,2024-05-01,11,False,2024-W18
STR_W01,2840016014,2024-05-02,10,False,2024-W18
STR_W01,2840016014,2024-05-03,11,False,2024-W18
STR_W01,2840016014,2024-05-04,10,False,2024-W18
STR_W01,2840016014,2024-05-05,15,False,2024-W18
STR_W01,2840016014,2024-05-06,12,False,2024-W19
STR_W01,2840016014,2024-05-07,12,False,2024-W19
STR_W01,2840016014,2024-05-08,14,False,2024-W19
STR_W01,2840016014,2024-05-09,13,False,2024-W19
STR_W01,2840016014,2024-05-10,12,False,2024-W19
STR_W01,2840016014,2024-05-11,12,False,2024-W19
STR_W01,2840016014,2024-05-12,11,False,2024-W19
STR_W01,2840016014,2024-05-13,12,False,2024-W20
STR_W01,2840016014,2024-05-14,15,False,2024-W20
STR_W01,2840016014,2024-05-15,11,False,2024-W20
STR_W01,2840016014,2024-05-16,11,False,2024-W20
STR_W01,2840016014,2024-05-17,11,False,2024-W20
STR_W01,2840016014,2024-05-18,14,False,2024-W20
STR_W01,2840016014,2024-05-19,13,False,2024-W20
STR_W01,2840016014,2024-05-20,16,False,2024-W21
STR_W01,2840016014,2024-05-21,11,False,2024-W21
STR_W01,2840016014,2024-05-22,15,False,2024-W21
STR_W01,2840016014,2024-05-23,15,False,2024-W21
STR_W01,2840016014,2024-05-24,17,False,2024-W21
STR_W01,2840016014,2024-05-25,13,False,2024-W21
STR_W01,2840016014,2024-05-26,13,False,2024-W21
STR_W01,2840016014,2024-05-27,31,True,2024-W22
STR_W01,2840016014,2024-05-28,33,True,2024-W22
STR_W01,2840016014,2024-05-29,31,True,2024-W22
STR_W01,2840016014,2024-05-30,28,True,2024-W22
STR_W01,2840016014,2024-05-31,27,True,2024-W22
STR_W01,2840016014,2024-06-01,27,True,2024-W22
STR_W01,2840016014,2024-06-02,36,True,2024-W22
STR_W01,2840016014,2024-06-03,27,True,2024-W23
STR_W01,2840016014,2024-06-04,26,True,2024-W23
STR_W01,2840016014,2024-06-05,18,True,2024-W23
STR_W01,2840016014,2024-06-06,12,False,2024-W23
STR_W01,2840016014,2024-06-07,12,False,2024-W23
STR_W01,2840016014,2024-06-08,13,False,2024-W23
STR_W01,2840016014,2024-06-09,10,False,2024-W23
STR_W01,2840016014,2024-06-10,13,False,2024-W24
STR_W01,2840016014,2024-06-11,18,False,2024-W24
STR_W01,2840016014,2024-06-12,11,False,2024-W24
STR_W01,2840016014,2024-06-13,15,False,2024-W24
STR_W01,2840016014,2024-06-14,13,False,2024-W24
STR_W01,2840016014,2024-06-15,17,False,2024-W24
STR_W01,2840016014,2024-06-16,12,False,2024-W24
STR_W01,2840016014,2024-06-17,14,False,2024-W25
STR_W01,2840016014,2024-06-18,13,False,2024-W25
STR_W01,2840016014,2024-06-19,10,False,2024-W25
STR_W01,2840016014,2024-06-20,11,False,2024-W25
STR_W01,2840016014,2024-06-21,15,False,2024-W25
STR_W01,2840016014,2024-06-22,16,False,2024-W25
STR_W01,2840016014,2024-06-23,16,False,2024-W25
STR_W01,2840016014,2024-06-24,13,False,2024-W26
STR_W01,2840016014,2024-06-25,17,False,2024-W26
STR_W01,2840016014,2024-06-26,11,False,2024-W26
STR_W01,2840016014,2024-06-27,16,False,2024-W26
STR_W01,2840016014,2024-06-28,10,False,2024-W26
STR_W01,2840016014,2024-06-29,14,False,2024-W26
STR_W01,2840016014,2024-06-30,13,False,2024-W26
STR_W01,2840016014,2024-07-01,26,True,2024-W27
STR_W01,2840016014,2024-07-02,23,True,2024-W27
STR_W01,2840016014,2024-07-03,32,True,2024-W27
STR_W01,2840016014,2024-07-04,25,True,2024-W27
STR_W01,2840016014,2024-07-05,23,True,2024-W27
STR_W01,2840016014,2024-07-06,25,True,2024-W27
STR_W01,2840016014,2024-07-07,29,True,2024-W27
STR_W01,2840016014,2024-07-08,23,True,2024-W28
STR_W01,2840016014,2024-07-09,22,True,2024-W28
STR_W01,2840016014,2024-07-10,18,True,2024-W28
STR_W01,2840016014,2024-07-11,12,False,2024-W28
STR_W01,2840016014,2024-07-12,11,False,2024-W28
STR_W01,2840016014,2024-07-13,14,False,2024-W28
STR_W01,2840016014,2024-07-14,13,False,2024-W28
STR_W01,2840016014,2024-07-15,14,False,2024-W29
STR_W01,2840016014,2024-07-16,12,False,2024-W29
STR_W01,2840016014,2024-07-17,13,False,2024-W29
STR_W01,2840016014,2024-07-18,13,False,2024-W29
STR_W01,2840016014,2024-07-19,16,False,2024-W29
STR_W01,2840016014,2024-07-20,15,False,2024-W29
STR_W01,2840016014,2024-07-21,12,False,2024-W29
STR_W01,2840016014,2024-07-22,12,False,2024-W30
STR_W01,2840016014,2024-07-23,13,False,2024-W30
STR_W01,2840016014,2024-07-24,11,False,2024-W30
STR_W01,2840016014,2024-07-25,11,False,2024-W30
STR_W01,2840016014,2024-07-26,18,False,2024-W30
STR_W01,2840016014,2024-07-27,9,False,2024-W30
STR_W01,2840016014,2024-07-28,12,False,2024-W30
STR_W01,2840016014,2024-07-29,12,False,2024-W31
STR_W01,2840016014,2024-07-30,12,False,2024-W31
STR_W01,2840016014,2024-07-31,11,False,2024-W31
STR_W01,2840016014,2024-08-01,13,False,2024-W31
STR_W01,2840016014,2024-08-02,12,False,2024-W31
STR_W01,2840016014,2024-08-03,14,False,2024-W31
STR_W01,2840016014,2024-08-04,9,False,2024-W31
STR_W01,2840016014,2024-08-05,12,False,2024-W32
STR_W01,2840016014,2024-08-06,11,False,2024-W32
STR_W01,2840016014,2024-08-07,12,False,2024-W32
STR_W01,2840016014,2024-08-08,13,False,2024-W32
STR_W01,2840016014,2024-08-09,13,False,2024-W32
STR_W01,2840016014,2024-08-10,12,False,2024-W32
STR_W01,2840016014,2024-08-11,13,False,2024-W32
STR_W01,2840016014,2024-08-12,27,True,2024-W33
STR_W01,2840016014,2024-08-13,32,True,2024-W33
STR_W01,2840016014,2024-08-14,31,True,2024-W33
STR_W01,2840016014,2024-08-15,27,True,2024-W33
STR_W01,2840016014,2024-08-16,31,True,2024-W33
STR_W01,2840016014,2024-08-17,22,True,2024-W33
STR_W01,2840016014,2024-08-18,39,True,2024-W33
STR_W01,2840016014,2024-08-19,25,True,2024-W34
STR_W01,2840016014,2024-08-20,26,True,2024-W34
STR_W01,2840016014,2024-08-21,16,True,2024-W34
STR_W01,2840016014,2024-08-22,14,False,2024-W34
STR_W01,2840016014,2024-08-23,11,False,2024-W34
STR_W01,2840016014,2024-08-24,14,False,2024-W34
STR_W01,2840016014,2024-08-25,9,False,2024-W34
STR_W01,2840016014,2024-08-26,10,False,2024-W35
STR_W01,2840016014,2024-08-27,17,False,2024-W35
STR_W01,2840016014,2024-08-28,10,False,2024-W35
STR_W01,2840016014,2024-08-29,12,False,2024-W35
STR_W01,2840016014,2024-08-30,9,False,2024-W35
STR_W01,2840016014,2024-08-31,17,False,2024-W35
STR_W01,2840016014,2024-09-01,13,False,2024-W35
STR_W01,2840016014,2024-09-02,27,True,2024-W36
STR_W01,2840016014,2024-09-03,26,True,2024-W36
STR_W01,2840016014,2024-09-04,26,True,2024-W36
STR_W01,2840016014,2024-09-05,32,True,2024-W36
STR_W01,2840016014,2024-09-06,28,True,2024-W36
STR_W01,2840016014,2024-09-07,27,True,2024-W36
STR_W01,2840016014,2024-09-08,31,True,2024-W36
STR_W01,2840016014,2024-09-09,20,True,2024-W37
STR_W01,2840016014,2024-09-10,17,True,2024-W37
STR_W01,2840016014,2024-09-11,13,True,2024-W37
STR_W01,2840016014,2024-09-12,14,False,2024-W37
STR_W01,2840016014,2024-09-13,13,False,2024-W37
STR_W01,2840016014,2024-09-14,10,False,2024-W37
STR_W01,2840016014,2024-09-15,12,False,2024-W37
STR_W01,2840016014,2024-09-16,12,False,2024-W38
STR_W01,2840016014,2024-09-17,12,False,2024-W38
STR_W01,2840016014,2024-09-18,12,False,2024-W38
STR_W01,2840016014,2024-09-19,12,False,2024-W38
STR_W01,2840016014,2024-09-20,9,False,2024-W38
STR_W01,2840016014,2024-09-21,14,False,2024-W38
STR_W01,2840016014,2024-09-22,13,False,2024-W38
STR_W01,2840016014,2024-09-23,13,False,2024-W39
STR_W01,2840016014,2024-09-24,11,False,2024-W39
STR_W01,2840016014,2024-09-25,12,False,2024-W39
STR_W01,2840016014,2024-09-26,13,False,2024-W39
STR_W01,2840016014,2024-09-27,13,False,2024-W39
STR_W01,2840016014,2024-09-28,14,False,2024-W39
STR_W01,2840016014,2024-09-29,11,False,2024-W39
STR_W01,2840016014,2024-09-30,12,False,2024-W40
STR_W01,2840016014,2024-10-01,13,False,2024-W40
STR_W01,2840016014,2024-10-02,11,False,2024-W40
STR_W01,2840016014,2024-10-03,10,False,2024-W40
STR_W01,2840016014,2024-10-04,13,False,2024-W40
STR_W01,2840016014,2024-10-05,11,False,2024-W40
STR_W01,2840016014,2024-10-06,15,False,2024-W40
STR_W01,2840016014,2024-10-07,15,False,2024-W41
STR_W01,2840016014,2024-10-08,12,False,2024-W41
STR_W01,2840016014,2024-10-09,14,False,2024-W41
STR_W01,2840016014,2024-10-10,12,False,2024-W41
STR_W01,2840016014,2024-10-11,12,False,2024-W41
STR_W01,2840016014,2024-10-12,13,False,2024-W41
STR_W01,2840016014,2024-10-13,17,False,2024-W41
STR_W01,2840016014,2024-10-14,11,False,2024-W42
STR_W01,2840016014,2024-10-15,11,False,2024-W42
STR_W01,2840016014,2024-10-16,15,False,2024-W42
STR_W01,2840016014,2024-10-17,13,False,2024-W42
STR_W01,2840016014,2024-10-18,13,False,2024-W42
STR_W01,2840016014,2024-10-19,16,False,2024-W42
STR_W01,2840016014,2024-10-20,11,False,2024-W42
STR_W01,2840016014,2024-10-21,18,False,2024-W43
STR_W01,2840016014,2024-10-22,15,False,2024-W43
STR_W01,2840016014,2024-10-23,14,False,2024-W43
STR_W01,2840016014,2024-10-24,13,False,2024-W43
STR_W01,2840016014,2024-10-25,14,False,2024-W43
STR_W01,2840016014,2024-10-26,12,False,2024-W43
STR_W01,2840016014,2024-10-27,12,False,2024-W43
STR_W01,2840016014,2024-10-28,10,False,2024-W44
STR_W01,2840016014,2024-10-29,11,False,2024-W44
STR_W01,2840016014,2024-10-30,16,False,2024-W44
STR_W01,2840016014,2024-10-31,13,False,2024-W44
STR_W01,2840016014,2024-11-01,13,False,2024-W44
STR_W01,2840016014,2024-11-02,12,False,2024-W44
STR_W01,2840016014,2024-11-03,14,False,2024-W44
STR_W01,2840016014,2024-11-04,13,False,2024-W45
STR_W01,2840016014,2024-11-05,16,False,2024-W45
STR_W01,2840016014,2024-11-06,17,False,2024-W45
STR_W01,2840016014,2024-11-07,18,False,2024-W45
STR_W01,2840016014,2024-11-08,12,False,2024-W45
STR_W01,2840016014,2024-11-09,14,False,2024-W45
STR_W01,2840016014,2024-11-10,12,False,2024-W45
STR_W01,2840016014,2024-11-11,18,False,2024-W46
STR_W01,2840016014,2024-11-12,16,False,2024-W46
STR_W01,2840016014,2024-11-13,13,False,2024-W46
STR_W01,2840016014,2024-11-14,14,False,2024-W46
STR_W01,2840016014,2024-11-15,12,False,2024-W46
STR_W01,2840016014,2024-11-16,13,False,2024-W46
STR_W01,2840016014,2024-11-17,11,False,2024-W46
STR_W01,2840016014,2024-11-18,14,False,2024-W47
STR_W01,2840016014,2024-11-19,12,False,2024-W47
STR_W01,2840016014,2024-11-20,15,False,2024-W47
STR_W01,2840016014,2024-11-21,13,False,2024-W47
STR_W01,2840016014,2024-11-22,17,False,2024-W47
STR_W01,2840016014,2024-11-23,15,False,2024-W47
STR_W01,2840016014,2024-11-24,17,False,2024-W47
STR_W01,2840016014,2024-11-25,33,True,2024-W48
STR_W01,2840016014,2024-11-26,42,True,2024-W48
STR_W01,2840016014,2024-11-27,40,True,2024-W48
STR_W01,2840016014,2024-11-28,37,True,2024-W48
STR_W01,2840016014,2024-11-29,33,True,2024-W48
STR_W01,2840016014,2024-11-30,30,True,2024-W48
STR_W01,2840016014,2024-12-01,38,True,2024-W48
STR_W01,2840016014,2024-12-02,33,True,2024-W49
STR_W01,2840016014,2024-12-03,26,True,2024-W49
STR_W01,2840016014,2024-12-04,22,True,2024-W49
STR_W01,2840016014,2024-12-05,17,False,2024-W49
STR_W01,2840016014,2024-12-06,14,False,2024-W49
STR_W01,2840016014,2024-12-07,19,False,2024-W49
STR_W01,2840016014,2024-12-08,15,False,2024-W49
STR_W01,2840016014,2024-12-09,17,False,2024-W50
STR_W01,2840016014,2024-12-10,19,False,2024-W50
STR_W01,2840016014,2024-12-11,12,False,2024-W50
STR_W01,2840016014,2024-12-12,15,False,2024-W50
STR_W01,2840016014,2024-12-13,21,False,2024-W50
STR_W01,2840016014,2024-12-14,14,False,2024-W50
STR_W01,2840016014,2024-12-15,15,False,2024-W50
STR_W01,2840016014,2024-12-16,14,False,2024-W51
STR_W01,2840016014,2024-12-17,16,False,2024-W51
STR_W01,2840016014,2024-12-18,11,False,2024-W51
STR_W01,2840016014,2024-12-19,18,False,2024-W51
STR_W01,2840016014,2024-12-20,14,False,2024-W51
STR_W01,2840016014,2024-12-21,14,False,2024-W51
STR_W01,2840016014,2024-12-22,17,False,2024-W51
STR_W01,2840016014,2024-12-23,36,True,2024-W52
STR_W01,2840016014,2024-12-24,30,True,2024-W52
STR_W01,2840016014,2024-12-25,31,True,2024-W52
STR_W01,2840016014,2024-12-26,45,True,2024-W52
STR_W01,2840016014,2024-12-27,40,True,2024-W52
STR_W01,2840016014,2024-12-28,42,True,2024-W52
STR_W01,2840016014,2024-12-29,46,True,2024-W52
STR_W01,2840016014,2024-12-30,21,True,2025-W01
STR_W01,2840016014,2024-12-31,18,True,2025-W01
STR_W01,4900005010,2024-01-01,16,False,2024-W01
STR_W01,4900005010,2024-01-02,14,False,2024-W01
STR_W01,4900005010,2024-01-03,15,False,2024-W01
STR_W01,4900005010,2024-01-04,13,False,2024-W01
STR_W01,4900005010,2024-01-05,10,False,2024-W01
STR_W01,4900005010,2024-01-06,12,False,2024-W01
STR_W01,4900005010,2024-01-07,12,False,2024-W01
STR_W01,4900005010,2024-01-08,17,False,2024-W02
STR_W01,4900005010,2024-01-09,14,False,2024-W02
STR_W01,4900005010,2024-01-10,17,False,2024-W02
STR_W01,4900005010,2024-01-11,16,False,2024-W02
STR_W01,4900005010,2024-01-12,14,False,2024-W02
STR_W01,4900005010,2024-01-13,13,False,2024-W02
STR_W01,4900005010,2024-01-14,12,False,2024-W02
STR_W01,4900005010,2024-01-15,15,False,2024-W03
STR_W01,4900005010,2024-01-16,19,False,2024-W03
STR_W01,4900005010,2024-01-17,13,False,2024-W03
STR_W01,4900005010,2024-01-18,11,False,2024-W03
STR_W01,4900005010,2024-01-19,16,False,2024-W03
STR_W01,4900005010,2024-01-20,14,False,2024-W03
STR_W01,4900005010,2024-01-21,12,False,2024-W03
STR_W01,4900005010,2024-01-22,16,False,2024-W04
STR_W01,4900005010,2024-01-23,14,False,2024-W04
STR_W01,4900005010,2024-01-24,14,False,2024-W04
STR_W01,4900005010,2024-01-25,11,False,2024-W04
STR_W01,4900005010,2024-01-26,14,False,2024-W04
STR_W01,4900005010,2024-01-27,13,False,2024-W04
STR_W01,4900005010,2024-01-28,51,True,2024-W04
STR_W01,4900005010,2024-01-29,43,True,2024-W05
STR_W01,4900005010,2024-01-30,47,True,2024-W05
STR_W01,4900005010,2024-01-31,42,True,2024-W05
STR_W01,4900005010,2024-02-01,54,True,2024-W05
STR_W01,4900005010,2024-02-02,57,True,2024-W05
STR_W01,4900005010,2024-02-03,48,True,2024-W05
STR_W01,4900005010,2024-02-04,40,True,2024-W05
STR_W01,4900005010,2024-02-05,31,True,2024-W06
STR_W01,4900005010,2024-02-06,35,True,2024-W06
STR_W01,4900005010,2024-02-07,28,True,2024-W06
STR_W01,4900005010,2024-02-08,17,False,2024-W06
STR_W01,4900005010,2024-02-09,17,False,2024-W06
STR_W01,4900005010,2024-02-10,14,False,2024-W06
STR_W01,4900005010,2024-02-11,12,False,2024-W06
STR_W01,4900005010,2024-02-12,14,False,2024-W07
STR_W01,4900005010,2024-02-13,19,False,2024-W07
STR_W01,4900005010,2024-02-14,14,False,2024-W07
STR_W01,4900005010,2024-02-15,14,False,2024-W07
STR_W01,4900005010,2024-02-16,14,False,2024-W07
STR_W01,4900005010,2024-02-17,12,False,2024-W07
STR_W01,4900005010,2024-02-18,17,False,2024-W07
STR_W01,4900005010,2024-02-19,14,False,2024-W08
STR_W01,4900005010,2024-02-20,15,False,2024-W08
STR_W01,4900005010,2024-02-21,13,False,2024-W08
STR_W01,4900005010,2024-02-22,16,False,2024-W08
STR_W01,4900005010,2024-02-23,13,False,2024-W08
STR_W01,4900005010,2024-02-24,15,False,2024-W08
STR_W01,4900005010,2024-02-25,16,False,2024-W08
STR_W01,4900005010,2024-02-26,17,False,2024-W09
STR_W01,4900005010,2024-02-27,15,False,2024-W09
STR_W01,4900005010,2024-02-28,14,False,2024-W09
STR_W01,4900005010,2024-02-29,14,False,2024-W09
STR_W01,4900005010,2024-03-01,16,False,2024-W09
STR_W01,4900005010,2024-03-02,13,False,2024-W09
STR_W01,4900005010,2024-03-03,13,False,2024-W09
STR_W01,4900005010,2024-03-04,17,False,2024-W10
STR_W01,4900005010,2024-03-05,13,False,2024-W10
STR_W01,4900005010,2024-03-06,12,False,2024-W10
STR_W01,4900005010,2024-03-07,11,False,2024-W10
STR_W01,4900005010,2024-03-08,16,False,2024-W10
STR_W01,4900005010,2024-03-09,17,False,2024-W10
STR_W01,4900005010,2024-03-10,14,False,2024-W10
STR_W01,4900005010,2024-03-11,13,False,2024-W11
STR_W01,4900005010,2024-03-12,13,False,2024-W11
STR_W01,4900005010,2024-03-13,15,False,2024-W11
STR_W01,4900005010,2024-03-14,15,False,2024-W11
STR_W01,4900005010,2024-03-15,15,False,2024-W11
STR_W01,4900005010,2024-03-16,12,False,2024-W11
STR_W01,4900005010,2024-03-17,14,False,2024-W11
STR_W01,4900005010,2024-03-18,18,False,2024-W12
STR_W01,4900005010,2024-03-19,15,False,2024-W12
STR_W01,4900005010,2024-03-20,14,False,2024-W12
STR_W01,4900005010,2024-03-21,11,False,2024-W12
STR_W01,4900005010,2024-03-22,13,False,2024-W12
STR_W01,4900005010,2024-03-23,16,False,2024-W12
STR_W01,4900005010,2024-03-24,16,False,2024-W12
STR_W01,4900005010,2024-03-25,47,True,2024-W13
STR_W01,4900005010,2024-03-26,42,True,2024-W13
STR_W01,4900005010,2024-03-27,57,True,2024-W13
STR_W01,4900005010,2024-03-28,47,True,2024-W13
STR_W01,4900005010,2024-03-29,37,True,2024-W13
STR_W01,4900005010,2024-03-30,49,True,2024-W13
STR_W01,4900005010,2024-03-31,45,True,2024-W13
STR_W01,4900005010,2024-04-01,41,True,2024-W14
STR_W01,4900005010,2024-04-02,40,True,2024-W14
STR_W01,4900005010,2024-04-03,30,True,2024-W14
STR_W01,4900005010,2024-04-04,21,True,2024-W14
STR_W01,4900005010,2024-04-05,14,False,2024-W14
STR_W01,4900005010,2024-04-06,17,False,2024-W14
STR_W01,4900005010,2024-04-07,13,False,2024-W14
STR_W01,4900005010,2024-04-08,14,False,2024-W15
STR_W01,4900005010,2024-04-09,17,False,2024-W15
STR_W01,4900005010,2024-04-10,15,False,2024-W15
STR_W01,4900005010,2024-04-11,21,False,2024-W15
STR_W01,4900005010,2024-04-12,15,False,2024-W15
STR_W01,4900005010,2024-04-13,16,False,2024-W15
STR_W01,4900005010,2024-04-14,16,False,2024-W15
STR_W01,4900005010,2024-04-15,16,False,2024-W16
STR_W01,4900005010,2024-04-16,17,False,2024-W16
STR_W01,4900005010,2024-04-17,13,False,2024-W16
STR_W01,4900005010,2024-04-18,15,False,2024-W16
STR_W01,4900005010,2024-04-19,14,False,2024-W16
STR_W01,4900005010,2024-04-20,18,False,2024-W16
STR_W01,4900005010,2024-04-21,15,False,2024-W16
STR_W01,4900005010,2024-04-22,14,False,2024-W17
STR_W01,4900005010,2024-04-23,16,False,2024-W17
STR_W01,4900005010,2024-04-24,15,False,2024-W17
STR_W01,4900005010,2024-04-25,19,False,2024-W17
STR_W01,4900005010,2024-04-26,15,False,2024-W17
STR_W01,4900005010,2024-04-27,15,False,2024-W17
STR_W01,4900005010,2024-04-28,18,False,2024-W17
STR_W01,4900005010,2024-04-29,19,False,2024-W18
STR_W01,4900005010,2024-04-30,15,False,2024-W18
STR_W01,4900005010,2024-05-01,15,False,2024-W18
STR_W01,4900005010,2024-05-02,19,False,2024-W18
STR_W01,4900005010,2024-05-03,15,False,2024-W18
STR_W01,4900005010,2024-05-04,16,False,2024-W18
STR_W01,4900005010,2024-05-05,13,False,2024-W18
STR_W01,4900005010,2024-05-06,21,False,2024-W19
STR_W01,4900005010,2024-05-07,18,False,2024-W19
STR_W01,4900005010,2024-05-08,20,False,2024-W19
STR_W01,4900005010,2024-05-09,16,False,2024-W19
STR_W01,4900005010,2024-05-10,17,False,2024-W19
STR_W01,4900005010,2024-05-11,16,False,2024-W19
STR_W01,4900005010,2024-05-12,18,False,2024-W19
STR_W01,4900005010,2024-05-13,13,False,2024-W20
STR_W01,4900005010,2024-05-14,17,False,2024-W20
STR_W01,4900005010,2024-05-15,19,False,2024-W20
STR_W01,4900005010,2024-05-16,17,False,2024-W20
STR_W01,4900005010,2024-05-17,16,False,2024-W20
STR_W01,4900005010,2024-05-18,18,False,2024-W20
STR_W01,4900005010,2024-05-19,11,False,2024-W20
STR_W01,4900005010,2024-05-20,13,False,2024-W21
STR_W01,4900005010,2024-05-21,16,False,2024-W21
STR_W01,4900005010,2024-05-22,15,False,2024-W21
STR_W01,4900005010,2024-05-23,16,False,2024-W21
STR_W01,4900005010,2024-05-24,14,False,2024-W21
STR_W01,4900005010,2024-05-25,16,False,2024-W21
STR_W01,4900005010,2024-05-26,16,False,2024-W21
STR_W01,4900005010,2024-05-27,46,True,2024-W22
STR_W01,4900005010,2024-05-28,58,True,2024-W22
STR_W01,4900005010,2024-05-29,60,True,2024-W22
STR_W01,4900005010,2024-05-30,65,True,2024-W22
STR_W01,4900005010,2024-05-31,61,True,2024-W22
STR_W01,4900005010,2024-06-01,49,True,2024-W22
STR_W01,4900005010,2024-06-02,51,True,2024-W22
STR_W01,4900005010,2024-06-03,55,True,2024-W23
STR_W01,4900005010,2024-06-04,40,True,2024-W23
STR_W01,4900005010,2024-06-05,27,True,2024-W23
STR_W01,4900005010,2024-06-06,21,True,2024-W23
STR_W01,4900005010,2024-06-07,16,False,2024-W23
STR_W01,4900005010,2024-06-08,20,False,2024-W23
STR_W01,4900005010,2024-06-09,18,False,2024-W23
STR_W01,4900005010,2024-06-10,18,False,2024-W24
STR_W01,4900005010,2024-06-11,18,False,2024-W24
STR_W01,4900005010,2024-06-12,23,False,2024-W24
STR_W01,4900005010,2024-06-13,14,False,2024-W24
STR_W01,4900005010,2024-06-14,18,False,2024-W24
STR_W01,4900005010,2024-06-15,18,False,2024-W24
STR_W01,4900005010,2024-06-16,22,False,2024-W24
STR_W01,4900005010,2024-06-17,16,False,2024-W25
STR_W01,4900005010,2024-06-18,16,False,2024-W25
STR_W01,4900005010,2024-06-19,19,False,2024-W25
STR_W01,4900005010,2024-06-20,14,False,2024-W25
STR_W01,4900005010,2024-06-21,19,False,2024-W25
STR_W01,4900005010,2024-06-22,13,False,2024-W25
STR_W01,4900005010,2024-06-23,18,False,2024-W25
STR_W01,4900005010,2024-06-24,16,False,2024-W26
STR_W01,4900005010,2024-06-25,16,False,2024-W26
STR_W01,4900005010,2024-06-26,16,False,2024-W26
STR_W01,4900005010,2024-06-27,15,False,2024-W26
STR_W01,4900005010,2024-06-28,17,False,2024-W26
STR_W01,4900005010,2024-06-29,18,False,2024-W26
STR_W01,4900005010,2024-06-30,21,False,2024-W26
STR_W01,4900005010,2024-07-01,40,True,2024-W27
STR_W01,4900005010,2024-07-02,50,True,2024-W27
STR_W01,4900005010,2024-07-03,42,True,2024-W27
STR_W01,4900005010,2024-07-04,61,True,2024-W27
STR_W01,4900005010,2024-07-05,48,True,2024-W27
STR_W01,4900005010,2024-07-06,93,True,2024-W27
STR_W01,4900005010,2024-07-07,44,True,2024-W27
STR_W01,4900005010,2024-07-08,33,True,2024-W28
STR_W01,4900005010,2024-07-09,42,True,2024-W28
STR_W01,4900005010,2024-07-10,26,True,2024-W28
STR_W01,4900005010,2024-07-11,23,True,2024-W28
STR_W01,4900005010,2024-07-12,18,False,2024-W28
STR_W01,4900005010,2024-07-13,16,False,2024-W28
STR_W01,4900005010,2024-07-14,17,False,2024-W28
STR_W01,4900005010,2024-07-15,15,False,2024-W29
STR_W01,4900005010,2024-07-16,15,False,2024-W29
STR_W01,4900005010,2024-07-17,14,False,2024-W29
STR_W01,4900005010,2024-07-18,15,False,2024-W29
STR_W01,4900005010,2024-07-19,19,False,2024-W29
STR_W01,4900005010,2024-07-20,19,False,2024-W29
STR_W01,4900005010,2024-07-21,18,False,2024-W29
STR_W01,4900005010,2024-07-22,13,False,2024-W30
STR_W01,4900005010,2024-07-23,18,False,2024-W30
STR_W01,4900005010,2024-07-24,15,False,2024-W30
STR_W01,4900005010,2024-07-25,19,False,2024-W30
STR_W01,4900005010,2024-07-26,16,False,2024-W30
STR_W01,4900005010,2024-07-27,17,False,2024-W30
STR_W01,4900005010,2024-07-28,18,False,2024-W30
STR_W01,4900005010,2024-07-29,19,False,2024-W31
STR_W01,4900005010,2024-07-30,15,False,2024-W31
STR_W01,4900005010,2024-07-31,20,False,2024-W31
STR_W01,4900005010,2024-08-01,16,False,2024-W31
STR_W01,4900005010,2024-08-02,16,False,2024-W31
STR_W01,4900005010,2024-08-03,23,False,2024-W31
STR_W01,4900005010,2024-08-04,12,False,2024-W31
STR_W01,4900005010,2024-08-05,14,False,2024-W32
STR_W01,4900005010,2024-08-06,21,False,2024-W32
STR_W01,4900005010,2024-08-07,15,False,2024-W32
STR_W01,4900005010,2024-08-08,15,False,2024-W32
STR_W01,4900005010,2024-08-09,14,False,2024-W32
STR_W01,4900005010,2024-08-10,19,False,2024-W32
STR_W01,4900005010,2024-08-11,16,False,2024-W32
STR_W01,4900005010,2024-08-12,38,True,2024-W33
STR_W01,4900005010,2024-08-13,52,True,2024-W33
STR_W01,4900005010,2024-08-14,46,True,2024-W33
STR_W01,4900005010,2024-08-15,43,True,2024-W33
STR_W01,4900005010,2024-08-16,56,True,2024-W33
STR_W01,4900005010,2024-08-17,47,True,2024-W33
STR_W01,4900005010,2024-08-18,55,True,2024-W33
STR_W01,4900005010,2024-08-19,42,True,2024-W34
STR_W01,4900005010,2024-08-20,35,True,2024-W34
STR_W01,4900005010,2024-08-21,35,True,2024-W34
STR_W01,4900005010,2024-08-22,22,True,2024-W34
STR_W01,4900005010,2024-08-23,15,False,2024-W34
STR_W01,4900005010,2024-08-24,12,False,2024-W34
STR_W01,4900005010,2024-08-25,15,False,2024-W34
STR_W01,4900005010,2024-08-26,16,False,2024-W35
STR_W01,4900005010,2024-08-27,19,False,2024-W35
STR_W01,4900005010,2024-08-28,17,False,2024-W35
STR_W01,4900005010,2024-08-29,13,False,2024-W35
STR_W01,4900005010,2024-08-30,11,False,2024-W35
STR_W01,4900005010,2024-08-31,16,False,2024-W35
STR_W01,4900005010,2024-09-01,16,False,2024-W35
STR_W01,4900005010,2024-09-02,44,True,2024-W36
STR_W01,4900005010,2024-09-03,48,True,2024-W36
STR_W01,4900005010,2024-09-04,37,True,2024-W36
STR_W01,4900005010,2024-09-05,67,True,2024-W36
STR_W01,4900005010,2024-09-06,52,True,2024-W36
STR_W01,4900005010,2024-09-07,47,True,2024-W36
STR_W01,4900005010,2024-09-08,51,True,2024-W36
STR_W01,4900005010,2024-09-09,42,True,2024-W37
STR_W01,4900005010,2024-09-10,32,True,2024-W37
STR_W01,4900005010,2024-09-11,29,True,2024-W37
STR_W01,4900005010,2024-09-12,19,True,2024-W37
STR_W01,4900005010,2024-09-13,16,False,2024-W37
STR_W01,4900005010,2024-09-14,13,False,2024-W37
STR_W01,4900005010,2024-09-15,16,False,2024-W37
STR_W01,4900005010,2024-09-16,12,False,2024-W38
STR_W01,4900005010,2024-09-17,15,False,2024-W38
STR_W01,4900005010,2024-09-18,15,False,2024-W38
STR_W01,4900005010,2024-09-19,15,False,2024-W38
STR_W01,4900005010,2024-09-20,14,False,2024-W38
STR_W01,4900005010,2024-09-21,15,False,2024-W38
STR_W01,4900005010,2024-09-22,18,False,2024-W38
STR_W01,4900005010,2024-09-23,18,False,2024-W39
STR_W01,4900005010,2024-09-24,13,False,2024-W39
STR_W01,4900005010,2024-09-25,22,False,2024-W39
STR_W01,4900005010,2024-09-26,17,False,2024-W39
STR_W01,4900005010,2024-09-27,13,False,2024-W39
STR_W01,4900005010,2024-09-28,14,False,2024-W39
STR_W01,4900005010,2024-09-29,12,False,2024-W39
STR_W01,4900005010,2024-09-30,11,False,2024-W40
STR_W01,4900005010,2024-10-01,19,False,2024-W40
STR_W01,4900005010,2024-10-02,14,False,2024-W40
STR_W01,4900005010,2024-10-03,17,False,2024-W40
STR_W01,4900005010,2024-10-04,17,False,2024-W40
STR_W01,4900005010,2024-10-05,15,False,2024-W40
STR_W01,4900005010,2024-10-06,20,False,2024-W40
STR_W01,4900005010,2024-10-07,16,False,2024-W41
STR_W01,4900005010,2024-10-08,14,False,2024-W41
STR_W01,4900005010,2024-10-09,20,False,2024-W41
STR_W01,4900005010,2024-10-10,14,False,2024-W41
STR_W01,4900005010,2024-10-11,19,False,2024-W41
STR_W01,4900005010,2024-10-12,17,False,2024-W41
STR_W01,4900005010,2024-10-13,21,False,2024-W41
STR_W01,4900005010,2024-10-14,17,False,2024-W42
STR_W01,4900005010,2024-10-15,20,False,2024-W42
STR_W01,4900005010,2024-10-16,17,False,2024-W42
STR_W01,4900005010,2024-10-17,22,False,2024-W42
STR_W01,4900005010,2024-10-18,21,False,2024-W42
STR_W01,4900005010,2024-10-19,19,False,2024-W42
STR_W01,4900005010,2024-10-20,19,False,2024-W42
STR_W01,4900005010,2024-10-21,18,False,2024-W43
STR_W01,4900005010,2024-10-22,19,False,2024-W43
STR_W01,4900005010,2024-10-23,16,False,2024-W43
STR_W01,4900005010,2024-10-24,15,False,2024-W43
STR_W01,4900005010,2024-10-25,14,False,2024-W43
STR_W01,4900005010,2024-10-26,16,False,2024-W43
STR_W01,4900005010,2024-10-27,21,False,2024-W43
STR_W01,4900005010,2024-10-28,18,False,2024-W44
STR_W01,4900005010,2024-10-29,17,False,2024-W44
STR_W01,4900005010,2024-10-30,15,False,2024-W44
STR_W01,4900005010,2024-10-31,16,False,2024-W44
STR_W01,4900005010,2024-11-01,18,False,2024-W44
STR_W01,4900005010,2024-11-02,18,False,2024-W44
STR_W01,4900005010,2024-11-03,17,False,2024-W44
STR_W01,4900005010,2024-11-04,14,False,2024-W45
STR_W01,4900005010,2024-11-05,29,False,2024-W45
STR_W01,4900005010,2024-11-06,18,False,2024-W45
STR_W01,4900005010,2024-11-07,18,False,2024-W45
STR_W01,4900005010,2024-11-08,17,False,2024-W45
STR_W01,4900005010,2024-11-09,19,False,2024-W45
STR_W01,4900005010,2024-11-10,17,False,2024-W45
STR_W01,4900005010,2024-11-11,21,False,2024-W46
STR_W01,4900005010,2024-11-12,16,False,2024-W46
STR_W01,4900005010,2024-11-13,15,False,2024-W46
STR_W01,4900005010,2024-11-14,18,False,2024-W46
STR_W01,4900005010,2024-11-15,17,False,2024-W46
STR_W01,4900005010,2024-11-16,14,False,2024-W46
STR_W01,4900005010,2024-11-17,18,False,2024-W46
STR_W01,4900005010,2024-11-18,15,False,2024-W47
STR_W01,4900005010,2024-11-19,23,False,2024-W47
STR_W01,4900005010,2024-11-20,22,False,2024-W47
STR_W01,4900005010,2024-11-21,19,False,2024-W47
STR_W01,4900005010,2024-11-22,25,False,2024-W47
STR_W01,4900005010,2024-11-23,24,False,2024-W47
STR_W01,4900005010,2024-11-24,20,False,2024-W47
STR_W01,4900005010,2024-11-25,67,True,2024-W48
STR_W01,4900005010,2024-11-26,60,True,2024-W48
STR_W01,4900005010,2024-11-27,48,True,2024-W48
STR_W01,4900005010,2024-11-28,63,True,2024-W48
STR_W01,4900005010,2024-11-29,59,True,2024-W48
STR_W01,4900005010,2024-11-30,49,True,2024-W48
STR_W01,4900005010,2024-12-01,56,True,2024-W48
STR_W01,4900005010,2024-12-02,78,True,2024-W49
STR_W01,4900005010,2024-12-03,53,True,2024-W49
STR_W01,4900005010,2024-12-04,44,True,2024-W49
STR_W01,4900005010,2024-12-05,23,True,2024-W49
STR_W01,4900005010,2024-12-06,16,False,2024-W49
STR_W01,4900005010,2024-12-07,18,False,2024-W49
STR_W01,4900005010,2024-12-08,21,False,2024-W49
STR_W01,4900005010,2024-12-09,21,False,2024-W50
STR_W01,4900005010,2024-12-10,31,False,2024-W50
STR_W01,4900005010,2024-12-11,25,False,2024-W50
STR_W01,4900005010,2024-12-12,19,False,2024-W50
STR_W01,4900005010,2024-12-13,22,False,2024-W50
STR_W01,4900005010,2024-12-14,18,False,2024-W50
STR_W01,4900005010,2024-12-15,21,False,2024-W50
STR_W01,4900005010,2024-12-16,21,False,2024-W51
STR_W01,4900005010,2024-12-17,18,False,2024-W51
STR_W01,4900005010,2024-12-18,24,False,2024-W51
STR_W01,4900005010,2024-12-19,20,False,2024-W51
STR_W01,4900005010,2024-12-20,21,False,2024-W51
STR_W01,4900005010,2024-12-21,19,False,2024-W51
STR_W01,4900005010,2024-12-22,23,False,2024-W51
STR_W01,4900005010,2024-12-23,196,True,2024-W52
STR_W01,4900005010,2024-12-24,157,True,2024-W52
STR_W01,4900005010,2024-12-25,199,True,2024-W52
STR_W01,4900005010,2024-12-26,229,True,2024-W52
STR_W01,4900005010,2024-12-27,191,True,2024-W52
STR_W01,4900005010,2024-12-28,197,True,2024-W52
STR_W01,4900005010,2024-12-29,161,True,2024-W52
STR_W01,4900005010,2024-12-30,75,True,2025-W01
STR_W01,4900005010,2024-12-31,76,True,2025-W01
