store_id,item_id,date,week,on_hand_qty,on_order_qty,inventory_status,woc
STR_E01,1200080994,2024-01-01,2024-W01,247.0,0.0,LOW,1.96
STR_E01,2840016014,2024-01-01,2024-W01,146.0,0.0,LOW,1.49
STR_E01,4900005010,2024-01-01,2024-W01,192.0,0.0,LOW,1.83
STR_E02,1200080994,2024-01-01,2024-W01,259.0,0.0,AVAILABLE,2.31
STR_E02,2840016014,2024-01-01,2024-W01,143.0,0.0,LOW,1.7
STR_E02,4900005010,2024-01-01,2024-W01,200.0,0.0,AVAILABLE,2.38
STR_W01,1200080994,2024-01-01,2024-W01,256.0,0.0,AVAILABLE,2.61
STR_W01,2840016014,2024-01-01,2024-W01,145.0,0.0,LOW,1.73
STR_W01,4900005010,2024-01-01,2024-W01,198.0,0.0,LOW,1.77
STR_E01,1200080994,2024-01-02,2024-W01,229.0,131.0,LOW,1.82
STR_E01,2840016014,2024-01-02,2024-W01,137.0,148.0,LOW,1.7
STR_E01,4900005010,2024-01-02,2024-W01,180.0,123.0,LOW,1.9
STR_E02,1200080994,2024-01-02,2024-W01,245.0,0.0,AVAILABLE,2.33
STR_E02,2840016014,2024-01-02,2024-W01,134.0,109.0,LOW,1.82
STR_E02,4900005010,2024-01-02,2024-W01,188.0,0.0,AVAILABLE,2.24
STR_W01,1200080994,2024-01-02,2024-W01,241.0,0.0,AVAILABLE,2.37
STR_W01,2840016014,2024-01-02,2024-W01,134.0,107.0,LOW,1.66
STR_W01,4900005010,2024-01-02,2024-W01,184.0,138.0,LOW,1.75
STR_E01,1200080994,2024-01-03,2024-W01,339.0,0.0,AVAILABLE,2.55
STR_E01,2840016014,2024-01-03,2024-W01,275.0,0.0,AVAILABLE,3.57
STR_E01,4900005010,2024-01-03,2024-W01,291.0,0.0,AVAILABLE,3.2
STR_E02,1200080994,2024-01-03,2024-W01,229.0,0.0,AVAILABLE,2.13
STR_E02,2840016014,2024-01-03,2024-W01,235.0,0.0,AVAILABLE,3.47
STR_E02,4900005010,2024-01-03,2024-W01,174.0,0.0,LOW,1.96
STR_W01,1200080994,2024-01-03,2024-W01,225.0,0.0,AVAILABLE,2.14
STR_W01,2840016014,2024-01-03,2024-W01,229.0,0.0,AVAILABLE,2.8
STR_W01,4900005010,2024-01-03,2024-W01,307.0,0.0,AVAILABLE,2.92
STR_E01,1200080994,2024-01-04,2024-W01,323.0,0.0,AVAILABLE,2.53
STR_E01,2840016014,2024-01-04,2024-W01,267.0,0.0,AVAILABLE,3.72
STR_E01,4900005010,2024-01-04,2024-W01,278.0,0.0,AVAILABLE,3.05
STR_E02,1200080994,2024-01-04,2024-W01,215.0,0.0,AVAILABLE,2.05
STR_E02,2840016014,2024-01-04,2024-W01,223.0,0.0,AVAILABLE,3.11
STR_E02,4900005010,2024-01-04,2024-W01,159.0,0.0,LOW,1.71
STR_W01,1200080994,2024-01-04,2024-W01,207.0,0.0,LOW,1.88
STR_W01,2840016014,2024-01-04,2024-W01,218.0,0.0,AVAILABLE,2.71
STR_W01,4900005010,2024-01-04,2024-W01,294.0,0.0,AVAILABLE,2.9
STR_E01,1200080994,2024-01-05,2024-W01,307.0,0.0,AVAILABLE,2.46
STR_E01,2840016014,2024-01-05,2024-W01,257.0,0.0,AVAILABLE,3.6
STR_E01,4900005010,2024-01-05,2024-W01,266.0,0.0,AVAILABLE,2.97
STR_E02,1200080994,2024-01-05,2024-W01,199.0,0.0,LOW,1.87
STR_E02,2840016014,2024-01-05,2024-W01,214.0,0.0,AVAILABLE,3.06
STR_E02,4900005010,2024-01-05,2024-W01,144.0,0.0,LOW,1.51
STR_W01,1200080994,2024-01-05,2024-W01,190.0,0.0,LOW,1.7
STR_W01,2840016014,2024-01-05,2024-W01,211.0,0.0,AVAILABLE,2.84
STR_W01,4900005010,2024-01-05,2024-W01,284.0,0.0,AVAILABLE,2.98
STR_E01,1200080994,2024-01-06,2024-W01,292.0,0.0,AVAILABLE,2.41
STR_E01,2840016014,2024-01-06,2024-W01,247.0,0.0,AVAILABLE,3.47
STR_E01,4900005010,2024-01-06,2024-W01,250.0,0.0,AVAILABLE,2.68
STR_E02,1200080994,2024-01-06,2024-W01,186.0,0.0,LOW,1.79
STR_E02,2840016014,2024-01-06,2024-W01,206.0,0.0,AVAILABLE,3.04
STR_E02,4900005010,2024-01-06,2024-W01,129.0,0.0,LOW,1.33
STR_W01,1200080994,2024-01-06,2024-W01,173.0,0.0,LOW,1.53
STR_W01,2840016014,2024-01-06,2024-W01,201.0,0.0,AVAILABLE,2.73
STR_W01,4900005010,2024-01-06,2024-W01,272.0,0.0,AVAILABLE,2.91
STR_E01,1200080994,2024-01-07,2024-W01,276.0,0.0,AVAILABLE,2.3
STR_E01,2840016014,2024-01-07,2024-W01,236.0,0.0,AVAILABLE,3.28
STR_E01,4900005010,2024-01-07,2024-W01,237.0,0.0,AVAILABLE,2.55
STR_E02,1200080994,2024-01-07,2024-W01,169.0,0.0,LOW,1.59
STR_E02,2840016014,2024-01-07,2024-W01,192.0,0.0,AVAILABLE,2.67
STR_E02,4900005010,2024-01-07,2024-W01,114.0,0.0,LOW,1.16
STR_W01,1200080994,2024-01-07,2024-W01,155.0,0.0,LOW,1.35
STR_W01,2840016014,2024-01-07,2024-W01,190.0,0.0,AVAILABLE,2.57
STR_W01,4900005010,2024-01-07,2024-W01,260.0,0.0,AVAILABLE,2.83
STR_E01,1200080994,2024-01-08,2024-W02,257.0,0.0,AVAILABLE,2.11
STR_E01,2840016014,2024-01-08,2024-W02,226.0,0.0,AVAILABLE,3.15
STR_E01,4900005010,2024-01-08,2024-W02,228.0,0.0,AVAILABLE,2.55
STR_E02,1200080994,2024-01-08,2024-W02,147.0,0.0,LOW,1.31
STR_E02,2840016014,2024-01-08,2024-W02,179.0,0.0,AVAILABLE,2.41
STR_E02,4900005010,2024-01-08,2024-W02,102.0,0.0,LOW,1.06
STR_W01,1200080994,2024-01-08,2024-W02,141.0,0.0,LOW,1.25
STR_W01,2840016014,2024-01-08,2024-W02,180.0,0.0,AVAILABLE,2.45
STR_W01,4900005010,2024-01-08,2024-W02,243.0,0.0,AVAILABLE,2.55
STR_E01,1200080994,2024-01-09,2024-W02,239.0,0.0,LOW,1.96
STR_E01,2840016014,2024-01-09,2024-W02,211.0,0.0,AVAILABLE,2.8
STR_E01,4900005010,2024-01-09,2024-W02,218.0,0.0,AVAILABLE,2.5
STR_E02,1200080994,2024-01-09,2024-W02,130.0,189.0,LOW,1.15
STR_E02,2840016014,2024-01-09,2024-W02,164.0,0.0,AVAILABLE,2.11
STR_E02,4900005010,2024-01-09,2024-W02,91.0,187.0,LOW,0.97
STR_W01,1200080994,2024-01-09,2024-W02,126.0,198.0,LOW,1.12
STR_W01,2840016014,2024-01-09,2024-W02,170.0,0.0,AVAILABLE,2.33
STR_W01,4900005010,2024-01-09,2024-W02,229.0,0.0,AVAILABLE,2.39
STR_E01,1200080994,2024-01-10,2024-W02,223.0,0.0,LOW,1.84
STR_E01,2840016014,2024-01-10,2024-W02,201.0,0.0,AVAILABLE,2.68
STR_E01,4900005010,2024-01-10,2024-W02,203.0,0.0,AVAILABLE,2.28
STR_E02,1200080994,2024-01-10,2024-W02,306.0,0.0,AVAILABLE,2.77
STR_E02,2840016014,2024-01-10,2024-W02,154.0,0.0,AVAILABLE,2.0
STR_E02,4900005010,2024-01-10,2024-W02,267.0,0.0,AVAILABLE,2.89
STR_W01,1200080994,2024-01-10,2024-W02,308.0,0.0,AVAILABLE,2.75
STR_W01,2840016014,2024-01-10,2024-W02,159.0,0.0,AVAILABLE,2.16
STR_W01,4900005010,2024-01-10,2024-W02,212.0,0.0,AVAILABLE,2.16
STR_E01,1200080994,2024-01-11,2024-W02,208.0,0.0,LOW,1.74
STR_E01,2840016014,2024-01-11,2024-W02,191.0,0.0,AVAILABLE,2.57
STR_E01,4900005010,2024-01-11,2024-W02,189.0,0.0,AVAILABLE,2.11
STR_E02,1200080994,2024-01-11,2024-W02,291.0,0.0,AVAILABLE,2.64
STR_E02,2840016014,2024-01-11,2024-W02,140.0,0.0,LOW,1.77
STR_E02,4900005010,2024-01-11,2024-W02,254.0,0.0,AVAILABLE,2.75
STR_W01,1200080994,2024-01-11,2024-W02,292.0,0.0,AVAILABLE,2.61
STR_W01,2840016014,2024-01-11,2024-W02,148.0,0.0,AVAILABLE,2.0
STR_W01,4900005010,2024-01-11,2024-W02,196.0,0.0,LOW,1.97
STR_E01,1200080994,2024-01-12,2024-W02,191.0,0.0,LOW,1.6
STR_E01,2840016014,2024-01-12,2024-W02,180.0,0.0,AVAILABLE,2.41
STR_E01,4900005010,2024-01-12,2024-W02,176.0,0.0,LOW,1.96
STR_E02,1200080994,2024-01-12,2024-W02,270.0,0.0,AVAILABLE,2.39
STR_E02,2840016014,2024-01-12,2024-W02,128.0,0.0,LOW,1.61
STR_E02,4900005010,2024-01-12,2024-W02,242.0,0.0,AVAILABLE,2.64
STR_W01,1200080994,2024-01-12,2024-W02,275.0,0.0,AVAILABLE,2.44
STR_W01,2840016014,2024-01-12,2024-W02,136.0,0.0,LOW,1.82
STR_W01,4900005010,2024-01-12,2024-W02,182.0,0.0,LOW,1.84
STR_E01,1200080994,2024-01-13,2024-W02,176.0,0.0,LOW,1.49
STR_E01,2840016014,2024-01-13,2024-W02,169.0,0.0,AVAILABLE,2.26
STR_E01,4900005010,2024-01-13,2024-W02,162.0,0.0,LOW,1.79
STR_E02,1200080994,2024-01-13,2024-W02,251.0,0.0,AVAILABLE,2.19
STR_E02,2840016014,2024-01-13,2024-W02,119.0,0.0,LOW,1.52
STR_E02,4900005010,2024-01-13,2024-W02,222.0,0.0,AVAILABLE,2.33
STR_W01,1200080994,2024-01-13,2024-W02,256.0,0.0,AVAILABLE,2.24
STR_W01,2840016014,2024-01-13,2024-W02,126.0,0.0,LOW,1.7
STR_W01,4900005010,2024-01-13,2024-W02,169.0,0.0,LOW,1.72
STR_E01,1200080994,2024-01-14,2024-W02,157.0,0.0,LOW,1.31
STR_E01,2840016014,2024-01-14,2024-W02,157.0,0.0,AVAILABLE,2.08
STR_E01,4900005010,2024-01-14,2024-W02,142.0,0.0,LOW,1.51
STR_E02,1200080994,2024-01-14,2024-W02,233.0,0.0,AVAILABLE,2.02
STR_E02,2840016014,2024-01-14,2024-W02,108.0,0.0,LOW,1.38
STR_E02,4900005010,2024-01-14,2024-W02,210.0,0.0,AVAILABLE,2.22
STR_W01,1200080994,2024-01-14,2024-W02,237.0,0.0,AVAILABLE,2.05
STR_W01,2840016014,2024-01-14,2024-W02,117.0,0.0,LOW,1.59
STR_W01,4900005010,2024-01-14,2024-W02,157.0,0.0,LOW,1.61
STR_E01,1200080994,2024-01-15,2024-W03,142.0,0.0,LOW,1.2
STR_E01,2840016014,2024-01-15,2024-W03,145.0,0.0,LOW,1.91
STR_E01,4900005010,2024-01-15,2024-W03,130.0,0.0,LOW,1.39
STR_E02,1200080994,2024-01-15,2024-W03,216.0,0.0,LOW,1.87
STR_E02,2840016014,2024-01-15,2024-W03,99.0,0.0,LOW,1.29
STR_E02,4900005010,2024-01-15,2024-W03,197.0,0.0,AVAILABLE,2.09
STR_W01,1200080994,2024-01-15,2024-W03,218.0,0.0,LOW,1.87
STR_W01,2840016014,2024-01-15,2024-W03,108.0,0.0,LOW,1.48
STR_W01,4900005010,2024-01-15,2024-W03,142.0,0.0,LOW,1.45
STR_E01,1200080994,2024-01-16,2024-W03,124.0,214.0,LOW,1.04
STR_E01,2840016014,2024-01-16,2024-W03,134.0,83.0,LOW,1.76
STR_E01,4900005010,2024-01-16,2024-W03,115.0,150.0,LOW,1.22
STR_E02,1200080994,2024-01-16,2024-W03,198.0,131.0,LOW,1.7
STR_E02,2840016014,2024-01-16,2024-W03,87.0,132.0,LOW,1.12
STR_E02,4900005010,2024-01-16,2024-W03,177.0,0.0,LOW,1.82
STR_W01,1200080994,2024-01-16,2024-W03,200.0,132.0,LOW,1.71
STR_W01,2840016014,2024-01-16,2024-W03,97.0,110.0,LOW,1.33
STR_W01,4900005010,2024-01-16,2024-W03,123.0,152.0,LOW,1.23
STR_E01,1200080994,2024-01-17,2024-W03,322.0,0.0,AVAILABLE,2.72
STR_E01,2840016014,2024-01-17,2024-W03,124.0,83.0,LOW,1.64
STR_E01,4900005010,2024-01-17,2024-W03,247.0,0.0,AVAILABLE,2.57
STR_E02,1200080994,2024-01-17,2024-W03,305.0,0.0,AVAILABLE,2.55
STR_E02,2840016014,2024-01-17,2024-W03,209.0,0.0,AVAILABLE,2.71
STR_E02,4900005010,2024-01-17,2024-W03,165.0,0.0,LOW,1.71
STR_W01,1200080994,2024-01-17,2024-W03,313.0,0.0,AVAILABLE,2.65
STR_W01,2840016014,2024-01-17,2024-W03,85.0,110.0,LOW,1.15
STR_W01,4900005010,2024-01-17,2024-W03,262.0,0.0,AVAILABLE,2.63
STR_E01,1200080994,2024-01-18,2024-W03,307.0,0.0,AVAILABLE,2.61
STR_E01,2840016014,2024-01-18,2024-W03,115.0,83.0,LOW,1.53
STR_E01,4900005010,2024-01-18,2024-W03,233.0,0.0,AVAILABLE,2.43
STR_E02,1200080994,2024-01-18,2024-W03,290.0,0.0,AVAILABLE,2.44
STR_E02,2840016014,2024-01-18,2024-W03,196.0,0.0,AVAILABLE,2.52
STR_E02,4900005010,2024-01-18,2024-W03,151.0,0.0,LOW,1.57
STR_W01,1200080994,2024-01-18,2024-W03,291.0,0.0,AVAILABLE,2.42
STR_W01,2840016014,2024-01-18,2024-W03,185.0,0.0,AVAILABLE,2.52
STR_W01,4900005010,2024-01-18,2024-W03,251.0,0.0,AVAILABLE,2.55
STR_E01,1200080994,2024-01-19,2024-W03,292.0,0.0,AVAILABLE,2.49
STR_E01,2840016014,2024-01-19,2024-W03,186.0,0.0,AVAILABLE,2.46
STR_E01,4900005010,2024-01-19,2024-W03,215.0,0.0,AVAILABLE,2.2
STR_E02,1200080994,2024-01-19,2024-W03,276.0,0.0,AVAILABLE,2.35
STR_E02,2840016014,2024-01-19,2024-W03,185.0,0.0,AVAILABLE,2.38
STR_E02,4900005010,2024-01-19,2024-W03,136.0,0.0,LOW,1.4
STR_W01,1200080994,2024-01-19,2024-W03,276.0,0.0,AVAILABLE,2.31
STR_W01,2840016014,2024-01-19,2024-W03,177.0,0.0,AVAILABLE,2.44
STR_W01,4900005010,2024-01-19,2024-W03,235.0,0.0,AVAILABLE,2.37
STR_E01,1200080994,2024-01-20,2024-W03,276.0,0.0,AVAILABLE,2.36
STR_E01,2840016014,2024-01-20,2024-W03,173.0,0.0,AVAILABLE,2.27
STR_E01,4900005010,2024-01-20,2024-W03,202.0,0.0,AVAILABLE,2.08
STR_E02,1200080994,2024-01-20,2024-W03,253.0,0.0,AVAILABLE,2.11
STR_E02,2840016014,2024-01-20,2024-W03,172.0,0.0,AVAILABLE,2.19
STR_E02,4900005010,2024-01-20,2024-W03,124.0,0.0,LOW,1.29
STR_W01,1200080994,2024-01-20,2024-W03,262.0,0.0,AVAILABLE,2.21
STR_W01,2840016014,2024-01-20,2024-W03,166.0,0.0,AVAILABLE,2.28
STR_W01,4900005010,2024-01-20,2024-W03,221.0,0.0,AVAILABLE,2.23
STR_E01,1200080994,2024-01-21,2024-W03,261.0,0.0,AVAILABLE,2.24
STR_E01,2840016014,2024-01-21,2024-W03,162.0,0.0,AVAILABLE,2.12
STR_E01,4900005010,2024-01-21,2024-W03,189.0,0.0,LOW,1.95
STR_E02,1200080994,2024-01-21,2024-W03,235.0,0.0,LOW,1.96
STR_E02,2840016014,2024-01-21,2024-W03,161.0,0.0,AVAILABLE,2.06
STR_E02,4900005010,2024-01-21,2024-W03,111.0,0.0,LOW,1.16
STR_W01,1200080994,2024-01-21,2024-W03,243.0,0.0,AVAILABLE,2.04
STR_W01,2840016014,2024-01-21,2024-W03,154.0,0.0,AVAILABLE,2.1
STR_W01,4900005010,2024-01-21,2024-W03,209.0,0.0,AVAILABLE,2.13
STR_E01,1200080994,2024-01-22,2024-W04,242.0,0.0,AVAILABLE,2.07
STR_E01,2840016014,2024-01-22,2024-W04,150.0,0.0,LOW,1.96
STR_E01,4900005010,2024-01-22,2024-W04,172.0,0.0,LOW,1.76
STR_E02,1200080994,2024-01-22,2024-W04,218.0,0.0,LOW,1.82
STR_E02,2840016014,2024-01-22,2024-W04,151.0,0.0,LOW,1.94
STR_E02,4900005010,2024-01-22,2024-W04,96.0,0.0,LOW,1.0
STR_W01,1200080994,2024-01-22,2024-W04,229.0,0.0,LOW,1.94
STR_W01,2840016014,2024-01-22,2024-W04,139.0,0.0,LOW,1.86
STR_W01,4900005010,2024-01-22,2024-W04,193.0,0.0,LOW,1.95
STR_E01,1200080994,2024-01-23,2024-W04,226.0,0.0,LOW,1.93
STR_E01,2840016014,2024-01-23,2024-W04,140.0,80.0,LOW,1.83
STR_E01,4900005010,2024-01-23,2024-W04,159.0,122.0,LOW,1.63
STR_E02,1200080994,2024-01-23,2024-W04,197.0,142.0,LOW,1.63
STR_E02,2840016014,2024-01-23,2024-W04,143.0,83.0,LOW,1.86
STR_E02,4900005010,2024-01-23,2024-W04,81.0,193.0,LOW,0.84
STR_W01,1200080994,2024-01-23,2024-W04,212.0,125.0,LOW,1.8
STR_W01,2840016014,2024-01-23,2024-W04,130.0,85.0,LOW,1.75
STR_W01,4900005010,2024-01-23,2024-W04,179.0,104.0,LOW,1.81
STR_E01,1200080994,2024-01-24,2024-W04,212.0,0.0,LOW,1.83
STR_E01,2840016014,2024-01-24,2024-W04,211.0,0.0,AVAILABLE,2.78
STR_E01,4900005010,2024-01-24,2024-W04,267.0,0.0,AVAILABLE,2.73
STR_E02,1200080994,2024-01-24,2024-W04,317.0,0.0,AVAILABLE,2.59
STR_E02,2840016014,2024-01-24,2024-W04,200.0,17.0,AVAILABLE,2.62
STR_E02,4900005010,2024-01-24,2024-W04,262.0,0.0,AVAILABLE,2.72
STR_W01,1200080994,2024-01-24,2024-W04,321.0,0.0,AVAILABLE,2.72
STR_W01,2840016014,2024-01-24,2024-W04,201.0,0.0,AVAILABLE,2.67
STR_W01,4900005010,2024-01-24,2024-W04,269.0,0.0,AVAILABLE,2.72
STR_E01,1200080994,2024-01-25,2024-W04,194.0,0.0,LOW,1.67
STR_E01,2840016014,2024-01-25,2024-W04,202.0,0.0,AVAILABLE,2.68
STR_E01,4900005010,2024-01-25,2024-W04,254.0,0.0,AVAILABLE,2.61
STR_E02,1200080994,2024-01-25,2024-W04,301.0,0.0,AVAILABLE,2.47
STR_E02,2840016014,2024-01-25,2024-W04,191.0,17.0,AVAILABLE,2.52
STR_E02,4900005010,2024-01-25,2024-W04,247.0,0.0,AVAILABLE,2.56
STR_W01,1200080994,2024-01-25,2024-W04,300.0,0.0,AVAILABLE,2.52
STR_W01,2840016014,2024-01-25,2024-W04,190.0,0.0,AVAILABLE,2.52
STR_W01,4900005010,2024-01-25,2024-W04,258.0,0.0,AVAILABLE,2.63
STR_E01,1200080994,2024-01-26,2024-W04,178.0,0.0,LOW,1.53
STR_E01,2840016014,2024-01-26,2024-W04,191.0,0.0,AVAILABLE,2.53
STR_E01,4900005010,2024-01-26,2024-W04,238.0,0.0,AVAILABLE,2.43
STR_E02,1200080994,2024-01-26,2024-W04,281.0,0.0,AVAILABLE,2.29
STR_E02,2840016014,2024-01-26,2024-W04,199.0,0.0,AVAILABLE,2.64
STR_E02,4900005010,2024-01-26,2024-W04,236.0,0.0,AVAILABLE,2.46
STR_W01,1200080994,2024-01-26,2024-W04,282.0,0.0,AVAILABLE,2.36
STR_W01,2840016014,2024-01-26,2024-W04,180.0,0.0,AVAILABLE,2.4
STR_W01,4900005010,2024-01-26,2024-W04,244.0,0.0,AVAILABLE,2.49
STR_E01,1200080994,2024-01-27,2024-W04,156.0,0.0,LOW,1.33
STR_E01,2840016014,2024-01-27,2024-W04,179.0,0.0,AVAILABLE,2.36
STR_E01,4900005010,2024-01-27,2024-W04,224.0,0.0,AVAILABLE,2.29
STR_E02,1200080994,2024-01-27,2024-W04,265.0,0.0,AVAILABLE,2.17
STR_E02,2840016014,2024-01-27,2024-W04,190.0,0.0,AVAILABLE,2.54
STR_E02,4900005010,2024-01-27,2024-W04,222.0,0.0,AVAILABLE,2.31
STR_W01,1200080994,2024-01-27,2024-W04,261.0,0.0,AVAILABLE,2.17
STR_W01,2840016014,2024-01-27,2024-W04,170.0,0.0,AVAILABLE,2.27
STR_W01,4900005010,2024-01-27,2024-W04,231.0,0.0,AVAILABLE,2.36
STR_E01,1200080994,2024-01-28,2024-W04,80.0,0.0,LOW,0.6
STR_E01,2840016014,2024-01-28,2024-W04,150.0,0.0,LOW,1.87
STR_E01,4900005010,2024-01-28,2024-W04,188.0,0.0,LOW,1.82
STR_E02,1200080994,2024-01-28,2024-W04,187.0,0.0,LOW,1.36
STR_E02,2840016014,2024-01-28,2024-W04,169.0,0.0,AVAILABLE,2.18
STR_E02,4900005010,2024-01-28,2024-W04,169.0,0.0,LOW,1.6
STR_W01,1200080994,2024-01-28,2024-W04,184.0,0.0,LOW,1.36
STR_W01,2840016014,2024-01-28,2024-W04,145.0,0.0,LOW,1.85
STR_W01,4900005010,2024-01-28,2024-W04,180.0,0.0,LOW,1.68
STR_E01,1200080994,2024-01-29,2024-W05,10.0,0.0,LOW,0.07
STR_E01,2840016014,2024-01-29,2024-W05,132.0,0.0,LOW,1.62
STR_E01,4900005010,2024-01-29,2024-W05,143.0,0.0,LOW,1.29
STR_E02,1200080994,2024-01-29,2024-W05,120.0,0.0,LOW,0.8
STR_E02,2840016014,2024-01-29,2024-W05,140.0,0.0,LOW,1.71
STR_E02,4900005010,2024-01-29,2024-W05,117.0,0.0,LOW,1.01
STR_W01,1200080994,2024-01-29,2024-W05,115.0,0.0,LOW,0.77
STR_W01,2840016014,2024-01-29,2024-W05,124.0,0.0,LOW,1.54
STR_W01,4900005010,2024-01-29,2024-W05,137.0,0.0,LOW,1.2
STR_E01,1200080994,2024-01-30,2024-W05,0.0,426.0,ZERO,0.0
STR_E01,2840016014,2024-01-30,2024-W05,102.0,112.0,LOW,1.18
STR_E01,4900005010,2024-01-30,2024-W05,101.0,190.0,LOW,0.85
STR_E02,1200080994,2024-01-30,2024-W05,42.0,331.0,LOW,0.25
STR_E02,2840016014,2024-01-30,2024-W05,114.0,105.0,LOW,1.33
STR_E02,4900005010,2024-01-30,2024-W05,67.0,230.0,LOW,0.53
STR_W01,1200080994,2024-01-30,2024-W05,49.0,332.0,LOW,0.3
STR_W01,2840016014,2024-01-30,2024-W05,102.0,118.0,LOW,1.22
STR_W01,4900005010,2024-01-30,2024-W05,90.0,204.0,LOW,0.74
STR_E01,1200080994,2024-01-31,2024-W05,365.0,0.0,AVAILABLE,2.16
STR_E01,2840016014,2024-01-31,2024-W05,190.0,0.0,AVAILABLE,2.11
STR_E01,4900005010,2024-01-31,2024-W05,251.0,0.0,AVAILABLE,2.0
STR_E02,1200080994,2024-01-31,2024-W05,308.0,0.0,LOW,1.73
STR_E02,2840016014,2024-01-31,2024-W05,193.0,0.0,AVAILABLE,2.13
STR_E02,4900005010,2024-01-31,2024-W05,249.0,0.0,LOW,1.86
STR_W01,1200080994,2024-01-31,2024-W05,318.0,0.0,LOW,1.83
STR_W01,2840016014,2024-01-31,2024-W05,196.0,0.0,AVAILABLE,2.27
STR_W01,4900005010,2024-01-31,2024-W05,252.0,0.0,LOW,1.96
STR_E01,1200080994,2024-02-01,2024-W05,305.0,0.0,LOW,1.7
STR_E01,2840016014,2024-02-01,2024-W05,167.0,0.0,LOW,1.78
STR_E01,4900005010,2024-02-01,2024-W05,199.0,0.0,LOW,1.47
STR_E02,1200080994,2024-02-01,2024-W05,226.0,0.0,LOW,1.16
STR_E02,2840016014,2024-02-01,2024-W05,167.0,0.0,LOW,1.78
STR_E02,4900005010,2024-02-01,2024-W05,210.0,0.0,LOW,1.5
STR_W01,1200080994,2024-02-01,2024-W05,236.0,0.0,LOW,1.25
STR_W01,2840016014,2024-02-01,2024-W05,177.0,0.0,AVAILABLE,2.0
STR_W01,4900005010,2024-02-01,2024-W05,198.0,0.0,LOW,1.42
STR_E01,1200080994,2024-02-02,2024-W05,232.0,0.0,LOW,1.2
STR_E01,2840016014,2024-02-02,2024-W05,134.0,0.0,LOW,1.35
STR_E01,4900005010,2024-02-02,2024-W05,150.0,0.0,LOW,1.04
STR_E02,1200080994,2024-02-02,2024-W05,151.0,0.0,LOW,0.72
STR_E02,2840016014,2024-02-02,2024-W05,141.0,0.0,LOW,1.44
STR_E02,4900005010,2024-02-02,2024-W05,169.0,0.0,LOW,1.16
STR_W01,1200080994,2024-02-02,2024-W05,172.0,0.0,LOW,0.85
STR_W01,2840016014,2024-02-02,2024-W05,147.0,0.0,LOW,1.56
STR_W01,4900005010,2024-02-02,2024-W05,141.0,0.0,LOW,0.94
STR_E01,1200080994,2024-02-03,2024-W05,172.0,0.0,LOW,0.84
STR_E01,2840016014,2024-02-03,2024-W05,108.0,0.0,LOW,1.04
STR_E01,4900005010,2024-02-03,2024-W05,105.0,0.0,LOW,0.69
STR_E02,1200080994,2024-02-03,2024-W05,73.0,0.0,LOW,0.32
STR_E02,2840016014,2024-02-03,2024-W05,113.0,0.0,LOW,1.09
STR_E02,4900005010,2024-02-03,2024-W05,115.0,0.0,LOW,0.74
STR_W01,1200080994,2024-02-03,2024-W05,109.0,0.0,LOW,0.51
STR_W01,2840016014,2024-02-03,2024-W05,125.0,0.0,LOW,1.29
STR_W01,4900005010,2024-02-03,2024-W05,93.0,0.0,LOW,0.58
STR_E01,1200080994,2024-02-04,2024-W05,117.0,0.0,LOW,0.54
STR_E01,2840016014,2024-02-04,2024-W05,82.0,0.0,LOW,0.76
STR_E01,4900005010,2024-02-04,2024-W05,67.0,0.0,LOW,0.42
STR_E02,1200080994,2024-02-04,2024-W05,14.0,0.0,LOW,0.06
STR_E02,2840016014,2024-02-04,2024-W05,90.0,0.0,LOW,0.85
STR_E02,4900005010,2024-02-04,2024-W05,75.0,0.0,LOW,0.46
STR_W01,1200080994,2024-02-04,2024-W05,53.0,0.0,LOW,0.24
STR_W01,2840016014,2024-02-04,2024-W05,101.0,0.0,LOW,1.0
STR_W01,4900005010,2024-02-04,2024-W05,53.0,0.0,LOW,0.32
STR_E01,1200080994,2024-02-05,2024-W06,63.0,0.0,LOW,0.28
STR_E01,2840016014,2024-02-05,2024-W06,67.0,0.0,LOW,0.62
STR_E01,4900005010,2024-02-05,2024-W06,41.0,0.0,LOW,0.25
STR_E02,1200080994,2024-02-05,2024-W06,0.0,0.0,ZERO,0.0
STR_E02,2840016014,2024-02-05,2024-W06,71.0,0.0,LOW,0.66
STR_E02,4900005010,2024-02-05,2024-W06,44.0,0.0,LOW,0.26
STR_W01,1200080994,2024-02-05,2024-W06,5.0,0.0,LOW,0.02
STR_W01,2840016014,2024-02-05,2024-W06,80.0,0.0,LOW,0.77
STR_W01,4900005010,2024-02-05,2024-W06,22.0,0.0,LOW,0.13
STR_E01,1200080994,2024-02-06,2024-W06,27.0,608.0,LOW,0.12
STR_E01,2840016014,2024-02-06,2024-W06,53.0,258.0,LOW,0.49
STR_E01,4900005010,2024-02-06,2024-W06,4.0,446.0,LOW,0.02
STR_E02,1200080994,2024-02-06,2024-W06,0.0,740.0,ZERO,0.0
STR_E02,2840016014,2024-02-06,2024-W06,59.0,130.0,LOW,0.56
STR_E02,4900005010,2024-02-06,2024-W06,11.0,108.0,LOW,0.06
STR_W01,1200080994,2024-02-06,2024-W06,0.0,687.0,ZERO,0.0
STR_W01,2840016014,2024-02-06,2024-W06,67.0,168.0,LOW,0.64
STR_W01,4900005010,2024-02-06,2024-W06,0.0,489.0,ZERO,0.0
STR_E01,1200080994,2024-02-07,2024-W06,602.0,0.0,AVAILABLE,2.59
STR_E01,2840016014,2024-02-07,2024-W06,39.0,258.0,LOW,0.36
STR_E01,4900005010,2024-02-07,2024-W06,429.0,0.0,AVAILABLE,2.52
STR_E02,1200080994,2024-02-07,2024-W06,708.0,0.0,AVAILABLE,2.75
STR_E02,2840016014,2024-02-07,2024-W06,179.0,0.0,LOW,1.68
STR_E02,4900005010,2024-02-07,2024-W06,102.0,0.0,LOW,0.59
STR_W01,1200080994,2024-02-07,2024-W06,654.0,0.0,AVAILABLE,2.69
STR_W01,2840016014,2024-02-07,2024-W06,226.0,0.0,AVAILABLE,2.18
STR_W01,4900005010,2024-02-07,2024-W06,461.0,0.0,AVAILABLE,2.59
STR_E01,1200080994,2024-02-08,2024-W06,579.0,0.0,AVAILABLE,2.47
STR_E01,2840016014,2024-02-08,2024-W06,287.0,0.0,AVAILABLE,2.63
STR_E01,4900005010,2024-02-08,2024-W06,418.0,0.0,AVAILABLE,2.46
STR_E02,1200080994,2024-02-08,2024-W06,687.0,0.0,AVAILABLE,2.66
STR_E02,2840016014,2024-02-08,2024-W06,166.0,0.0,LOW,1.57
STR_E02,4900005010,2024-02-08,2024-W06,87.0,0.0,LOW,0.5
STR_W01,1200080994,2024-02-08,2024-W06,630.0,0.0,AVAILABLE,2.57
STR_W01,2840016014,2024-02-08,2024-W06,218.0,0.0,AVAILABLE,2.12
STR_W01,4900005010,2024-02-08,2024-W06,444.0,0.0,AVAILABLE,2.49
STR_E01,1200080994,2024-02-09,2024-W06,560.0,0.0,AVAILABLE,2.38
STR_E01,2840016014,2024-02-09,2024-W06,274.0,0.0,AVAILABLE,2.5
STR_E01,4900005010,2024-02-09,2024-W06,402.0,0.0,AVAILABLE,2.36
STR_E02,1200080994,2024-02-09,2024-W06,671.0,0.0,AVAILABLE,2.61
STR_E02,2840016014,2024-02-09,2024-W06,153.0,0.0,LOW,1.44
STR_E02,4900005010,2024-02-09,2024-W06,73.0,0.0,LOW,0.42
STR_W01,1200080994,2024-02-09,2024-W06,612.0,0.0,AVAILABLE,2.5
STR_W01,2840016014,2024-02-09,2024-W06,209.0,0.0,AVAILABLE,2.05
STR_W01,4900005010,2024-02-09,2024-W06,427.0,0.0,AVAILABLE,2.38
STR_E01,1200080994,2024-02-10,2024-W06,537.0,0.0,AVAILABLE,2.27
STR_E01,2840016014,2024-02-10,2024-W06,262.0,0.0,AVAILABLE,2.38
STR_E01,4900005010,2024-02-10,2024-W06,390.0,0.0,AVAILABLE,2.29
STR_E02,1200080994,2024-02-10,2024-W06,655.0,0.0,AVAILABLE,2.55
STR_E02,2840016014,2024-02-10,2024-W06,143.0,0.0,LOW,1.34
STR_E02,4900005010,2024-02-10,2024-W06,59.0,0.0,LOW,0.34
STR_W01,1200080994,2024-02-10,2024-W06,590.0,0.0,AVAILABLE,2.4
STR_W01,2840016014,2024-02-10,2024-W06,201.0,0.0,LOW,1.98
STR_W01,4900005010,2024-02-10,2024-W06,413.0,0.0,AVAILABLE,2.3
STR_E01,1200080994,2024-02-11,2024-W06,523.0,0.0,AVAILABLE,2.22
STR_E01,2840016014,2024-02-11,2024-W06,251.0,0.0,AVAILABLE,2.29
STR_E01,4900005010,2024-02-11,2024-W06,377.0,0.0,AVAILABLE,2.24
STR_E02,1200080994,2024-02-11,2024-W06,634.0,0.0,AVAILABLE,2.46
STR_E02,2840016014,2024-02-11,2024-W06,133.0,0.0,LOW,1.25
STR_E02,4900005010,2024-02-11,2024-W06,45.0,0.0,LOW,0.26
STR_W01,1200080994,2024-02-11,2024-W06,570.0,0.0,AVAILABLE,2.32
STR_W01,2840016014,2024-02-11,2024-W06,189.0,0.0,LOW,1.85
STR_W01,4900005010,2024-02-11,2024-W06,401.0,0.0,AVAILABLE,2.23
STR_E01,1200080994,2024-02-12,2024-W07,509.0,0.0,AVAILABLE,2.16
STR_E01,2840016014,2024-02-12,2024-W07,242.0,0.0,AVAILABLE,2.22
STR_E01,4900005010,2024-02-12,2024-W07,365.0,0.0,AVAILABLE,2.17
STR_E02,1200080994,2024-02-12,2024-W07,618.0,0.0,AVAILABLE,2.4
STR_E02,2840016014,2024-02-12,2024-W07,122.0,0.0,LOW,1.14
STR_E02,4900005010,2024-02-12,2024-W07,29.0,0.0,LOW,0.17
STR_W01,1200080994,2024-02-12,2024-W07,552.0,0.0,AVAILABLE,2.25
STR_W01,2840016014,2024-02-12,2024-W07,180.0,0.0,LOW,1.76
STR_W01,4900005010,2024-02-12,2024-W07,387.0,0.0,AVAILABLE,2.16
STR_E01,1200080994,2024-02-13,2024-W07,488.0,0.0,AVAILABLE,2.07
STR_E01,2840016014,2024-02-13,2024-W07,229.0,0.0,AVAILABLE,2.09
STR_E01,4900005010,2024-02-13,2024-W07,353.0,0.0,AVAILABLE,2.11
STR_E02,1200080994,2024-02-13,2024-W07,596.0,0.0,AVAILABLE,2.31
STR_E02,2840016014,2024-02-13,2024-W07,107.0,198.0,LOW,1.0
STR_E02,4900005010,2024-02-13,2024-W07,14.0,495.0,LOW,0.08
STR_W01,1200080994,2024-02-13,2024-W07,536.0,0.0,AVAILABLE,2.19
STR_W01,2840016014,2024-02-13,2024-W07,169.0,127.0,LOW,1.65
STR_W01,4900005010,2024-02-13,2024-W07,368.0,0.0,AVAILABLE,2.05
STR_E01,1200080994,2024-02-14,2024-W07,474.0,0.0,AVAILABLE,2.01
STR_E01,2840016014,2024-02-14,2024-W07,217.0,0.0,LOW,1.97
STR_E01,4900005010,2024-02-14,2024-W07,341.0,0.0,AVAILABLE,2.05
STR_E02,1200080994,2024-02-14,2024-W07,579.0,0.0,AVAILABLE,2.26
STR_E02,2840016014,2024-02-14,2024-W07,292.0,0.0,AVAILABLE,2.7
STR_E02,4900005010,2024-02-14,2024-W07,497.0,0.0,AVAILABLE,2.86
STR_W01,1200080994,2024-02-14,2024-W07,516.0,0.0,AVAILABLE,2.1
STR_W01,2840016014,2024-02-14,2024-W07,285.0,0.0,AVAILABLE,2.79
STR_W01,4900005010,2024-02-14,2024-W07,354.0,0.0,LOW,1.97
STR_E01,1200080994,2024-02-15,2024-W07,455.0,0.0,LOW,1.92
STR_E01,2840016014,2024-02-15,2024-W07,202.0,0.0,LOW,1.81
STR_E01,4900005010,2024-02-15,2024-W07,328.0,0.0,LOW,1.98
STR_E02,1200080994,2024-02-15,2024-W07,561.0,0.0,AVAILABLE,2.18
STR_E02,2840016014,2024-02-15,2024-W07,280.0,0.0,AVAILABLE,2.59
STR_E02,4900005010,2024-02-15,2024-W07,483.0,0.0,AVAILABLE,2.78
STR_W01,1200080994,2024-02-15,2024-W07,502.0,0.0,AVAILABLE,2.06
STR_W01,2840016014,2024-02-15,2024-W07,270.0,0.0,AVAILABLE,2.62
STR_W01,4900005010,2024-02-15,2024-W07,340.0,0.0,LOW,1.89
STR_E01,1200080994,2024-02-16,2024-W07,439.0,0.0,LOW,1.85
STR_E01,2840016014,2024-02-16,2024-W07,189.0,0.0,LOW,1.69
STR_E01,4900005010,2024-02-16,2024-W07,313.0,0.0,LOW,1.9
STR_E02,1200080994,2024-02-16,2024-W07,540.0,0.0,AVAILABLE,2.08
STR_E02,2840016014,2024-02-16,2024-W07,270.0,0.0,AVAILABLE,2.51
STR_E02,4900005010,2024-02-16,2024-W07,469.0,0.0,AVAILABLE,2.71
STR_W01,1200080994,2024-02-16,2024-W07,482.0,0.0,LOW,1.97
STR_W01,2840016014,2024-02-16,2024-W07,257.0,0.0,AVAILABLE,2.46
STR_W01,4900005010,2024-02-16,2024-W07,326.0,0.0,LOW,1.81
STR_E01,1200080994,2024-02-17,2024-W07,423.0,0.0,LOW,1.78
STR_E01,2840016014,2024-02-17,2024-W07,181.0,0.0,LOW,1.64
STR_E01,4900005010,2024-02-17,2024-W07,295.0,0.0,LOW,1.77
STR_E02,1200080994,2024-02-17,2024-W07,521.0,0.0,AVAILABLE,2.02
STR_E02,2840016014,2024-02-17,2024-W07,262.0,0.0,AVAILABLE,2.46
STR_E02,4900005010,2024-02-17,2024-W07,456.0,0.0,AVAILABLE,2.63
STR_W01,1200080994,2024-02-17,2024-W07,462.0,0.0,LOW,1.88
STR_W01,2840016014,2024-02-17,2024-W07,246.0,0.0,AVAILABLE,2.35
STR_W01,4900005010,2024-02-17,2024-W07,314.0,0.0,LOW,1.75
STR_E01,1200080994,2024-02-18,2024-W07,400.0,0.0,LOW,1.67
STR_E01,2840016014,2024-02-18,2024-W07,172.0,0.0,LOW,1.56
STR_E01,4900005010,2024-02-18,2024-W07,283.0,0.0,LOW,1.7
STR_E02,1200080994,2024-02-18,2024-W07,505.0,0.0,LOW,1.96
STR_E02,2840016014,2024-02-18,2024-W07,253.0,0.0,AVAILABLE,2.39
STR_E02,4900005010,2024-02-18,2024-W07,444.0,0.0,AVAILABLE,2.56
STR_W01,1200080994,2024-02-18,2024-W07,444.0,0.0,LOW,1.8
STR_W01,2840016014,2024-02-18,2024-W07,236.0,0.0,AVAILABLE,2.27
STR_W01,4900005010,2024-02-18,2024-W07,297.0,0.0,LOW,1.65
STR_E01,1200080994,2024-02-19,2024-W08,382.0,0.0,LOW,1.6
STR_E01,2840016014,2024-02-19,2024-W08,162.0,0.0,LOW,1.48
STR_E01,4900005010,2024-02-19,2024-W08,267.0,0.0,LOW,1.61
STR_E02,1200080994,2024-02-19,2024-W08,485.0,0.0,LOW,1.88
STR_E02,2840016014,2024-02-19,2024-W08,242.0,0.0,AVAILABLE,2.28
STR_E02,4900005010,2024-02-19,2024-W08,430.0,0.0,AVAILABLE,2.49
STR_W01,1200080994,2024-02-19,2024-W08,428.0,0.0,LOW,1.74
STR_W01,2840016014,2024-02-19,2024-W08,226.0,0.0,AVAILABLE,2.2
STR_W01,4900005010,2024-02-19,2024-W08,283.0,0.0,LOW,1.57
STR_E01,1200080994,2024-02-20,2024-W08,370.0,334.0,LOW,1.56
STR_E01,2840016014,2024-02-20,2024-W08,152.0,166.0,LOW,1.39
STR_E01,4900005010,2024-02-20,2024-W08,258.0,230.0,LOW,1.57
STR_E02,1200080994,2024-02-20,2024-W08,469.0,290.0,LOW,1.82
STR_E02,2840016014,2024-02-20,2024-W08,230.0,0.0,AVAILABLE,2.14
STR_E02,4900005010,2024-02-20,2024-W08,418.0,0.0,AVAILABLE,2.43
STR_W01,1200080994,2024-02-20,2024-W08,412.0,312.0,LOW,1.67
STR_W01,2840016014,2024-02-20,2024-W08,214.0,0.0,AVAILABLE,2.07
STR_W01,4900005010,2024-02-20,2024-W08,268.0,257.0,LOW,1.49
STR_E01,1200080994,2024-02-21,2024-W08,683.0,0.0,AVAILABLE,2.85
STR_E01,2840016014,2024-02-21,2024-W08,304.0,0.0,AVAILABLE,2.74
STR_E01,4900005010,2024-02-21,2024-W08,472.0,0.0,AVAILABLE,2.86
STR_E02,1200080994,2024-02-21,2024-W08,742.0,0.0,AVAILABLE,2.9
STR_E02,2840016014,2024-02-21,2024-W08,218.0,0.0,AVAILABLE,2.02
STR_E02,4900005010,2024-02-21,2024-W08,404.0,0.0,AVAILABLE,2.34
STR_W01,1200080994,2024-02-21,2024-W08,708.0,0.0,AVAILABLE,2.88
STR_W01,2840016014,2024-02-21,2024-W08,206.0,0.0,AVAILABLE,2.02
STR_W01,4900005010,2024-02-21,2024-W08,512.0,0.0,AVAILABLE,2.84
STR_E01,1200080994,2024-02-22,2024-W08,663.0,0.0,AVAILABLE,2.76
STR_E01,2840016014,2024-02-22,2024-W08,295.0,0.0,AVAILABLE,2.66
STR_E01,4900005010,2024-02-22,2024-W08,459.0,0.0,AVAILABLE,2.78
STR_E02,1200080994,2024-02-22,2024-W08,726.0,0.0,AVAILABLE,2.84
STR_E02,2840016014,2024-02-22,2024-W08,204.0,0.0,LOW,1.87
STR_E02,4900005010,2024-02-22,2024-W08,389.0,0.0,AVAILABLE,2.25
STR_W01,1200080994,2024-02-22,2024-W08,689.0,0.0,AVAILABLE,2.8
STR_W01,2840016014,2024-02-22,2024-W08,196.0,0.0,LOW,1.93
STR_W01,4900005010,2024-02-22,2024-W08,496.0,0.0,AVAILABLE,2.74
STR_E01,1200080994,2024-02-23,2024-W08,646.0,0.0,AVAILABLE,2.69
STR_E01,2840016014,2024-02-23,2024-W08,281.0,0.0,AVAILABLE,2.52
STR_E01,4900005010,2024-02-23,2024-W08,446.0,0.0,AVAILABLE,2.71
STR_E02,1200080994,2024-02-23,2024-W08,707.0,0.0,AVAILABLE,2.77
STR_E02,2840016014,2024-02-23,2024-W08,195.0,0.0,LOW,1.78
STR_E02,4900005010,2024-02-23,2024-W08,375.0,0.0,AVAILABLE,2.16
STR_W01,1200080994,2024-02-23,2024-W08,672.0,0.0,AVAILABLE,2.74
STR_W01,2840016014,2024-02-23,2024-W08,185.0,0.0,LOW,1.81
STR_W01,4900005010,2024-02-23,2024-W08,483.0,0.0,AVAILABLE,2.67
STR_E01,1200080994,2024-02-24,2024-W08,631.0,0.0,AVAILABLE,2.65
STR_E01,2840016014,2024-02-24,2024-W08,268.0,0.0,AVAILABLE,2.4
STR_E01,4900005010,2024-02-24,2024-W08,431.0,0.0,AVAILABLE,2.62
STR_E02,1200080994,2024-02-24,2024-W08,690.0,0.0,AVAILABLE,2.7
STR_E02,2840016014,2024-02-24,2024-W08,186.0,0.0,LOW,1.7
STR_E02,4900005010,2024-02-24,2024-W08,362.0,0.0,AVAILABLE,2.09
STR_W01,1200080994,2024-02-24,2024-W08,657.0,0.0,AVAILABLE,2.69
STR_W01,2840016014,2024-02-24,2024-W08,176.0,0.0,LOW,1.73
STR_W01,4900005010,2024-02-24,2024-W08,468.0,0.0,AVAILABLE,2.58
STR_E01,1200080994,2024-02-25,2024-W08,614.0,0.0,AVAILABLE,2.74
STR_E01,2840016014,2024-02-25,2024-W08,258.0,0.0,AVAILABLE,2.41
STR_E01,4900005010,2024-02-25,2024-W08,415.0,0.0,AVAILABLE,2.6
STR_E02,1200080994,2024-02-25,2024-W08,671.0,0.0,AVAILABLE,2.78
STR_E02,2840016014,2024-02-25,2024-W08,176.0,0.0,LOW,1.65
STR_E02,4900005010,2024-02-25,2024-W08,351.0,0.0,AVAILABLE,2.16
STR_W01,1200080994,2024-02-25,2024-W08,636.0,0.0,AVAILABLE,2.77
STR_W01,2840016014,2024-02-25,2024-W08,164.0,0.0,LOW,1.66
STR_W01,4900005010,2024-02-25,2024-W08,452.0,0.0,AVAILABLE,2.62
STR_E01,1200080994,2024-02-26,2024-W09,598.0,0.0,AVAILABLE,2.84
STR_E01,2840016014,2024-02-26,2024-W09,247.0,0.0,AVAILABLE,2.35
STR_E01,4900005010,2024-02-26,2024-W09,401.0,0.0,AVAILABLE,2.64
STR_E02,1200080994,2024-02-26,2024-W09,654.0,0.0,AVAILABLE,2.86
STR_E02,2840016014,2024-02-26,2024-W09,163.0,0.0,LOW,1.59
STR_E02,4900005010,2024-02-26,2024-W09,338.0,0.0,AVAILABLE,2.21
STR_W01,1200080994,2024-02-26,2024-W09,616.0,0.0,AVAILABLE,2.83
STR_W01,2840016014,2024-02-26,2024-W09,155.0,0.0,LOW,1.62
STR_W01,4900005010,2024-02-26,2024-W09,435.0,0.0,AVAILABLE,2.62
STR_E01,1200080994,2024-02-27,2024-W09,579.0,0.0,AVAILABLE,2.94
STR_E01,2840016014,2024-02-27,2024-W09,237.0,0.0,AVAILABLE,2.36
STR_E01,4900005010,2024-02-27,2024-W09,384.0,0.0,AVAILABLE,2.63
STR_E02,1200080994,2024-02-27,2024-W09,633.0,0.0,AVAILABLE,2.95
STR_E02,2840016014,2024-02-27,2024-W09,153.0,144.0,LOW,1.55
STR_E02,4900005010,2024-02-27,2024-W09,324.0,0.0,AVAILABLE,2.25
STR_W01,1200080994,2024-02-27,2024-W09,595.0,0.0,AVAILABLE,2.88
STR_W01,2840016014,2024-02-27,2024-W09,141.0,132.0,LOW,1.51
STR_W01,4900005010,2024-02-27,2024-W09,420.0,0.0,AVAILABLE,2.65
STR_E01,1200080994,2024-02-28,2024-W09,563.0,0.0,AVAILABLE,3.03
STR_E01,2840016014,2024-02-28,2024-W09,226.0,0.0,AVAILABLE,2.33
STR_E01,4900005010,2024-02-28,2024-W09,366.0,0.0,AVAILABLE,2.61
STR_E02,1200080994,2024-02-28,2024-W09,613.0,0.0,AVAILABLE,3.02
STR_E02,2840016014,2024-02-28,2024-W09,284.0,0.0,AVAILABLE,2.98
STR_E02,4900005010,2024-02-28,2024-W09,311.0,0.0,AVAILABLE,2.3
STR_W01,1200080994,2024-02-28,2024-W09,577.0,0.0,AVAILABLE,2.96
STR_W01,2840016014,2024-02-28,2024-W09,262.0,0.0,AVAILABLE,2.9
STR_W01,4900005010,2024-02-28,2024-W09,406.0,0.0,AVAILABLE,2.68
STR_E01,1200080994,2024-02-29,2024-W09,546.0,0.0,AVAILABLE,3.12
STR_E01,2840016014,2024-02-29,2024-W09,214.0,0.0,AVAILABLE,2.27
STR_E01,4900005010,2024-02-29,2024-W09,354.0,0.0,AVAILABLE,2.72
STR_E02,1200080994,2024-02-29,2024-W09,588.0,0.0,AVAILABLE,3.12
STR_E02,2840016014,2024-02-29,2024-W09,270.0,0.0,AVAILABLE,2.93
STR_E02,4900005010,2024-02-29,2024-W09,298.0,0.0,AVAILABLE,2.31
STR_W01,1200080994,2024-02-29,2024-W09,557.0,0.0,AVAILABLE,3.1
STR_W01,2840016014,2024-02-29,2024-W09,250.0,0.0,AVAILABLE,2.82
STR_W01,4900005010,2024-02-29,2024-W09,392.0,0.0,AVAILABLE,2.78
STR_E01,1200080994,2024-03-01,2024-W09,525.0,0.0,AVAILABLE,3.24
STR_E01,2840016014,2024-03-01,2024-W09,202.0,0.0,AVAILABLE,2.27
STR_E01,4900005010,2024-03-01,2024-W09,339.0,0.0,AVAILABLE,2.78
STR_E02,1200080994,2024-03-01,2024-W09,563.0,0.0,AVAILABLE,3.19
STR_E02,2840016014,2024-03-01,2024-W09,257.0,0.0,AVAILABLE,2.89
STR_E02,4900005010,2024-03-01,2024-W09,285.0,0.0,AVAILABLE,2.34
STR_W01,1200080994,2024-03-01,2024-W09,538.0,0.0,AVAILABLE,3.19
STR_W01,2840016014,2024-03-01,2024-W09,239.0,0.0,AVAILABLE,2.85
STR_W01,4900005010,2024-03-01,2024-W09,376.0,0.0,AVAILABLE,2.87
STR_E01,1200080994,2024-03-02,2024-W09,503.0,0.0,AVAILABLE,3.29
STR_E01,2840016014,2024-03-02,2024-W09,187.0,0.0,AVAILABLE,2.17
STR_E01,4900005010,2024-03-02,2024-W09,325.0,0.0,AVAILABLE,2.85
STR_E02,1200080994,2024-03-02,2024-W09,545.0,0.0,AVAILABLE,3.38
STR_E02,2840016014,2024-03-02,2024-W09,247.0,0.0,AVAILABLE,2.92
STR_E02,4900005010,2024-03-02,2024-W09,269.0,0.0,AVAILABLE,2.4
STR_W01,1200080994,2024-03-02,2024-W09,521.0,0.0,AVAILABLE,3.32
STR_W01,2840016014,2024-03-02,2024-W09,226.0,0.0,AVAILABLE,2.77
STR_W01,4900005010,2024-03-02,2024-W09,363.0,0.0,AVAILABLE,2.97
STR_E01,1200080994,2024-03-03,2024-W09,482.0,0.0,AVAILABLE,3.34
STR_E01,2840016014,2024-03-03,2024-W09,177.0,0.0,AVAILABLE,2.15
STR_E01,4900005010,2024-03-03,2024-W09,308.0,0.0,AVAILABLE,2.83
STR_E02,1200080994,2024-03-03,2024-W09,523.0,0.0,AVAILABLE,3.44
STR_E02,2840016014,2024-03-03,2024-W09,235.0,0.0,AVAILABLE,2.87
STR_E02,4900005010,2024-03-03,2024-W09,255.0,0.0,AVAILABLE,2.41
STR_W01,1200080994,2024-03-03,2024-W09,505.0,0.0,AVAILABLE,3.44
STR_W01,2840016014,2024-03-03,2024-W09,213.0,0.0,AVAILABLE,2.7
STR_W01,4900005010,2024-03-03,2024-W09,350.0,0.0,AVAILABLE,3.03
STR_E01,1200080994,2024-03-04,2024-W10,463.0,0.0,AVAILABLE,3.42
STR_E01,2840016014,2024-03-04,2024-W10,165.0,0.0,AVAILABLE,2.02
STR_E01,4900005010,2024-03-04,2024-W10,291.0,0.0,AVAILABLE,2.73
STR_E02,1200080994,2024-03-04,2024-W10,505.0,0.0,AVAILABLE,3.58
STR_E02,2840016014,2024-03-04,2024-W10,223.0,0.0,AVAILABLE,2.79
STR_E02,4900005010,2024-03-04,2024-W10,243.0,0.0,AVAILABLE,2.41
STR_W01,1200080994,2024-03-04,2024-W10,481.0,0.0,AVAILABLE,3.41
STR_W01,2840016014,2024-03-04,2024-W10,205.0,0.0,AVAILABLE,2.72
STR_W01,4900005010,2024-03-04,2024-W10,333.0,0.0,AVAILABLE,2.97
STR_E01,1200080994,2024-03-05,2024-W10,441.0,0.0,AVAILABLE,3.34
STR_E01,2840016014,2024-03-05,2024-W10,155.0,0.0,LOW,1.93
STR_E01,4900005010,2024-03-05,2024-W10,272.0,0.0,AVAILABLE,2.67
STR_E02,1200080994,2024-03-05,2024-W10,484.0,0.0,AVAILABLE,3.55
STR_E02,2840016014,2024-03-05,2024-W10,213.0,0.0,AVAILABLE,2.68
STR_E02,4900005010,2024-03-05,2024-W10,228.0,0.0,AVAILABLE,2.36
STR_W01,1200080994,2024-03-05,2024-W10,464.0,0.0,AVAILABLE,3.47
STR_W01,2840016014,2024-03-05,2024-W10,195.0,0.0,AVAILABLE,2.61
STR_W01,4900005010,2024-03-05,2024-W10,320.0,0.0,AVAILABLE,3.0
STR_E01,1200080994,2024-03-06,2024-W10,421.0,0.0,AVAILABLE,3.27
STR_E01,2840016014,2024-03-06,2024-W10,141.0,0.0,LOW,1.75
STR_E01,4900005010,2024-03-06,2024-W10,261.0,0.0,AVAILABLE,2.62
STR_E02,1200080994,2024-03-06,2024-W10,464.0,0.0,AVAILABLE,3.48
STR_E02,2840016014,2024-03-06,2024-W10,202.0,0.0,AVAILABLE,2.53
STR_E02,4900005010,2024-03-06,2024-W10,214.0,0.0,AVAILABLE,2.23
STR_W01,1200080994,2024-03-06,2024-W10,446.0,0.0,AVAILABLE,3.43
STR_W01,2840016014,2024-03-06,2024-W10,186.0,0.0,AVAILABLE,2.49
STR_W01,4900005010,2024-03-06,2024-W10,308.0,0.0,AVAILABLE,3.0
STR_E01,1200080994,2024-03-07,2024-W10,392.0,0.0,AVAILABLE,3.01
STR_E01,2840016014,2024-03-07,2024-W10,127.0,0.0,LOW,1.56
STR_E01,4900005010,2024-03-07,2024-W10,249.0,0.0,AVAILABLE,2.5
STR_E02,1200080994,2024-03-07,2024-W10,446.0,0.0,AVAILABLE,3.36
STR_E02,2840016014,2024-03-07,2024-W10,193.0,0.0,AVAILABLE,2.45
STR_E02,4900005010,2024-03-07,2024-W10,201.0,0.0,AVAILABLE,2.11
STR_W01,1200080994,2024-03-07,2024-W10,423.0,0.0,AVAILABLE,3.26
STR_W01,2840016014,2024-03-07,2024-W10,175.0,0.0,AVAILABLE,2.32
STR_W01,4900005010,2024-03-07,2024-W10,297.0,0.0,AVAILABLE,2.94
STR_E01,1200080994,2024-03-08,2024-W10,370.0,0.0,AVAILABLE,2.82
STR_E01,2840016014,2024-03-08,2024-W10,116.0,0.0,LOW,1.43
STR_E01,4900005010,2024-03-08,2024-W10,235.0,0.0,AVAILABLE,2.37
STR_E02,1200080994,2024-03-08,2024-W10,428.0,0.0,AVAILABLE,3.21
STR_E02,2840016014,2024-03-08,2024-W10,183.0,0.0,AVAILABLE,2.35
STR_E02,4900005010,2024-03-08,2024-W10,183.0,0.0,LOW,1.9
STR_W01,1200080994,2024-03-08,2024-W10,408.0,0.0,AVAILABLE,3.16
STR_W01,2840016014,2024-03-08,2024-W10,163.0,0.0,AVAILABLE,2.14
STR_W01,4900005010,2024-03-08,2024-W10,281.0,0.0,AVAILABLE,2.79
STR_E01,1200080994,2024-03-09,2024-W10,350.0,0.0,AVAILABLE,2.69
STR_E01,2840016014,2024-03-09,2024-W10,102.0,0.0,LOW,1.25
STR_E01,4900005010,2024-03-09,2024-W10,222.0,0.0,AVAILABLE,2.23
STR_E02,1200080994,2024-03-09,2024-W10,412.0,0.0,AVAILABLE,3.09
STR_E02,2840016014,2024-03-09,2024-W10,169.0,0.0,AVAILABLE,2.14
STR_E02,4900005010,2024-03-09,2024-W10,167.0,0.0,LOW,1.73
STR_W01,1200080994,2024-03-09,2024-W10,388.0,0.0,AVAILABLE,3.02
STR_W01,2840016014,2024-03-09,2024-W10,152.0,0.0,LOW,1.97
STR_W01,4900005010,2024-03-09,2024-W10,264.0,0.0,AVAILABLE,2.6
STR_E01,1200080994,2024-03-10,2024-W10,332.0,0.0,AVAILABLE,2.53
STR_E01,2840016014,2024-03-10,2024-W10,88.0,0.0,LOW,1.07
STR_E01,4900005010,2024-03-10,2024-W10,206.0,0.0,AVAILABLE,2.05
STR_E02,1200080994,2024-03-10,2024-W10,396.0,0.0,AVAILABLE,3.0
STR_E02,2840016014,2024-03-10,2024-W10,160.0,0.0,AVAILABLE,2.03
STR_E02,4900005010,2024-03-10,2024-W10,151.0,0.0,LOW,1.55
STR_W01,1200080994,2024-03-10,2024-W10,368.0,0.0,AVAILABLE,2.86
STR_W01,2840016014,2024-03-10,2024-W10,142.0,0.0,LOW,1.86
STR_W01,4900005010,2024-03-10,2024-W10,250.0,0.0,AVAILABLE,2.45
STR_E01,1200080994,2024-03-11,2024-W11,316.0,0.0,AVAILABLE,2.4
STR_E01,2840016014,2024-03-11,2024-W11,74.0,0.0,LOW,0.89
STR_E01,4900005010,2024-03-11,2024-W11,190.0,0.0,LOW,1.88
STR_E02,1200080994,2024-03-11,2024-W11,378.0,0.0,AVAILABLE,2.85
STR_E02,2840016014,2024-03-11,2024-W11,149.0,0.0,LOW,1.89
STR_E02,4900005010,2024-03-11,2024-W11,133.0,0.0,LOW,1.36
STR_W01,1200080994,2024-03-11,2024-W11,347.0,0.0,AVAILABLE,2.68
STR_W01,2840016014,2024-03-11,2024-W11,132.0,0.0,LOW,1.72
STR_W01,4900005010,2024-03-11,2024-W11,237.0,0.0,AVAILABLE,2.33
STR_E01,1200080994,2024-03-12,2024-W11,292.0,0.0,AVAILABLE,2.2
STR_E01,2840016014,2024-03-12,2024-W11,61.0,176.0,LOW,0.73
STR_E01,4900005010,2024-03-12,2024-W11,176.0,114.0,LOW,1.73
STR_E02,1200080994,2024-03-12,2024-W11,358.0,0.0,AVAILABLE,2.71
STR_E02,2840016014,2024-03-12,2024-W11,139.0,87.0,LOW,1.79
STR_E02,4900005010,2024-03-12,2024-W11,119.0,160.0,LOW,1.22
STR_W01,1200080994,2024-03-12,2024-W11,328.0,0.0,AVAILABLE,2.52
STR_W01,2840016014,2024-03-12,2024-W11,120.0,98.0,LOW,1.56
STR_W01,4900005010,2024-03-12,2024-W11,224.0,0.0,AVAILABLE,2.23
STR_E01,1200080994,2024-03-13,2024-W11,275.0,0.0,AVAILABLE,2.06
STR_E01,2840016014,2024-03-13,2024-W11,225.0,0.0,AVAILABLE,2.69
STR_E01,4900005010,2024-03-13,2024-W11,274.0,0.0,AVAILABLE,2.67
STR_E02,1200080994,2024-03-13,2024-W11,333.0,0.0,AVAILABLE,2.49
STR_E02,2840016014,2024-03-13,2024-W11,216.0,0.0,AVAILABLE,2.81
STR_E02,4900005010,2024-03-13,2024-W11,263.0,0.0,AVAILABLE,2.67
STR_W01,1200080994,2024-03-13,2024-W11,311.0,0.0,AVAILABLE,2.41
STR_W01,2840016014,2024-03-13,2024-W11,206.0,0.0,AVAILABLE,2.67
STR_W01,4900005010,2024-03-13,2024-W11,209.0,0.0,AVAILABLE,2.08
STR_E01,1200080994,2024-03-14,2024-W11,253.0,0.0,LOW,1.89
STR_E01,2840016014,2024-03-14,2024-W11,216.0,0.0,AVAILABLE,2.63
STR_E01,4900005010,2024-03-14,2024-W11,261.0,0.0,AVAILABLE,2.54
STR_E02,1200080994,2024-03-14,2024-W11,313.0,0.0,AVAILABLE,2.33
STR_E02,2840016014,2024-03-14,2024-W11,205.0,0.0,AVAILABLE,2.68
STR_E02,4900005010,2024-03-14,2024-W11,248.0,0.0,AVAILABLE,2.51
STR_W01,1200080994,2024-03-14,2024-W11,290.0,0.0,AVAILABLE,2.21
STR_W01,2840016014,2024-03-14,2024-W11,191.0,0.0,AVAILABLE,2.47
STR_W01,4900005010,2024-03-14,2024-W11,194.0,0.0,LOW,1.93
STR_E01,1200080994,2024-03-15,2024-W11,236.0,0.0,LOW,1.76
STR_E01,2840016014,2024-03-15,2024-W11,204.0,0.0,AVAILABLE,2.5
STR_E01,4900005010,2024-03-15,2024-W11,247.0,0.0,AVAILABLE,2.41
STR_E02,1200080994,2024-03-15,2024-W11,293.0,0.0,AVAILABLE,2.18
STR_E02,2840016014,2024-03-15,2024-W11,192.0,0.0,AVAILABLE,2.49
STR_E02,4900005010,2024-03-15,2024-W11,235.0,0.0,AVAILABLE,2.39
STR_W01,1200080994,2024-03-15,2024-W11,277.0,0.0,AVAILABLE,2.14
STR_W01,2840016014,2024-03-15,2024-W11,180.0,0.0,AVAILABLE,2.35
STR_W01,4900005010,2024-03-15,2024-W11,179.0,0.0,LOW,1.77
STR_E01,1200080994,2024-03-16,2024-W11,217.0,0.0,LOW,1.61
STR_E01,2840016014,2024-03-16,2024-W11,192.0,0.0,AVAILABLE,2.32
STR_E01,4900005010,2024-03-16,2024-W11,234.0,0.0,AVAILABLE,2.31
STR_E02,1200080994,2024-03-16,2024-W11,277.0,0.0,AVAILABLE,2.07
STR_E02,2840016014,2024-03-16,2024-W11,181.0,0.0,AVAILABLE,2.32
STR_E02,4900005010,2024-03-16,2024-W11,222.0,0.0,AVAILABLE,2.25
STR_W01,1200080994,2024-03-16,2024-W11,260.0,0.0,AVAILABLE,2.02
STR_W01,2840016014,2024-03-16,2024-W11,168.0,0.0,AVAILABLE,2.18
STR_W01,4900005010,2024-03-16,2024-W11,167.0,0.0,LOW,1.65
STR_E01,1200080994,2024-03-17,2024-W11,199.0,0.0,LOW,1.49
STR_E01,2840016014,2024-03-17,2024-W11,181.0,0.0,AVAILABLE,2.17
STR_E01,4900005010,2024-03-17,2024-W11,213.0,0.0,AVAILABLE,2.06
STR_E02,1200080994,2024-03-17,2024-W11,254.0,0.0,LOW,1.88
STR_E02,2840016014,2024-03-17,2024-W11,170.0,0.0,AVAILABLE,2.17
STR_E02,4900005010,2024-03-17,2024-W11,205.0,0.0,AVAILABLE,2.06
STR_W01,1200080994,2024-03-17,2024-W11,240.0,0.0,LOW,1.86
STR_W01,2840016014,2024-03-17,2024-W11,156.0,0.0,AVAILABLE,2.01
STR_W01,4900005010,2024-03-17,2024-W11,153.0,0.0,LOW,1.53
STR_E01,1200080994,2024-03-18,2024-W12,182.0,0.0,LOW,1.36
STR_E01,2840016014,2024-03-18,2024-W12,171.0,0.0,AVAILABLE,2.05
STR_E01,4900005010,2024-03-18,2024-W12,201.0,0.0,LOW,1.96
STR_E02,1200080994,2024-03-18,2024-W12,239.0,0.0,LOW,1.78
STR_E02,2840016014,2024-03-18,2024-W12,159.0,0.0,AVAILABLE,2.03
STR_E02,4900005010,2024-03-18,2024-W12,191.0,0.0,LOW,1.91
STR_W01,1200080994,2024-03-18,2024-W12,217.0,0.0,LOW,1.66
STR_W01,2840016014,2024-03-18,2024-W12,146.0,0.0,LOW,1.88
STR_W01,4900005010,2024-03-18,2024-W12,135.0,0.0,LOW,1.33
STR_E01,1200080994,2024-03-19,2024-W12,165.0,219.0,LOW,1.22
STR_E01,2840016014,2024-03-19,2024-W12,160.0,0.0,LOW,1.92
STR_E01,4900005010,2024-03-19,2024-W12,184.0,106.0,LOW,1.76
STR_E02,1200080994,2024-03-19,2024-W12,221.0,163.0,LOW,1.64
STR_E02,2840016014,2024-03-19,2024-W12,148.0,0.0,LOW,1.89
STR_E02,4900005010,2024-03-19,2024-W12,175.0,108.0,LOW,1.74
STR_W01,1200080994,2024-03-19,2024-W12,194.0,175.0,LOW,1.46
STR_W01,2840016014,2024-03-19,2024-W12,135.0,86.0,LOW,1.75
STR_W01,4900005010,2024-03-19,2024-W12,120.0,169.0,LOW,1.19
STR_E01,1200080994,2024-03-20,2024-W12,366.0,0.0,AVAILABLE,2.73
STR_E01,2840016014,2024-03-20,2024-W12,149.0,0.0,LOW,1.8
STR_E01,4900005010,2024-03-20,2024-W12,274.0,0.0,AVAILABLE,2.62
STR_E02,1200080994,2024-03-20,2024-W12,363.0,0.0,AVAILABLE,2.68
STR_E02,2840016014,2024-03-20,2024-W12,138.0,0.0,LOW,1.77
STR_E02,4900005010,2024-03-20,2024-W12,265.0,0.0,AVAILABLE,2.6
STR_W01,1200080994,2024-03-20,2024-W12,301.0,51.0,AVAILABLE,2.27
STR_W01,2840016014,2024-03-20,2024-W12,124.0,86.0,LOW,1.59
STR_W01,4900005010,2024-03-20,2024-W12,275.0,0.0,AVAILABLE,2.71
STR_E01,1200080994,2024-03-21,2024-W12,351.0,0.0,AVAILABLE,2.64
STR_E01,2840016014,2024-03-21,2024-W12,139.0,0.0,LOW,1.67
STR_E01,4900005010,2024-03-21,2024-W12,258.0,0.0,AVAILABLE,2.45
STR_E02,1200080994,2024-03-21,2024-W12,344.0,0.0,AVAILABLE,2.52
STR_E02,2840016014,2024-03-21,2024-W12,125.0,0.0,LOW,1.61
STR_E02,4900005010,2024-03-21,2024-W12,247.0,0.0,AVAILABLE,2.41
STR_W01,1200080994,2024-03-21,2024-W12,280.0,51.0,AVAILABLE,2.1
STR_W01,2840016014,2024-03-21,2024-W12,201.0,0.0,AVAILABLE,2.59
STR_W01,4900005010,2024-03-21,2024-W12,264.0,0.0,AVAILABLE,2.63
STR_E01,1200080994,2024-03-22,2024-W12,335.0,0.0,AVAILABLE,2.53
STR_E01,2840016014,2024-03-22,2024-W12,128.0,0.0,LOW,1.56
STR_E01,4900005010,2024-03-22,2024-W12,240.0,0.0,AVAILABLE,2.25
STR_E02,1200080994,2024-03-22,2024-W12,325.0,0.0,AVAILABLE,2.39
STR_E02,2840016014,2024-03-22,2024-W12,113.0,0.0,LOW,1.44
STR_E02,4900005010,2024-03-22,2024-W12,235.0,0.0,AVAILABLE,2.3
STR_W01,1200080994,2024-03-22,2024-W12,310.0,0.0,AVAILABLE,2.31
STR_W01,2840016014,2024-03-22,2024-W12,189.0,0.0,AVAILABLE,2.42
STR_W01,4900005010,2024-03-22,2024-W12,251.0,0.0,AVAILABLE,2.5
STR_E01,1200080994,2024-03-23,2024-W12,317.0,0.0,AVAILABLE,2.38
STR_E01,2840016014,2024-03-23,2024-W12,117.0,0.0,LOW,1.43
STR_E01,4900005010,2024-03-23,2024-W12,226.0,0.0,AVAILABLE,2.13
STR_E02,1200080994,2024-03-23,2024-W12,307.0,0.0,AVAILABLE,2.25
STR_E02,2840016014,2024-03-23,2024-W12,100.0,0.0,LOW,1.26
STR_E02,4900005010,2024-03-23,2024-W12,222.0,0.0,AVAILABLE,2.18
STR_W01,1200080994,2024-03-23,2024-W12,295.0,0.0,AVAILABLE,2.2
STR_W01,2840016014,2024-03-23,2024-W12,179.0,0.0,AVAILABLE,2.29
STR_W01,4900005010,2024-03-23,2024-W12,235.0,0.0,AVAILABLE,2.34
STR_E01,1200080994,2024-03-24,2024-W12,304.0,0.0,AVAILABLE,2.3
STR_E01,2840016014,2024-03-24,2024-W12,103.0,0.0,LOW,1.24
STR_E01,4900005010,2024-03-24,2024-W12,210.0,0.0,LOW,1.98
STR_E02,1200080994,2024-03-24,2024-W12,283.0,0.0,AVAILABLE,2.05
STR_E02,2840016014,2024-03-24,2024-W12,89.0,0.0,LOW,1.12
STR_E02,4900005010,2024-03-24,2024-W12,211.0,0.0,AVAILABLE,2.07
STR_W01,1200080994,2024-03-24,2024-W12,278.0,0.0,AVAILABLE,2.09
STR_W01,2840016014,2024-03-24,2024-W12,165.0,0.0,AVAILABLE,2.1
STR_W01,4900005010,2024-03-24,2024-W12,219.0,0.0,AVAILABLE,2.18
STR_E01,1200080994,2024-03-25,2024-W13,227.0,0.0,LOW,1.54
STR_E01,2840016014,2024-03-25,2024-W13,80.0,0.0,LOW,0.93
STR_E01,4900005010,2024-03-25,2024-W13,164.0,0.0,LOW,1.44
STR_E02,1200080994,2024-03-25,2024-W13,196.0,0.0,LOW,1.26
STR_E02,2840016014,2024-03-25,2024-W13,63.0,0.0,LOW,0.76
STR_E02,4900005010,2024-03-25,2024-W13,163.0,0.0,LOW,1.47
STR_W01,1200080994,2024-03-25,2024-W13,187.0,0.0,LOW,1.24
STR_W01,2840016014,2024-03-25,2024-W13,137.0,0.0,LOW,1.64
STR_W01,4900005010,2024-03-25,2024-W13,172.0,0.0,LOW,1.59
STR_E01,1200080994,2024-03-26,2024-W13,167.0,216.0,LOW,1.06
STR_E01,2840016014,2024-03-26,2024-W13,50.0,177.0,LOW,0.55
STR_E01,4900005010,2024-03-26,2024-W13,125.0,179.0,LOW,1.04
STR_E02,1200080994,2024-03-26,2024-W13,90.0,270.0,LOW,0.51
STR_E02,2840016014,2024-03-26,2024-W13,33.0,185.0,LOW,0.38
STR_E02,4900005010,2024-03-26,2024-W13,114.0,169.0,LOW,0.95
STR_W01,1200080994,2024-03-26,2024-W13,110.0,266.0,LOW,0.67
STR_W01,2840016014,2024-03-26,2024-W13,115.0,114.0,LOW,1.35
STR_W01,4900005010,2024-03-26,2024-W13,130.0,152.0,LOW,1.13
STR_E01,1200080994,2024-03-27,2024-W13,303.0,0.0,LOW,1.74
STR_E01,2840016014,2024-03-27,2024-W13,203.0,0.0,AVAILABLE,2.16
STR_E01,4900005010,2024-03-27,2024-W13,255.0,0.0,AVAILABLE,2.0
STR_E02,1200080994,2024-03-27,2024-W13,277.0,0.0,LOW,1.44
STR_E02,2840016014,2024-03-27,2024-W13,197.0,0.0,AVAILABLE,2.19
STR_E02,4900005010,2024-03-27,2024-W13,248.0,0.0,LOW,1.98
STR_W01,1200080994,2024-03-27,2024-W13,293.0,0.0,LOW,1.62
STR_W01,2840016014,2024-03-27,2024-W13,205.0,0.0,AVAILABLE,2.31
STR_W01,4900005010,2024-03-27,2024-W13,73.0,152.0,LOW,0.58
STR_E01,1200080994,2024-03-28,2024-W13,227.0,0.0,LOW,1.2
STR_E01,2840016014,2024-03-28,2024-W13,169.0,0.0,LOW,1.7
STR_E01,4900005010,2024-03-28,2024-W13,198.0,0.0,LOW,1.43
STR_E02,1200080994,2024-03-28,2024-W13,200.0,0.0,LOW,0.97
STR_E02,2840016014,2024-03-28,2024-W13,169.0,0.0,LOW,1.81
STR_E02,4900005010,2024-03-28,2024-W13,201.0,0.0,LOW,1.51
STR_W01,1200080994,2024-03-28,2024-W13,206.0,0.0,LOW,1.04
STR_W01,2840016014,2024-03-28,2024-W13,179.0,0.0,LOW,1.94
STR_W01,4900005010,2024-03-28,2024-W13,178.0,0.0,LOW,1.33
STR_E01,1200080994,2024-03-29,2024-W13,148.0,0.0,LOW,0.73
STR_E01,2840016014,2024-03-29,2024-W13,149.0,0.0,LOW,1.47
STR_E01,4900005010,2024-03-29,2024-W13,144.0,0.0,LOW,0.97
STR_E02,1200080994,2024-03-29,2024-W13,123.0,0.0,LOW,0.56
STR_E02,2840016014,2024-03-29,2024-W13,137.0,0.0,LOW,1.4
STR_E02,4900005010,2024-03-29,2024-W13,160.0,0.0,LOW,1.14
STR_W01,1200080994,2024-03-29,2024-W13,112.0,0.0,LOW,0.52
STR_W01,2840016014,2024-03-29,2024-W13,151.0,0.0,LOW,1.56
STR_W01,4900005010,2024-03-29,2024-W13,141.0,0.0,LOW,1.01
STR_E01,1200080994,2024-03-30,2024-W13,73.0,0.0,LOW,0.34
STR_E01,2840016014,2024-03-30,2024-W13,122.0,0.0,LOW,1.17
STR_E01,4900005010,2024-03-30,2024-W13,90.0,0.0,LOW,0.57
STR_E02,1200080994,2024-03-30,2024-W13,51.0,0.0,LOW,0.22
STR_E02,2840016014,2024-03-30,2024-W13,102.0,0.0,LOW,0.98
STR_E02,4900005010,2024-03-30,2024-W13,112.0,0.0,LOW,0.75
STR_W01,1200080994,2024-03-30,2024-W13,29.0,0.0,LOW,0.12
STR_W01,2840016014,2024-03-30,2024-W13,128.0,0.0,LOW,1.29
STR_W01,4900005010,2024-03-30,2024-W13,92.0,0.0,LOW,0.62
STR_E01,1200080994,2024-03-31,2024-W13,0.0,0.0,ZERO,0.0
STR_E01,2840016014,2024-03-31,2024-W13,99.0,0.0,LOW,0.92
STR_E01,4900005010,2024-03-31,2024-W13,46.0,0.0,LOW,0.28
STR_E02,1200080994,2024-03-31,2024-W13,0.0,0.0,ZERO,0.0
STR_E02,2840016014,2024-03-31,2024-W13,81.0,0.0,LOW,0.76
STR_E02,4900005010,2024-03-31,2024-W13,66.0,0.0,LOW,0.42
STR_W01,1200080994,2024-03-31,2024-W13,0.0,0.0,ZERO,0.0
STR_W01,2840016014,2024-03-31,2024-W13,107.0,0.0,LOW,1.06
STR_W01,4900005010,2024-03-31,2024-W13,47.0,0.0,LOW,0.3
STR_E01,1200080994,2024-04-01,2024-W14,0.0,0.0,ZERO,0.0
STR_E01,2840016014,2024-04-01,2024-W14,78.0,0.0,LOW,0.71
STR_E01,4900005010,2024-04-01,2024-W14,2.0,0.0,LOW,0.01
STR_E02,1200080994,2024-04-01,2024-W14,0.0,0.0,ZERO,0.0
STR_E02,2840016014,2024-04-01,2024-W14,59.0,0.0,LOW,0.54
STR_E02,4900005010,2024-04-01,2024-W14,18.0,0.0,LOW,0.11
STR_W01,1200080994,2024-04-01,2024-W14,0.0,0.0,ZERO,0.0
STR_W01,2840016014,2024-04-01,2024-W14,82.0,0.0,LOW,0.78
STR_W01,4900005010,2024-04-01,2024-W14,6.0,0.0,LOW,0.04
STR_E01,1200080994,2024-04-02,2024-W14,0.0,720.0,ZERO,0.0
STR_E01,2840016014,2024-04-02,2024-W14,58.0,252.0,LOW,0.52
STR_E01,4900005010,2024-04-02,2024-W14,0.0,514.0,ZERO,0.0
STR_E02,1200080994,2024-04-02,2024-W14,0.0,141.0,ZERO,0.0
STR_E02,2840016014,2024-04-02,2024-W14,44.0,199.0,LOW,0.4
STR_E02,4900005010,2024-04-02,2024-W14,0.0,478.0,ZERO,0.0
STR_W01,1200080994,2024-04-02,2024-W14,0.0,401.0,ZERO,0.0
STR_W01,2840016014,2024-04-02,2024-W14,64.0,234.0,LOW,0.6
STR_W01,4900005010,2024-04-02,2024-W14,0.0,276.0,ZERO,0.0
STR_E01,1200080994,2024-04-03,2024-W14,672.0,0.0,AVAILABLE,2.6
STR_E01,2840016014,2024-04-03,2024-W14,297.0,0.0,AVAILABLE,2.65
STR_E01,4900005010,2024-04-03,2024-W14,479.0,0.0,AVAILABLE,2.65
STR_E02,1200080994,2024-04-03,2024-W14,71.0,0.0,LOW,0.25
STR_E02,2840016014,2024-04-03,2024-W14,229.0,0.0,AVAILABLE,2.06
STR_E02,4900005010,2024-04-03,2024-W14,442.0,0.0,AVAILABLE,2.49
STR_W01,1200080994,2024-04-03,2024-W14,360.0,0.0,LOW,1.32
STR_W01,2840016014,2024-04-03,2024-W14,50.0,234.0,LOW,0.46
STR_W01,4900005010,2024-04-03,2024-W14,246.0,0.0,LOW,1.42
STR_E01,1200080994,2024-04-04,2024-W14,638.0,0.0,AVAILABLE,2.46
STR_E01,2840016014,2024-04-04,2024-W14,285.0,0.0,AVAILABLE,2.55
STR_E01,4900005010,2024-04-04,2024-W14,457.0,0.0,AVAILABLE,2.49
STR_E02,1200080994,2024-04-04,2024-W14,33.0,0.0,LOW,0.11
STR_E02,2840016014,2024-04-04,2024-W14,219.0,0.0,LOW,1.97
STR_E02,4900005010,2024-04-04,2024-W14,421.0,0.0,AVAILABLE,2.35
STR_W01,1200080994,2024-04-04,2024-W14,327.0,0.0,LOW,1.18
STR_W01,2840016014,2024-04-04,2024-W14,270.0,0.0,AVAILABLE,2.47
STR_W01,4900005010,2024-04-04,2024-W14,225.0,0.0,LOW,1.28
STR_E01,1200080994,2024-04-05,2024-W14,618.0,0.0,AVAILABLE,2.39
STR_E01,2840016014,2024-04-05,2024-W14,272.0,0.0,AVAILABLE,2.42
STR_E01,4900005010,2024-04-05,2024-W14,440.0,0.0,AVAILABLE,2.39
STR_E02,1200080994,2024-04-05,2024-W14,14.0,0.0,LOW,0.05
STR_E02,2840016014,2024-04-05,2024-W14,207.0,0.0,LOW,1.85
STR_E02,4900005010,2024-04-05,2024-W14,406.0,0.0,AVAILABLE,2.27
STR_W01,1200080994,2024-04-05,2024-W14,303.0,0.0,LOW,1.09
STR_W01,2840016014,2024-04-05,2024-W14,258.0,0.0,AVAILABLE,2.36
STR_W01,4900005010,2024-04-05,2024-W14,211.0,0.0,LOW,1.2
STR_E01,1200080994,2024-04-06,2024-W14,602.0,0.0,AVAILABLE,2.33
STR_E01,2840016014,2024-04-06,2024-W14,258.0,0.0,AVAILABLE,2.3
STR_E01,4900005010,2024-04-06,2024-W14,426.0,0.0,AVAILABLE,2.31
STR_E02,1200080994,2024-04-06,2024-W14,0.0,0.0,ZERO,0.0
STR_E02,2840016014,2024-04-06,2024-W14,193.0,0.0,LOW,1.73
STR_E02,4900005010,2024-04-06,2024-W14,390.0,0.0,AVAILABLE,2.18
STR_W01,1200080994,2024-04-06,2024-W14,283.0,0.0,LOW,1.02
STR_W01,2840016014,2024-04-06,2024-W14,247.0,0.0,AVAILABLE,2.26
STR_W01,4900005010,2024-04-06,2024-W14,194.0,0.0,LOW,1.11
STR_E01,1200080994,2024-04-07,2024-W14,584.0,0.0,AVAILABLE,2.26
STR_E01,2840016014,2024-04-07,2024-W14,246.0,0.0,AVAILABLE,2.2
STR_E01,4900005010,2024-04-07,2024-W14,412.0,0.0,AVAILABLE,2.24
STR_E02,1200080994,2024-04-07,2024-W14,0.0,0.0,ZERO,0.0
STR_E02,2840016014,2024-04-07,2024-W14,180.0,0.0,LOW,1.6
STR_E02,4900005010,2024-04-07,2024-W14,373.0,0.0,AVAILABLE,2.09
STR_W01,1200080994,2024-04-07,2024-W14,265.0,0.0,LOW,0.95
STR_W01,2840016014,2024-04-07,2024-W14,233.0,0.0,AVAILABLE,2.11
STR_W01,4900005010,2024-04-07,2024-W14,181.0,0.0,LOW,1.03
STR_E01,1200080994,2024-04-08,2024-W15,567.0,0.0,AVAILABLE,2.2
STR_E01,2840016014,2024-04-08,2024-W15,234.0,0.0,AVAILABLE,2.1
STR_E01,4900005010,2024-04-08,2024-W15,391.0,0.0,AVAILABLE,2.11
STR_E02,1200080994,2024-04-08,2024-W15,0.0,0.0,ZERO,0.0
STR_E02,2840016014,2024-04-08,2024-W15,169.0,0.0,LOW,1.5
STR_E02,4900005010,2024-04-08,2024-W15,356.0,0.0,LOW,1.99
STR_W01,1200080994,2024-04-08,2024-W15,242.0,0.0,LOW,0.87
STR_W01,2840016014,2024-04-08,2024-W15,218.0,0.0,LOW,1.96
STR_W01,4900005010,2024-04-08,2024-W15,167.0,0.0,LOW,0.95
STR_E01,1200080994,2024-04-09,2024-W15,550.0,0.0,AVAILABLE,2.14
STR_E01,2840016014,2024-04-09,2024-W15,224.0,0.0,AVAILABLE,2.03
STR_E01,4900005010,2024-04-09,2024-W15,375.0,0.0,AVAILABLE,2.02
STR_E02,1200080994,2024-04-09,2024-W15,0.0,889.0,ZERO,0.0
STR_E02,2840016014,2024-04-09,2024-W15,160.0,169.0,LOW,1.42
STR_E02,4900005010,2024-04-09,2024-W15,335.0,180.0,LOW,1.86
STR_W01,1200080994,2024-04-09,2024-W15,217.0,594.0,LOW,0.78
STR_W01,2840016014,2024-04-09,2024-W15,204.0,116.0,LOW,1.82
STR_W01,4900005010,2024-04-09,2024-W15,150.0,359.0,LOW,0.85
STR_E01,1200080994,2024-04-10,2024-W15,531.0,0.0,AVAILABLE,2.07
STR_E01,2840016014,2024-04-10,2024-W15,210.0,0.0,LOW,1.89
STR_E01,4900005010,2024-04-10,2024-W15,361.0,0.0,LOW,1.95
STR_E02,1200080994,2024-04-10,2024-W15,872.0,0.0,AVAILABLE,2.97
STR_E02,2840016014,2024-04-10,2024-W15,315.0,0.0,AVAILABLE,2.78
STR_E02,4900005010,2024-04-10,2024-W15,496.0,0.0,AVAILABLE,2.74
STR_W01,1200080994,2024-04-10,2024-W15,790.0,0.0,AVAILABLE,2.81
STR_W01,2840016014,2024-04-10,2024-W15,306.0,0.0,AVAILABLE,2.72
STR_W01,4900005010,2024-04-10,2024-W15,494.0,0.0,AVAILABLE,2.8
STR_E01,1200080994,2024-04-11,2024-W15,514.0,0.0,AVAILABLE,2.01
STR_E01,2840016014,2024-04-11,2024-W15,199.0,0.0,LOW,1.78
STR_E01,4900005010,2024-04-11,2024-W15,347.0,0.0,LOW,1.87
STR_E02,1200080994,2024-04-11,2024-W15,854.0,0.0,AVAILABLE,2.91
STR_E02,2840016014,2024-04-11,2024-W15,303.0,0.0,AVAILABLE,2.66
STR_E02,4900005010,2024-04-11,2024-W15,480.0,0.0,AVAILABLE,2.65
STR_W01,1200080994,2024-04-11,2024-W15,769.0,0.0,AVAILABLE,2.74
STR_W01,2840016014,2024-04-11,2024-W15,296.0,0.0,AVAILABLE,2.66
STR_W01,4900005010,2024-04-11,2024-W15,473.0,0.0,AVAILABLE,2.66
STR_E01,1200080994,2024-04-12,2024-W15,496.0,0.0,LOW,1.94
STR_E01,2840016014,2024-04-12,2024-W15,190.0,0.0,LOW,1.72
STR_E01,4900005010,2024-04-12,2024-W15,330.0,0.0,LOW,1.77
STR_E02,1200080994,2024-04-12,2024-W15,835.0,0.0,AVAILABLE,2.85
STR_E02,2840016014,2024-04-12,2024-W15,289.0,0.0,AVAILABLE,2.54
STR_E02,4900005010,2024-04-12,2024-W15,463.0,0.0,AVAILABLE,2.54
STR_W01,1200080994,2024-04-12,2024-W15,752.0,0.0,AVAILABLE,2.67
STR_W01,2840016014,2024-04-12,2024-W15,284.0,0.0,AVAILABLE,2.55
STR_W01,4900005010,2024-04-12,2024-W15,458.0,0.0,AVAILABLE,2.58
STR_E01,1200080994,2024-04-13,2024-W15,480.0,0.0,LOW,1.88
STR_E01,2840016014,2024-04-13,2024-W15,176.0,0.0,LOW,1.58
STR_E01,4900005010,2024-04-13,2024-W15,312.0,0.0,LOW,1.66
STR_E02,1200080994,2024-04-13,2024-W15,814.0,0.0,AVAILABLE,2.77
STR_E02,2840016014,2024-04-13,2024-W15,276.0,0.0,AVAILABLE,2.41
STR_E02,4900005010,2024-04-13,2024-W15,448.0,0.0,AVAILABLE,2.45
STR_W01,1200080994,2024-04-13,2024-W15,732.0,0.0,AVAILABLE,2.59
STR_W01,2840016014,2024-04-13,2024-W15,269.0,0.0,AVAILABLE,2.4
STR_W01,4900005010,2024-04-13,2024-W15,442.0,0.0,AVAILABLE,2.47
STR_E01,1200080994,2024-04-14,2024-W15,461.0,0.0,LOW,1.8
STR_E01,2840016014,2024-04-14,2024-W15,165.0,0.0,LOW,1.48
STR_E01,4900005010,2024-04-14,2024-W15,294.0,0.0,LOW,1.57
STR_E02,1200080994,2024-04-14,2024-W15,794.0,0.0,AVAILABLE,2.71
STR_E02,2840016014,2024-04-14,2024-W15,267.0,0.0,AVAILABLE,2.34
STR_E02,4900005010,2024-04-14,2024-W15,436.0,0.0,AVAILABLE,2.4
STR_W01,1200080994,2024-04-14,2024-W15,708.0,0.0,AVAILABLE,2.5
STR_W01,2840016014,2024-04-14,2024-W15,256.0,0.0,AVAILABLE,2.28
STR_W01,4900005010,2024-04-14,2024-W15,426.0,0.0,AVAILABLE,2.38
STR_E01,1200080994,2024-04-15,2024-W16,445.0,0.0,LOW,1.74
STR_E01,2840016014,2024-04-15,2024-W16,156.0,0.0,LOW,1.41
STR_E01,4900005010,2024-04-15,2024-W16,276.0,0.0,LOW,1.47
STR_E02,1200080994,2024-04-15,2024-W16,774.0,0.0,AVAILABLE,2.63
STR_E02,2840016014,2024-04-15,2024-W16,255.0,0.0,AVAILABLE,2.23
STR_E02,4900005010,2024-04-15,2024-W16,422.0,0.0,AVAILABLE,2.33
STR_W01,1200080994,2024-04-15,2024-W16,690.0,0.0,AVAILABLE,2.44
STR_W01,2840016014,2024-04-15,2024-W16,245.0,0.0,AVAILABLE,2.17
STR_W01,4900005010,2024-04-15,2024-W16,410.0,0.0,AVAILABLE,2.29
STR_E01,1200080994,2024-04-16,2024-W16,424.0,321.0,LOW,1.65
STR_E01,2840016014,2024-04-16,2024-W16,140.0,177.0,LOW,1.25
STR_E01,4900005010,2024-04-16,2024-W16,258.0,289.0,LOW,1.37
STR_E02,1200080994,2024-04-16,2024-W16,753.0,0.0,AVAILABLE,2.55
STR_E02,2840016014,2024-04-16,2024-W16,243.0,0.0,AVAILABLE,2.12
STR_E02,4900005010,2024-04-16,2024-W16,408.0,0.0,AVAILABLE,2.25
STR_W01,1200080994,2024-04-16,2024-W16,667.0,0.0,AVAILABLE,2.36
STR_W01,2840016014,2024-04-16,2024-W16,230.0,0.0,AVAILABLE,2.02
STR_W01,4900005010,2024-04-16,2024-W16,393.0,0.0,AVAILABLE,2.19
STR_E01,1200080994,2024-04-17,2024-W16,719.0,0.0,AVAILABLE,2.78
STR_E01,2840016014,2024-04-17,2024-W16,302.0,0.0,AVAILABLE,2.67
STR_E01,4900005010,2024-04-17,2024-W16,533.0,0.0,AVAILABLE,2.84
STR_E02,1200080994,2024-04-17,2024-W16,736.0,0.0,AVAILABLE,2.5
STR_E02,2840016014,2024-04-17,2024-W16,231.0,0.0,AVAILABLE,2.01
STR_E02,4900005010,2024-04-17,2024-W16,389.0,0.0,AVAILABLE,2.15
STR_W01,1200080994,2024-04-17,2024-W16,650.0,0.0,AVAILABLE,2.3
STR_W01,2840016014,2024-04-17,2024-W16,218.0,0.0,LOW,1.91
STR_W01,4900005010,2024-04-17,2024-W16,380.0,0.0,AVAILABLE,2.12
STR_E01,1200080994,2024-04-18,2024-W16,699.0,0.0,AVAILABLE,2.69
STR_E01,2840016014,2024-04-18,2024-W16,285.0,0.0,AVAILABLE,2.48
STR_E01,4900005010,2024-04-18,2024-W16,520.0,0.0,AVAILABLE,2.78
STR_E02,1200080994,2024-04-18,2024-W16,719.0,0.0,AVAILABLE,2.45
STR_E02,2840016014,2024-04-18,2024-W16,219.0,0.0,LOW,1.91
STR_E02,4900005010,2024-04-18,2024-W16,372.0,0.0,AVAILABLE,2.06
STR_W01,1200080994,2024-04-18,2024-W16,631.0,0.0,AVAILABLE,2.24
STR_W01,2840016014,2024-04-18,2024-W16,206.0,0.0,LOW,1.8
STR_W01,4900005010,2024-04-18,2024-W16,365.0,0.0,AVAILABLE,2.03
STR_E01,1200080994,2024-04-19,2024-W16,684.0,0.0,AVAILABLE,2.64
STR_E01,2840016014,2024-04-19,2024-W16,273.0,0.0,AVAILABLE,2.37
STR_E01,4900005010,2024-04-19,2024-W16,507.0,0.0,AVAILABLE,2.73
STR_E02,1200080994,2024-04-19,2024-W16,700.0,0.0,AVAILABLE,2.38
STR_E02,2840016014,2024-04-19,2024-W16,206.0,0.0,LOW,1.79
STR_E02,4900005010,2024-04-19,2024-W16,352.0,0.0,LOW,1.92
STR_W01,1200080994,2024-04-19,2024-W16,610.0,0.0,AVAILABLE,2.16
STR_W01,2840016014,2024-04-19,2024-W16,193.0,0.0,LOW,1.68
STR_W01,4900005010,2024-04-19,2024-W16,351.0,0.0,LOW,1.95
STR_E01,1200080994,2024-04-20,2024-W16,667.0,0.0,AVAILABLE,2.58
STR_E01,2840016014,2024-04-20,2024-W16,257.0,0.0,AVAILABLE,2.21
STR_E01,4900005010,2024-04-20,2024-W16,492.0,0.0,AVAILABLE,2.64
STR_E02,1200080994,2024-04-20,2024-W16,682.0,0.0,AVAILABLE,2.32
STR_E02,2840016014,2024-04-20,2024-W16,194.0,0.0,LOW,1.69
STR_E02,4900005010,2024-04-20,2024-W16,333.0,0.0,LOW,1.8
STR_W01,1200080994,2024-04-20,2024-W16,592.0,0.0,AVAILABLE,2.09
STR_W01,2840016014,2024-04-20,2024-W16,181.0,0.0,LOW,1.57
STR_W01,4900005010,2024-04-20,2024-W16,333.0,0.0,LOW,1.84
STR_E01,1200080994,2024-04-21,2024-W16,642.0,0.0,AVAILABLE,2.45
STR_E01,2840016014,2024-04-21,2024-W16,243.0,0.0,AVAILABLE,2.09
STR_E01,4900005010,2024-04-21,2024-W16,477.0,0.0,AVAILABLE,2.56
STR_E02,1200080994,2024-04-21,2024-W16,662.0,0.0,AVAILABLE,2.26
STR_E02,2840016014,2024-04-21,2024-W16,180.0,0.0,LOW,1.56
STR_E02,4900005010,2024-04-21,2024-W16,317.0,0.0,LOW,1.71
STR_W01,1200080994,2024-04-21,2024-W16,570.0,0.0,AVAILABLE,2.01
STR_W01,2840016014,2024-04-21,2024-W16,171.0,0.0,LOW,1.49
STR_W01,4900005010,2024-04-21,2024-W16,318.0,0.0,LOW,1.76
STR_E01,1200080994,2024-04-22,2024-W17,619.0,0.0,AVAILABLE,2.49
STR_E01,2840016014,2024-04-22,2024-W17,233.0,0.0,AVAILABLE,2.06
STR_E01,4900005010,2024-04-22,2024-W17,453.0,0.0,AVAILABLE,2.51
STR_E02,1200080994,2024-04-22,2024-W17,640.0,0.0,AVAILABLE,2.31
STR_E02,2840016014,2024-04-22,2024-W17,168.0,0.0,LOW,1.5
STR_E02,4900005010,2024-04-22,2024-W17,301.0,0.0,LOW,1.69
STR_W01,1200080994,2024-04-22,2024-W17,555.0,0.0,AVAILABLE,2.09
STR_W01,2840016014,2024-04-22,2024-W17,155.0,0.0,LOW,1.39
STR_W01,4900005010,2024-04-22,2024-W17,304.0,0.0,LOW,1.76
STR_E01,1200080994,2024-04-23,2024-W17,598.0,0.0,AVAILABLE,2.5
STR_E01,2840016014,2024-04-23,2024-W17,220.0,0.0,AVAILABLE,2.02
STR_E01,4900005010,2024-04-23,2024-W17,439.0,0.0,AVAILABLE,2.52
STR_E02,1200080994,2024-04-23,2024-W17,618.0,0.0,AVAILABLE,2.42
STR_E02,2840016014,2024-04-23,2024-W17,157.0,168.0,LOW,1.46
STR_E02,4900005010,2024-04-23,2024-W17,287.0,232.0,LOW,1.7
STR_W01,1200080994,2024-04-23,2024-W17,537.0,0.0,AVAILABLE,2.15
STR_W01,2840016014,2024-04-23,2024-W17,145.0,180.0,LOW,1.34
STR_W01,4900005010,2024-04-23,2024-W17,288.0,213.0,LOW,1.74
STR_E01,1200080994,2024-04-24,2024-W17,579.0,0.0,AVAILABLE,2.59
STR_E01,2840016014,2024-04-24,2024-W17,209.0,0.0,LOW,1.98
STR_E01,4900005010,2024-04-24,2024-W17,423.0,0.0,AVAILABLE,2.55
STR_E02,1200080994,2024-04-24,2024-W17,596.0,0.0,AVAILABLE,2.48
STR_E02,2840016014,2024-04-24,2024-W17,314.0,0.0,AVAILABLE,3.0
STR_E02,4900005010,2024-04-24,2024-W17,501.0,0.0,AVAILABLE,3.04
STR_W01,1200080994,2024-04-24,2024-W17,518.0,0.0,AVAILABLE,2.21
STR_W01,2840016014,2024-04-24,2024-W17,313.0,0.0,AVAILABLE,2.97
STR_W01,4900005010,2024-04-24,2024-W17,486.0,0.0,AVAILABLE,3.13
STR_E01,1200080994,2024-04-25,2024-W17,558.0,0.0,AVAILABLE,2.66
STR_E01,2840016014,2024-04-25,2024-W17,195.0,0.0,LOW,1.94
STR_E01,4900005010,2024-04-25,2024-W17,400.0,0.0,AVAILABLE,2.54
STR_E02,1200080994,2024-04-25,2024-W17,575.0,0.0,AVAILABLE,2.54
STR_E02,2840016014,2024-04-25,2024-W17,301.0,0.0,AVAILABLE,2.98
STR_E02,4900005010,2024-04-25,2024-W17,479.0,0.0,AVAILABLE,3.02
STR_W01,1200080994,2024-04-25,2024-W17,499.0,0.0,AVAILABLE,2.3
STR_W01,2840016014,2024-04-25,2024-W17,301.0,0.0,AVAILABLE,2.95
STR_W01,4900005010,2024-04-25,2024-W17,467.0,0.0,AVAILABLE,3.15
STR_E01,1200080994,2024-04-26,2024-W17,530.0,0.0,AVAILABLE,2.69
STR_E01,2840016014,2024-04-26,2024-W17,183.0,0.0,LOW,1.85
STR_E01,4900005010,2024-04-26,2024-W17,386.0,0.0,AVAILABLE,2.62
STR_E02,1200080994,2024-04-26,2024-W17,553.0,0.0,AVAILABLE,2.6
STR_E02,2840016014,2024-04-26,2024-W17,287.0,0.0,AVAILABLE,2.97
STR_E02,4900005010,2024-04-26,2024-W17,463.0,0.0,AVAILABLE,3.04
STR_W01,1200080994,2024-04-26,2024-W17,473.0,0.0,AVAILABLE,2.36
STR_W01,2840016014,2024-04-26,2024-W17,290.0,0.0,AVAILABLE,2.97
STR_W01,4900005010,2024-04-26,2024-W17,452.0,0.0,AVAILABLE,3.17
STR_E01,1200080994,2024-04-27,2024-W17,512.0,0.0,AVAILABLE,2.8
STR_E01,2840016014,2024-04-27,2024-W17,167.0,0.0,LOW,1.74
STR_E01,4900005010,2024-04-27,2024-W17,369.0,0.0,AVAILABLE,2.67
STR_E02,1200080994,2024-04-27,2024-W17,527.0,0.0,AVAILABLE,2.62
STR_E02,2840016014,2024-04-27,2024-W17,275.0,0.0,AVAILABLE,3.03
STR_E02,4900005010,2024-04-27,2024-W17,450.0,0.0,AVAILABLE,3.14
STR_W01,1200080994,2024-04-27,2024-W17,451.0,0.0,AVAILABLE,2.44
STR_W01,2840016014,2024-04-27,2024-W17,276.0,0.0,AVAILABLE,2.89
STR_W01,4900005010,2024-04-27,2024-W17,437.0,0.0,AVAILABLE,3.26
STR_E01,1200080994,2024-04-28,2024-W17,496.0,0.0,AVAILABLE,2.97
STR_E01,2840016014,2024-04-28,2024-W17,154.0,0.0,LOW,1.65
STR_E01,4900005010,2024-04-28,2024-W17,351.0,0.0,AVAILABLE,2.66
STR_E02,1200080994,2024-04-28,2024-W17,509.0,0.0,AVAILABLE,2.78
STR_E02,2840016014,2024-04-28,2024-W17,265.0,0.0,AVAILABLE,3.01
STR_E02,4900005010,2024-04-28,2024-W17,431.0,0.0,AVAILABLE,3.15
STR_W01,1200080994,2024-04-28,2024-W17,428.0,0.0,AVAILABLE,2.49
STR_W01,2840016014,2024-04-28,2024-W17,262.0,0.0,AVAILABLE,2.79
STR_W01,4900005010,2024-04-28,2024-W17,419.0,0.0,AVAILABLE,3.29
STR_E01,1200080994,2024-04-29,2024-W18,468.0,0.0,AVAILABLE,2.92
STR_E01,2840016014,2024-04-29,2024-W18,138.0,0.0,LOW,1.5
STR_E01,4900005010,2024-04-29,2024-W18,336.0,0.0,AVAILABLE,2.7
STR_E02,1200080994,2024-04-29,2024-W18,491.0,0.0,AVAILABLE,2.95
STR_E02,2840016014,2024-04-29,2024-W18,251.0,0.0,AVAILABLE,2.92
STR_E02,4900005010,2024-04-29,2024-W18,414.0,0.0,AVAILABLE,3.21
STR_W01,1200080994,2024-04-29,2024-W18,407.0,0.0,AVAILABLE,2.5
STR_W01,2840016014,2024-04-29,2024-W18,246.0,0.0,AVAILABLE,2.69
STR_W01,4900005010,2024-04-29,2024-W18,400.0,0.0,AVAILABLE,3.28
STR_E01,1200080994,2024-04-30,2024-W18,445.0,0.0,AVAILABLE,2.99
STR_E01,2840016014,2024-04-30,2024-W18,125.0,139.0,LOW,1.38
STR_E01,4900005010,2024-04-30,2024-W18,319.0,0.0,AVAILABLE,2.64
STR_E02,1200080994,2024-04-30,2024-W18,467.0,0.0,AVAILABLE,2.98
STR_E02,2840016014,2024-04-30,2024-W18,237.0,0.0,AVAILABLE,2.76
STR_E02,4900005010,2024-04-30,2024-W18,399.0,0.0,AVAILABLE,3.25
STR_W01,1200080994,2024-04-30,2024-W18,386.0,0.0,AVAILABLE,2.54
STR_W01,2840016014,2024-04-30,2024-W18,234.0,0.0,AVAILABLE,2.6
STR_W01,4900005010,2024-04-30,2024-W18,385.0,0.0,AVAILABLE,3.33
STR_E01,1200080994,2024-05-01,2024-W18,424.0,0.0,AVAILABLE,2.98
STR_E01,2840016014,2024-05-01,2024-W18,252.0,0.0,AVAILABLE,2.79
STR_E01,4900005010,2024-05-01,2024-W18,301.0,0.0,AVAILABLE,2.58
STR_E02,1200080994,2024-05-01,2024-W18,450.0,0.0,AVAILABLE,3.14
STR_E02,2840016014,2024-05-01,2024-W18,219.0,0.0,AVAILABLE,2.52
STR_E02,4900005010,2024-05-01,2024-W18,379.0,0.0,AVAILABLE,3.19
STR_W01,1200080994,2024-05-01,2024-W18,366.0,0.0,AVAILABLE,2.49
STR_W01,2840016014,2024-05-01,2024-W18,223.0,0.0,AVAILABLE,2.5
STR_W01,4900005010,2024-05-01,2024-W18,370.0,0.0,AVAILABLE,3.3
STR_E01,1200080994,2024-05-02,2024-W18,398.0,0.0,AVAILABLE,2.84
STR_E01,2840016014,2024-05-02,2024-W18,242.0,0.0,AVAILABLE,2.7
STR_E01,4900005010,2024-05-02,2024-W18,283.0,0.0,AVAILABLE,2.44
STR_E02,1200080994,2024-05-02,2024-W18,429.0,0.0,AVAILABLE,3.08
STR_E02,2840016014,2024-05-02,2024-W18,207.0,0.0,AVAILABLE,2.37
STR_E02,4900005010,2024-05-02,2024-W18,361.0,0.0,AVAILABLE,3.06
STR_W01,1200080994,2024-05-02,2024-W18,346.0,0.0,AVAILABLE,2.41
STR_W01,2840016014,2024-05-02,2024-W18,213.0,0.0,AVAILABLE,2.41
STR_W01,4900005010,2024-05-02,2024-W18,351.0,0.0,AVAILABLE,3.15
STR_E01,1200080994,2024-05-03,2024-W18,371.0,0.0,AVAILABLE,2.61
STR_E01,2840016014,2024-05-03,2024-W18,231.0,0.0,AVAILABLE,2.59
STR_E01,4900005010,2024-05-03,2024-W18,268.0,0.0,AVAILABLE,2.33
STR_E02,1200080994,2024-05-03,2024-W18,409.0,0.0,AVAILABLE,2.93
STR_E02,2840016014,2024-05-03,2024-W18,189.0,0.0,AVAILABLE,2.13
STR_E02,4900005010,2024-05-03,2024-W18,344.0,0.0,AVAILABLE,2.9
STR_W01,1200080994,2024-05-03,2024-W18,325.0,0.0,AVAILABLE,2.27
STR_W01,2840016014,2024-05-03,2024-W18,202.0,0.0,AVAILABLE,2.3
STR_W01,4900005010,2024-05-03,2024-W18,336.0,0.0,AVAILABLE,3.01
STR_E01,1200080994,2024-05-04,2024-W18,352.0,0.0,AVAILABLE,2.47
STR_E01,2840016014,2024-05-04,2024-W18,220.0,0.0,AVAILABLE,2.49
STR_E01,4900005010,2024-05-04,2024-W18,249.0,0.0,AVAILABLE,2.14
STR_E02,1200080994,2024-05-04,2024-W18,383.0,0.0,AVAILABLE,2.73
STR_E02,2840016014,2024-05-04,2024-W18,175.0,0.0,LOW,1.97
STR_E02,4900005010,2024-05-04,2024-W18,331.0,0.0,AVAILABLE,2.81
STR_W01,1200080994,2024-05-04,2024-W18,303.0,0.0,AVAILABLE,2.11
STR_W01,2840016014,2024-05-04,2024-W18,192.0,0.0,AVAILABLE,2.19
STR_W01,4900005010,2024-05-04,2024-W18,320.0,0.0,AVAILABLE,2.87
STR_E01,1200080994,2024-05-05,2024-W18,327.0,0.0,AVAILABLE,2.26
STR_E01,2840016014,2024-05-05,2024-W18,209.0,0.0,AVAILABLE,2.37
STR_E01,4900005010,2024-05-05,2024-W18,235.0,0.0,AVAILABLE,2.02
STR_E02,1200080994,2024-05-05,2024-W18,361.0,0.0,AVAILABLE,2.56
STR_E02,2840016014,2024-05-05,2024-W18,163.0,0.0,LOW,1.84
STR_E02,4900005010,2024-05-05,2024-W18,314.0,0.0,AVAILABLE,2.67
STR_W01,1200080994,2024-05-05,2024-W18,280.0,0.0,LOW,1.93
STR_W01,2840016014,2024-05-05,2024-W18,177.0,0.0,AVAILABLE,2.01
STR_W01,4900005010,2024-05-05,2024-W18,307.0,0.0,AVAILABLE,2.75
STR_E01,1200080994,2024-05-06,2024-W19,308.0,0.0,AVAILABLE,2.12
STR_E01,2840016014,2024-05-06,2024-W19,198.0,0.0,AVAILABLE,2.25
STR_E01,4900005010,2024-05-06,2024-W19,218.0,0.0,LOW,1.89
STR_E02,1200080994,2024-05-06,2024-W19,335.0,0.0,AVAILABLE,2.35
STR_E02,2840016014,2024-05-06,2024-W19,150.0,0.0,LOW,1.69
STR_E02,4900005010,2024-05-06,2024-W19,298.0,0.0,AVAILABLE,2.54
STR_W01,1200080994,2024-05-06,2024-W19,261.0,0.0,LOW,1.82
STR_W01,2840016014,2024-05-06,2024-W19,165.0,0.0,LOW,1.89
STR_W01,4900005010,2024-05-06,2024-W19,286.0,0.0,AVAILABLE,2.53
STR_E01,1200080994,2024-05-07,2024-W19,284.0,0.0,LOW,1.94
STR_E01,2840016014,2024-05-07,2024-W19,186.0,0.0,AVAILABLE,2.1
STR_E01,4900005010,2024-05-07,2024-W19,198.0,128.0,LOW,1.7
STR_E02,1200080994,2024-05-07,2024-W19,311.0,0.0,AVAILABLE,2.15
STR_E02,2840016014,2024-05-07,2024-W19,137.0,117.0,LOW,1.52
STR_E02,4900005010,2024-05-07,2024-W19,278.0,0.0,AVAILABLE,2.37
STR_W01,1200080994,2024-05-07,2024-W19,239.0,170.0,LOW,1.67
STR_W01,2840016014,2024-05-07,2024-W19,153.0,97.0,LOW,1.76
STR_W01,4900005010,2024-05-07,2024-W19,268.0,0.0,AVAILABLE,2.36
STR_E01,1200080994,2024-05-08,2024-W19,264.0,0.0,LOW,1.8
STR_E01,2840016014,2024-05-08,2024-W19,171.0,0.0,LOW,1.93
STR_E01,4900005010,2024-05-08,2024-W19,306.0,0.0,AVAILABLE,2.59
STR_E02,1200080994,2024-05-08,2024-W19,291.0,0.0,AVAILABLE,2.0
STR_E02,2840016014,2024-05-08,2024-W19,243.0,0.0,AVAILABLE,2.72
STR_E02,4900005010,2024-05-08,2024-W19,262.0,0.0,AVAILABLE,2.25
STR_W01,1200080994,2024-05-08,2024-W19,323.0,61.0,AVAILABLE,2.24
STR_W01,2840016014,2024-05-08,2024-W19,236.0,0.0,AVAILABLE,2.72
STR_W01,4900005010,2024-05-08,2024-W19,248.0,0.0,AVAILABLE,2.16
STR_E01,1200080994,2024-05-09,2024-W19,241.0,0.0,LOW,1.62
STR_E01,2840016014,2024-05-09,2024-W19,158.0,0.0,LOW,1.77
STR_E01,4900005010,2024-05-09,2024-W19,287.0,0.0,AVAILABLE,2.41
STR_E02,1200080994,2024-05-09,2024-W19,271.0,0.0,LOW,1.86
STR_E02,2840016014,2024-05-09,2024-W19,231.0,0.0,AVAILABLE,2.59
STR_E02,4900005010,2024-05-09,2024-W19,244.0,0.0,AVAILABLE,2.09
STR_W01,1200080994,2024-05-09,2024-W19,298.0,61.0,AVAILABLE,2.06
STR_W01,2840016014,2024-05-09,2024-W19,223.0,0.0,AVAILABLE,2.55
STR_W01,4900005010,2024-05-09,2024-W19,232.0,0.0,AVAILABLE,2.04
STR_E01,1200080994,2024-05-10,2024-W19,222.0,0.0,LOW,1.49
STR_E01,2840016014,2024-05-10,2024-W19,145.0,0.0,LOW,1.61
STR_E01,4900005010,2024-05-10,2024-W19,269.0,0.0,AVAILABLE,2.25
STR_E02,1200080994,2024-05-10,2024-W19,252.0,0.0,LOW,1.73
STR_E02,2840016014,2024-05-10,2024-W19,219.0,0.0,AVAILABLE,2.47
STR_E02,4900005010,2024-05-10,2024-W19,228.0,0.0,LOW,1.95
STR_W01,1200080994,2024-05-10,2024-W19,337.0,0.0,AVAILABLE,2.3
STR_W01,2840016014,2024-05-10,2024-W19,211.0,0.0,AVAILABLE,2.41
STR_W01,4900005010,2024-05-10,2024-W19,215.0,0.0,LOW,1.89
STR_E01,1200080994,2024-05-11,2024-W19,198.0,0.0,LOW,1.31
STR_E01,2840016014,2024-05-11,2024-W19,131.0,0.0,LOW,1.45
STR_E01,4900005010,2024-05-11,2024-W19,254.0,0.0,AVAILABLE,2.14
STR_E02,1200080994,2024-05-11,2024-W19,228.0,0.0,LOW,1.56
STR_E02,2840016014,2024-05-11,2024-W19,209.0,0.0,AVAILABLE,2.38
STR_E02,4900005010,2024-05-11,2024-W19,208.0,0.0,LOW,1.76
STR_W01,1200080994,2024-05-11,2024-W19,314.0,0.0,AVAILABLE,2.14
STR_W01,2840016014,2024-05-11,2024-W19,199.0,0.0,AVAILABLE,2.29
STR_W01,4900005010,2024-05-11,2024-W19,199.0,0.0,LOW,1.75
STR_E01,1200080994,2024-05-12,2024-W19,176.0,0.0,LOW,1.16
STR_E01,2840016014,2024-05-12,2024-W19,118.0,0.0,LOW,1.3
STR_E01,4900005010,2024-05-12,2024-W19,239.0,0.0,AVAILABLE,2.03
STR_E02,1200080994,2024-05-12,2024-W19,209.0,0.0,LOW,1.43
STR_E02,2840016014,2024-05-12,2024-W19,193.0,0.0,AVAILABLE,2.15
STR_E02,4900005010,2024-05-12,2024-W19,187.0,0.0,LOW,1.56
STR_W01,1200080994,2024-05-12,2024-W19,283.0,0.0,LOW,1.9
STR_W01,2840016014,2024-05-12,2024-W19,188.0,0.0,AVAILABLE,2.18
STR_W01,4900005010,2024-05-12,2024-W19,181.0,0.0,LOW,1.58
STR_E01,1200080994,2024-05-13,2024-W20,153.0,0.0,LOW,1.0
STR_E01,2840016014,2024-05-13,2024-W20,104.0,0.0,LOW,1.13
STR_E01,4900005010,2024-05-13,2024-W20,219.0,0.0,LOW,1.85
STR_E02,1200080994,2024-05-13,2024-W20,190.0,0.0,LOW,1.3
STR_E02,2840016014,2024-05-13,2024-W20,182.0,0.0,AVAILABLE,2.03
STR_E02,4900005010,2024-05-13,2024-W20,169.0,0.0,LOW,1.39
STR_W01,1200080994,2024-05-13,2024-W20,265.0,0.0,LOW,1.78
STR_W01,2840016014,2024-05-13,2024-W20,176.0,0.0,AVAILABLE,2.03
STR_W01,4900005010,2024-05-13,2024-W20,168.0,0.0,LOW,1.48
STR_E01,1200080994,2024-05-14,2024-W20,133.0,307.0,LOW,0.87
STR_E01,2840016014,2024-05-14,2024-W20,90.0,172.0,LOW,0.98
STR_E01,4900005010,2024-05-14,2024-W20,201.0,136.0,LOW,1.7
STR_E02,1200080994,2024-05-14,2024-W20,171.0,248.0,LOW,1.18
STR_E02,2840016014,2024-05-14,2024-W20,167.0,0.0,LOW,1.85
STR_E02,4900005010,2024-05-14,2024-W20,152.0,195.0,LOW,1.25
STR_W01,1200080994,2024-05-14,2024-W20,241.0,181.0,LOW,1.62
STR_W01,2840016014,2024-05-14,2024-W20,161.0,0.0,LOW,1.86
STR_W01,4900005010,2024-05-14,2024-W20,151.0,173.0,LOW,1.33
STR_E01,1200080994,2024-05-15,2024-W20,414.0,0.0,AVAILABLE,2.71
STR_E01,2840016014,2024-05-15,2024-W20,248.0,0.0,AVAILABLE,2.72
STR_E01,4900005010,2024-05-15,2024-W20,321.0,0.0,AVAILABLE,2.7
STR_E02,1200080994,2024-05-15,2024-W20,399.0,0.0,AVAILABLE,2.73
STR_E02,2840016014,2024-05-15,2024-W20,152.0,0.0,LOW,1.67
STR_E02,4900005010,2024-05-15,2024-W20,331.0,0.0,AVAILABLE,2.73
STR_W01,1200080994,2024-05-15,2024-W20,399.0,0.0,AVAILABLE,2.65
STR_W01,2840016014,2024-05-15,2024-W20,150.0,0.0,LOW,1.74
STR_W01,4900005010,2024-05-15,2024-W20,305.0,0.0,AVAILABLE,2.65
STR_E01,1200080994,2024-05-16,2024-W20,393.0,0.0,AVAILABLE,2.56
STR_E01,2840016014,2024-05-16,2024-W20,237.0,0.0,AVAILABLE,2.64
STR_E01,4900005010,2024-05-16,2024-W20,299.0,0.0,AVAILABLE,2.47
STR_E02,1200080994,2024-05-16,2024-W20,375.0,0.0,AVAILABLE,2.53
STR_E02,2840016014,2024-05-16,2024-W20,140.0,0.0,LOW,1.54
STR_E02,4900005010,2024-05-16,2024-W20,308.0,0.0,AVAILABLE,2.51
STR_W01,1200080994,2024-05-16,2024-W20,376.0,0.0,AVAILABLE,2.48
STR_W01,2840016014,2024-05-16,2024-W20,139.0,0.0,LOW,1.62
STR_W01,4900005010,2024-05-16,2024-W20,288.0,0.0,AVAILABLE,2.49
STR_E01,1200080994,2024-05-17,2024-W20,371.0,0.0,AVAILABLE,2.39
STR_E01,2840016014,2024-05-17,2024-W20,225.0,0.0,AVAILABLE,2.51
STR_E01,4900005010,2024-05-17,2024-W20,284.0,0.0,AVAILABLE,2.33
STR_E02,1200080994,2024-05-17,2024-W20,352.0,0.0,AVAILABLE,2.36
STR_E02,2840016014,2024-05-17,2024-W20,130.0,0.0,LOW,1.44
STR_E02,4900005010,2024-05-17,2024-W20,284.0,0.0,AVAILABLE,2.29
STR_W01,1200080994,2024-05-17,2024-W20,351.0,0.0,AVAILABLE,2.3
STR_W01,2840016014,2024-05-17,2024-W20,128.0,0.0,LOW,1.5
STR_W01,4900005010,2024-05-17,2024-W20,272.0,0.0,AVAILABLE,2.34
STR_E01,1200080994,2024-05-18,2024-W20,349.0,0.0,AVAILABLE,2.23
STR_E01,2840016014,2024-05-18,2024-W20,210.0,0.0,AVAILABLE,2.35
STR_E01,4900005010,2024-05-18,2024-W20,266.0,0.0,AVAILABLE,2.17
STR_E02,1200080994,2024-05-18,2024-W20,327.0,0.0,AVAILABLE,2.17
STR_E02,2840016014,2024-05-18,2024-W20,120.0,0.0,LOW,1.34
STR_E02,4900005010,2024-05-18,2024-W20,264.0,0.0,AVAILABLE,2.13
STR_W01,1200080994,2024-05-18,2024-W20,327.0,0.0,AVAILABLE,2.12
STR_W01,2840016014,2024-05-18,2024-W20,114.0,0.0,LOW,1.33
STR_W01,4900005010,2024-05-18,2024-W20,254.0,0.0,AVAILABLE,2.18
STR_E01,1200080994,2024-05-19,2024-W20,330.0,0.0,AVAILABLE,2.13
STR_E01,2840016014,2024-05-19,2024-W20,195.0,0.0,AVAILABLE,2.17
STR_E01,4900005010,2024-05-19,2024-W20,249.0,0.0,AVAILABLE,2.02
STR_E02,1200080994,2024-05-19,2024-W20,305.0,0.0,AVAILABLE,2.02
STR_E02,2840016014,2024-05-19,2024-W20,109.0,0.0,LOW,1.22
STR_E02,4900005010,2024-05-19,2024-W20,244.0,0.0,LOW,1.95
STR_W01,1200080994,2024-05-19,2024-W20,303.0,0.0,LOW,1.96
STR_W01,2840016014,2024-05-19,2024-W20,101.0,0.0,LOW,1.16
STR_W01,4900005010,2024-05-19,2024-W20,243.0,0.0,AVAILABLE,2.11
STR_E01,1200080994,2024-05-20,2024-W21,311.0,0.0,AVAILABLE,2.02
STR_E01,2840016014,2024-05-20,2024-W21,183.0,0.0,AVAILABLE,2.03
STR_E01,4900005010,2024-05-20,2024-W21,232.0,0.0,LOW,1.91
STR_E02,1200080994,2024-05-20,2024-W21,278.0,0.0,LOW,1.82
STR_E02,2840016014,2024-05-20,2024-W21,99.0,0.0,LOW,1.12
STR_E02,4900005010,2024-05-20,2024-W21,228.0,0.0,LOW,1.82
STR_W01,1200080994,2024-05-20,2024-W21,281.0,0.0,LOW,1.8
STR_W01,2840016014,2024-05-20,2024-W21,85.0,0.0,LOW,0.98
STR_W01,4900005010,2024-05-20,2024-W21,230.0,0.0,AVAILABLE,2.0
STR_E01,1200080994,2024-05-21,2024-W21,286.0,0.0,LOW,1.85
STR_E01,2840016014,2024-05-21,2024-W21,171.0,0.0,LOW,1.9
STR_E01,4900005010,2024-05-21,2024-W21,216.0,132.0,LOW,1.77
STR_E02,1200080994,2024-05-21,2024-W21,254.0,180.0,LOW,1.66
STR_E02,2840016014,2024-05-21,2024-W21,84.0,166.0,LOW,0.94
STR_E02,4900005010,2024-05-21,2024-W21,214.0,147.0,LOW,1.71
STR_W01,1200080994,2024-05-21,2024-W21,259.0,188.0,LOW,1.65
STR_W01,2840016014,2024-05-21,2024-W21,74.0,175.0,LOW,0.85
STR_W01,4900005010,2024-05-21,2024-W21,214.0,0.0,LOW,1.86
STR_E01,1200080994,2024-05-22,2024-W21,266.0,0.0,LOW,1.72
STR_E01,2840016014,2024-05-22,2024-W21,158.0,0.0,LOW,1.75
STR_E01,4900005010,2024-05-22,2024-W21,329.0,0.0,AVAILABLE,2.69
STR_E02,1200080994,2024-05-22,2024-W21,413.0,0.0,AVAILABLE,2.7
STR_E02,2840016014,2024-05-22,2024-W21,240.0,0.0,AVAILABLE,2.69
STR_E02,4900005010,2024-05-22,2024-W21,344.0,0.0,AVAILABLE,2.76
STR_W01,1200080994,2024-05-22,2024-W21,428.0,0.0,AVAILABLE,2.72
STR_W01,2840016014,2024-05-22,2024-W21,234.0,0.0,AVAILABLE,2.67
STR_W01,4900005010,2024-05-22,2024-W21,199.0,0.0,LOW,1.73
STR_E01,1200080994,2024-05-23,2024-W21,240.0,0.0,LOW,1.54
STR_E01,2840016014,2024-05-23,2024-W21,140.0,0.0,LOW,1.53
STR_E01,4900005010,2024-05-23,2024-W21,311.0,0.0,AVAILABLE,2.56
STR_E02,1200080994,2024-05-23,2024-W21,393.0,0.0,AVAILABLE,2.58
STR_E02,2840016014,2024-05-23,2024-W21,227.0,0.0,AVAILABLE,2.54
STR_E02,4900005010,2024-05-23,2024-W21,322.0,0.0,AVAILABLE,2.58
STR_W01,1200080994,2024-05-23,2024-W21,405.0,0.0,AVAILABLE,2.56
STR_W01,2840016014,2024-05-23,2024-W21,219.0,0.0,AVAILABLE,2.47
STR_W01,4900005010,2024-05-23,2024-W21,183.0,0.0,LOW,1.6
STR_E01,1200080994,2024-05-24,2024-W21,220.0,0.0,LOW,1.43
STR_E01,2840016014,2024-05-24,2024-W21,124.0,0.0,LOW,1.34
STR_E01,4900005010,2024-05-24,2024-W21,296.0,0.0,AVAILABLE,2.44
STR_E02,1200080994,2024-05-24,2024-W21,369.0,0.0,AVAILABLE,2.41
STR_E02,2840016014,2024-05-24,2024-W21,214.0,0.0,AVAILABLE,2.4
STR_E02,4900005010,2024-05-24,2024-W21,306.0,0.0,AVAILABLE,2.45
STR_W01,1200080994,2024-05-24,2024-W21,389.0,0.0,AVAILABLE,2.5
STR_W01,2840016014,2024-05-24,2024-W21,202.0,0.0,AVAILABLE,2.24
STR_W01,4900005010,2024-05-24,2024-W21,169.0,0.0,LOW,1.48
STR_E01,1200080994,2024-05-25,2024-W21,199.0,0.0,LOW,1.28
STR_E01,2840016014,2024-05-25,2024-W21,110.0,0.0,LOW,1.2
STR_E01,4900005010,2024-05-25,2024-W21,279.0,0.0,AVAILABLE,2.3
STR_E02,1200080994,2024-05-25,2024-W21,352.0,0.0,AVAILABLE,2.33
STR_E02,2840016014,2024-05-25,2024-W21,197.0,0.0,AVAILABLE,2.18
STR_E02,4900005010,2024-05-25,2024-W21,289.0,0.0,AVAILABLE,2.3
STR_W01,1200080994,2024-05-25,2024-W21,374.0,0.0,AVAILABLE,2.43
STR_W01,2840016014,2024-05-25,2024-W21,189.0,0.0,AVAILABLE,2.11
STR_W01,4900005010,2024-05-25,2024-W21,153.0,0.0,LOW,1.34
STR_E01,1200080994,2024-05-26,2024-W21,174.0,0.0,LOW,1.11
STR_E01,2840016014,2024-05-26,2024-W21,98.0,0.0,LOW,1.07
STR_E01,4900005010,2024-05-26,2024-W21,263.0,0.0,AVAILABLE,2.17
STR_E02,1200080994,2024-05-26,2024-W21,328.0,0.0,AVAILABLE,2.15
STR_E02,2840016014,2024-05-26,2024-W21,182.0,0.0,LOW,1.99
STR_E02,4900005010,2024-05-26,2024-W21,272.0,0.0,AVAILABLE,2.17
STR_W01,1200080994,2024-05-26,2024-W21,349.0,0.0,AVAILABLE,2.26
STR_W01,2840016014,2024-05-26,2024-W21,176.0,0.0,LOW,1.97
STR_W01,4900005010,2024-05-26,2024-W21,137.0,0.0,LOW,1.2
STR_E01,1200080994,2024-05-27,2024-W22,81.0,0.0,LOW,0.47
STR_E01,2840016014,2024-05-27,2024-W22,76.0,0.0,LOW,0.82
STR_E01,4900005010,2024-05-27,2024-W22,213.0,0.0,LOW,1.64
STR_E02,1200080994,2024-05-27,2024-W22,231.0,0.0,LOW,1.34
STR_E02,2840016014,2024-05-27,2024-W22,151.0,0.0,LOW,1.58
STR_E02,4900005010,2024-05-27,2024-W22,228.0,0.0,LOW,1.73
STR_W01,1200080994,2024-05-27,2024-W22,263.0,0.0,LOW,1.54
STR_W01,2840016014,2024-05-27,2024-W22,145.0,0.0,LOW,1.55
STR_W01,4900005010,2024-05-27,2024-W22,91.0,0.0,LOW,0.76
STR_E01,1200080994,2024-05-28,2024-W22,2.0,440.0,LOW,0.01
STR_E01,2840016014,2024-05-28,2024-W22,52.0,204.0,LOW,0.54
STR_E01,4900005010,2024-05-28,2024-W22,168.0,176.0,LOW,1.23
STR_E02,1200080994,2024-05-28,2024-W22,145.0,143.0,LOW,0.77
STR_E02,2840016014,2024-05-28,2024-W22,123.0,136.0,LOW,1.24
STR_E02,4900005010,2024-05-28,2024-W22,163.0,168.0,LOW,1.13
STR_W01,1200080994,2024-05-28,2024-W22,177.0,249.0,LOW,0.95
STR_W01,2840016014,2024-05-28,2024-W22,112.0,135.0,LOW,1.14
STR_W01,4900005010,2024-05-28,2024-W22,33.0,270.0,LOW,0.25
STR_E01,1200080994,2024-05-29,2024-W22,348.0,0.0,LOW,1.69
STR_E01,2840016014,2024-05-29,2024-W22,227.0,0.0,AVAILABLE,2.26
STR_E01,4900005010,2024-05-29,2024-W22,289.0,0.0,LOW,1.98
STR_E02,1200080994,2024-05-29,2024-W22,211.0,0.0,LOW,1.04
STR_E02,2840016014,2024-05-29,2024-W22,232.0,0.0,AVAILABLE,2.29
STR_E02,4900005010,2024-05-29,2024-W22,277.0,0.0,LOW,1.81
STR_W01,1200080994,2024-05-29,2024-W22,341.0,0.0,LOW,1.68
STR_W01,2840016014,2024-05-29,2024-W22,216.0,0.0,AVAILABLE,2.09
STR_W01,4900005010,2024-05-29,2024-W22,243.0,0.0,LOW,1.71
STR_E01,1200080994,2024-05-30,2024-W22,270.0,0.0,LOW,1.23
STR_E01,2840016014,2024-05-30,2024-W22,194.0,0.0,LOW,1.83
STR_E01,4900005010,2024-05-30,2024-W22,242.0,0.0,LOW,1.58
STR_E02,1200080994,2024-05-30,2024-W22,133.0,0.0,LOW,0.61
STR_E02,2840016014,2024-05-30,2024-W22,198.0,0.0,LOW,1.85
STR_E02,4900005010,2024-05-30,2024-W22,220.0,0.0,LOW,1.35
STR_W01,1200080994,2024-05-30,2024-W22,257.0,0.0,LOW,1.17
STR_W01,2840016014,2024-05-30,2024-W22,188.0,0.0,LOW,1.74
STR_W01,4900005010,2024-05-30,2024-W22,178.0,0.0,LOW,1.16
STR_E01,1200080994,2024-05-31,2024-W22,188.0,0.0,LOW,0.81
STR_E01,2840016014,2024-05-31,2024-W22,161.0,0.0,LOW,1.44
STR_E01,4900005010,2024-05-31,2024-W22,190.0,0.0,LOW,1.17
STR_E02,1200080994,2024-05-31,2024-W22,56.0,0.0,LOW,0.24
STR_E02,2840016014,2024-05-31,2024-W22,176.0,0.0,LOW,1.63
STR_E02,4900005010,2024-05-31,2024-W22,171.0,0.0,LOW,1.0
STR_W01,1200080994,2024-05-31,2024-W22,174.0,0.0,LOW,0.74
STR_W01,2840016014,2024-05-31,2024-W22,161.0,0.0,LOW,1.44
STR_W01,4900005010,2024-05-31,2024-W22,117.0,0.0,LOW,0.71
STR_E01,1200080994,2024-06-01,2024-W22,114.0,0.0,LOW,0.46
STR_E01,2840016014,2024-06-01,2024-W22,123.0,0.0,LOW,1.04
STR_E01,4900005010,2024-06-01,2024-W22,132.0,0.0,LOW,0.77
STR_E02,1200080994,2024-06-01,2024-W22,0.0,0.0,ZERO,0.0
STR_E02,2840016014,2024-06-01,2024-W22,147.0,0.0,LOW,1.32
STR_E02,4900005010,2024-06-01,2024-W22,110.0,0.0,LOW,0.6
STR_W01,1200080994,2024-06-01,2024-W22,98.0,0.0,LOW,0.39
STR_W01,2840016014,2024-06-01,2024-W22,134.0,0.0,LOW,1.15
STR_W01,4900005010,2024-06-01,2024-W22,68.0,0.0,LOW,0.39
STR_E01,1200080994,2024-06-02,2024-W22,24.0,0.0,LOW,0.09
STR_E01,2840016014,2024-06-02,2024-W22,99.0,0.0,LOW,0.81
STR_E01,4900005010,2024-06-02,2024-W22,78.0,0.0,LOW,0.43
STR_E02,1200080994,2024-06-02,2024-W22,0.0,0.0,ZERO,0.0
STR_E02,2840016014,2024-06-02,2024-W22,117.0,0.0,LOW,1.01
STR_E02,4900005010,2024-06-02,2024-W22,62.0,0.0,LOW,0.33
STR_W01,1200080994,2024-06-02,2024-W22,22.0,0.0,LOW,0.08
STR_W01,2840016014,2024-06-02,2024-W22,98.0,0.0,LOW,0.81
STR_W01,4900005010,2024-06-02,2024-W22,17.0,0.0,LOW,0.09
STR_E01,1200080994,2024-06-03,2024-W23,0.0,0.0,ZERO,0.0
STR_E01,2840016014,2024-06-03,2024-W23,78.0,0.0,LOW,0.63
STR_E01,4900005010,2024-06-03,2024-W23,35.0,0.0,LOW,0.19
STR_E02,1200080994,2024-06-03,2024-W23,0.0,0.0,ZERO,0.0
STR_E02,2840016014,2024-06-03,2024-W23,96.0,0.0,LOW,0.81
STR_E02,4900005010,2024-06-03,2024-W23,10.0,0.0,LOW,0.05
STR_W01,1200080994,2024-06-03,2024-W23,0.0,0.0,ZERO,0.0
STR_W01,2840016014,2024-06-03,2024-W23,71.0,0.0,LOW,0.57
STR_W01,4900005010,2024-06-03,2024-W23,0.0,0.0,ZERO,0.0
STR_E01,1200080994,2024-06-04,2024-W23,0.0,828.0,ZERO,0.0
STR_E01,2840016014,2024-06-04,2024-W23,58.0,294.0,LOW,0.46
STR_E01,4900005010,2024-06-04,2024-W23,4.0,531.0,LOW,0.02
STR_E02,1200080994,2024-06-04,2024-W23,0.0,120.0,ZERO,0.0
STR_E02,2840016014,2024-06-04,2024-W23,72.0,259.0,LOW,0.6
STR_E02,4900005010,2024-06-04,2024-W23,0.0,359.0,ZERO,0.0
STR_W01,1200080994,2024-06-04,2024-W23,0.0,534.0,ZERO,0.0
STR_W01,2840016014,2024-06-04,2024-W23,45.0,126.0,LOW,0.35
STR_W01,4900005010,2024-06-04,2024-W23,0.0,419.0,ZERO,0.0
STR_E01,1200080994,2024-06-05,2024-W23,783.0,0.0,AVAILABLE,2.68
STR_E01,2840016014,2024-06-05,2024-W23,332.0,0.0,AVAILABLE,2.61
STR_E01,4900005010,2024-06-05,2024-W23,508.0,0.0,AVAILABLE,2.63
STR_E02,1200080994,2024-06-05,2024-W23,69.0,0.0,LOW,0.24
STR_E02,2840016014,2024-06-05,2024-W23,317.0,0.0,AVAILABLE,2.6
STR_E02,4900005010,2024-06-05,2024-W23,324.0,0.0,LOW,1.54
STR_W01,1200080994,2024-06-05,2024-W23,491.0,0.0,LOW,1.69
STR_W01,2840016014,2024-06-05,2024-W23,153.0,0.0,LOW,1.18
STR_W01,4900005010,2024-06-05,2024-W23,392.0,0.0,LOW,1.97
STR_E01,1200080994,2024-06-06,2024-W23,742.0,0.0,AVAILABLE,2.5
STR_E01,2840016014,2024-06-06,2024-W23,321.0,0.0,AVAILABLE,2.53
STR_E01,4900005010,2024-06-06,2024-W23,486.0,0.0,AVAILABLE,2.51
STR_E02,1200080994,2024-06-06,2024-W23,28.0,0.0,LOW,0.09
STR_E02,2840016014,2024-06-06,2024-W23,301.0,0.0,AVAILABLE,2.45
STR_E02,4900005010,2024-06-06,2024-W23,300.0,0.0,LOW,1.42
STR_W01,1200080994,2024-06-06,2024-W23,459.0,0.0,LOW,1.57
STR_W01,2840016014,2024-06-06,2024-W23,141.0,0.0,LOW,1.09
STR_W01,4900005010,2024-06-06,2024-W23,371.0,0.0,LOW,1.85
STR_E01,1200080994,2024-06-07,2024-W23,716.0,0.0,AVAILABLE,2.4
STR_E01,2840016014,2024-06-07,2024-W23,307.0,0.0,AVAILABLE,2.42
STR_E01,4900005010,2024-06-07,2024-W23,472.0,0.0,AVAILABLE,2.45
STR_E02,1200080994,2024-06-07,2024-W23,4.0,0.0,LOW,0.01
STR_E02,2840016014,2024-06-07,2024-W23,289.0,0.0,AVAILABLE,2.35
STR_E02,4900005010,2024-06-07,2024-W23,284.0,0.0,LOW,1.34
STR_W01,1200080994,2024-06-07,2024-W23,437.0,0.0,LOW,1.49
STR_W01,2840016014,2024-06-07,2024-W23,129.0,0.0,LOW,1.0
STR_W01,4900005010,2024-06-07,2024-W23,355.0,0.0,LOW,1.77
STR_E01,1200080994,2024-06-08,2024-W23,687.0,0.0,AVAILABLE,2.29
STR_E01,2840016014,2024-06-08,2024-W23,292.0,0.0,AVAILABLE,2.29
STR_E01,4900005010,2024-06-08,2024-W23,457.0,0.0,AVAILABLE,2.37
STR_E02,1200080994,2024-06-08,2024-W23,0.0,0.0,ZERO,0.0
STR_E02,2840016014,2024-06-08,2024-W23,275.0,0.0,AVAILABLE,2.22
STR_E02,4900005010,2024-06-08,2024-W23,268.0,0.0,LOW,1.27
STR_W01,1200080994,2024-06-08,2024-W23,418.0,0.0,LOW,1.43
STR_W01,2840016014,2024-06-08,2024-W23,116.0,0.0,LOW,0.89
STR_W01,4900005010,2024-06-08,2024-W23,335.0,0.0,LOW,1.67
STR_E01,1200080994,2024-06-09,2024-W23,659.0,0.0,AVAILABLE,2.19
STR_E01,2840016014,2024-06-09,2024-W23,278.0,0.0,AVAILABLE,2.18
STR_E01,4900005010,2024-06-09,2024-W23,442.0,0.0,AVAILABLE,2.29
STR_E02,1200080994,2024-06-09,2024-W23,0.0,0.0,ZERO,0.0
STR_E02,2840016014,2024-06-09,2024-W23,262.0,0.0,AVAILABLE,2.13
STR_E02,4900005010,2024-06-09,2024-W23,249.0,0.0,LOW,1.18
STR_W01,1200080994,2024-06-09,2024-W23,396.0,0.0,LOW,1.37
STR_W01,2840016014,2024-06-09,2024-W23,106.0,0.0,LOW,0.82
STR_W01,4900005010,2024-06-09,2024-W23,317.0,0.0,LOW,1.58
STR_E01,1200080994,2024-06-10,2024-W24,639.0,0.0,AVAILABLE,2.12
STR_E01,2840016014,2024-06-10,2024-W24,267.0,0.0,AVAILABLE,2.11
STR_E01,4900005010,2024-06-10,2024-W24,423.0,0.0,AVAILABLE,2.19
STR_E02,1200080994,2024-06-10,2024-W24,0.0,0.0,ZERO,0.0
STR_E02,2840016014,2024-06-10,2024-W24,247.0,0.0,LOW,1.99
STR_E02,4900005010,2024-06-10,2024-W24,235.0,0.0,LOW,1.12
STR_W01,1200080994,2024-06-10,2024-W24,372.0,0.0,LOW,1.28
STR_W01,2840016014,2024-06-10,2024-W24,93.0,0.0,LOW,0.72
STR_W01,4900005010,2024-06-10,2024-W24,299.0,0.0,LOW,1.48
STR_E01,1200080994,2024-06-11,2024-W24,614.0,0.0,AVAILABLE,2.03
STR_E01,2840016014,2024-06-11,2024-W24,253.0,0.0,LOW,2.0
STR_E01,4900005010,2024-06-11,2024-W24,407.0,0.0,AVAILABLE,2.12
STR_E02,1200080994,2024-06-11,2024-W24,0.0,895.0,ZERO,0.0
STR_E02,2840016014,2024-06-11,2024-W24,232.0,125.0,LOW,1.87
STR_E02,4900005010,2024-06-11,2024-W24,220.0,394.0,LOW,1.05
STR_W01,1200080994,2024-06-11,2024-W24,349.0,500.0,LOW,1.2
STR_W01,2840016014,2024-06-11,2024-W24,75.0,296.0,LOW,0.57
STR_W01,4900005010,2024-06-11,2024-W24,281.0,308.0,LOW,1.39
STR_E01,1200080994,2024-06-12,2024-W24,594.0,0.0,LOW,1.98
STR_E01,2840016014,2024-06-12,2024-W24,239.0,0.0,LOW,1.89
STR_E01,4900005010,2024-06-12,2024-W24,393.0,0.0,AVAILABLE,2.05
STR_E02,1200080994,2024-06-12,2024-W24,867.0,0.0,AVAILABLE,2.89
STR_E02,2840016014,2024-06-12,2024-W24,348.0,0.0,AVAILABLE,2.84
STR_E02,4900005010,2024-06-12,2024-W24,595.0,0.0,AVAILABLE,2.84
STR_W01,1200080994,2024-06-12,2024-W24,327.0,500.0,LOW,1.13
STR_W01,2840016014,2024-06-12,2024-W24,64.0,296.0,LOW,0.49
STR_W01,4900005010,2024-06-12,2024-W24,566.0,0.0,AVAILABLE,2.78
STR_E01,1200080994,2024-06-13,2024-W24,570.0,0.0,LOW,1.89
STR_E01,2840016014,2024-06-13,2024-W24,227.0,0.0,LOW,1.79
STR_E01,4900005010,2024-06-13,2024-W24,376.0,0.0,LOW,1.97
STR_E02,1200080994,2024-06-13,2024-W24,848.0,0.0,AVAILABLE,2.84
STR_E02,2840016014,2024-06-13,2024-W24,337.0,0.0,AVAILABLE,2.76
STR_E02,4900005010,2024-06-13,2024-W24,580.0,0.0,AVAILABLE,2.79
STR_W01,1200080994,2024-06-13,2024-W24,799.0,0.0,AVAILABLE,2.74
STR_W01,2840016014,2024-06-13,2024-W24,49.0,296.0,LOW,0.37
STR_W01,4900005010,2024-06-13,2024-W24,552.0,0.0,AVAILABLE,2.72
STR_E01,1200080994,2024-06-14,2024-W24,547.0,0.0,LOW,1.81
STR_E01,2840016014,2024-06-14,2024-W24,214.0,0.0,LOW,1.68
STR_E01,4900005010,2024-06-14,2024-W24,360.0,0.0,LOW,1.89
STR_E02,1200080994,2024-06-14,2024-W24,827.0,0.0,AVAILABLE,2.77
STR_E02,2840016014,2024-06-14,2024-W24,327.0,0.0,AVAILABLE,2.67
STR_E02,4900005010,2024-06-14,2024-W24,567.0,0.0,AVAILABLE,2.77
STR_W01,1200080994,2024-06-14,2024-W24,776.0,0.0,AVAILABLE,2.67
STR_W01,2840016014,2024-06-14,2024-W24,332.0,0.0,AVAILABLE,2.52
STR_W01,4900005010,2024-06-14,2024-W24,534.0,0.0,AVAILABLE,2.63
STR_E01,1200080994,2024-06-15,2024-W24,526.0,0.0,LOW,1.75
STR_E01,2840016014,2024-06-15,2024-W24,204.0,0.0,LOW,1.62
STR_E01,4900005010,2024-06-15,2024-W24,345.0,0.0,LOW,1.82
STR_E02,1200080994,2024-06-15,2024-W24,801.0,0.0,AVAILABLE,2.68
STR_E02,2840016014,2024-06-15,2024-W24,314.0,0.0,AVAILABLE,2.55
STR_E02,4900005010,2024-06-15,2024-W24,555.0,0.0,AVAILABLE,2.73
STR_W01,1200080994,2024-06-15,2024-W24,756.0,0.0,AVAILABLE,2.61
STR_W01,2840016014,2024-06-15,2024-W24,315.0,0.0,AVAILABLE,2.37
STR_W01,4900005010,2024-06-15,2024-W24,516.0,0.0,AVAILABLE,2.54
STR_E01,1200080994,2024-06-16,2024-W24,505.0,0.0,LOW,1.67
STR_E01,2840016014,2024-06-16,2024-W24,192.0,0.0,LOW,1.53
STR_E01,4900005010,2024-06-16,2024-W24,324.0,0.0,LOW,1.7
STR_E02,1200080994,2024-06-16,2024-W24,784.0,0.0,AVAILABLE,2.64
STR_E02,2840016014,2024-06-16,2024-W24,301.0,0.0,AVAILABLE,2.44
STR_E02,4900005010,2024-06-16,2024-W24,537.0,0.0,AVAILABLE,2.65
STR_W01,1200080994,2024-06-16,2024-W24,736.0,0.0,AVAILABLE,2.55
STR_W01,2840016014,2024-06-16,2024-W24,303.0,0.0,AVAILABLE,2.29
STR_W01,4900005010,2024-06-16,2024-W24,494.0,0.0,AVAILABLE,2.4
STR_E01,1200080994,2024-06-17,2024-W25,486.0,0.0,LOW,1.61
STR_E01,2840016014,2024-06-17,2024-W25,176.0,0.0,LOW,1.39
STR_E01,4900005010,2024-06-17,2024-W25,306.0,0.0,LOW,1.6
STR_E02,1200080994,2024-06-17,2024-W25,761.0,0.0,AVAILABLE,2.57
STR_E02,2840016014,2024-06-17,2024-W25,289.0,0.0,AVAILABLE,2.33
STR_E02,4900005010,2024-06-17,2024-W25,518.0,0.0,AVAILABLE,2.55
STR_W01,1200080994,2024-06-17,2024-W25,715.0,0.0,AVAILABLE,2.48
STR_W01,2840016014,2024-06-17,2024-W25,289.0,0.0,AVAILABLE,2.19
STR_W01,4900005010,2024-06-17,2024-W25,478.0,0.0,AVAILABLE,2.31
STR_E01,1200080994,2024-06-18,2024-W25,468.0,419.0,LOW,1.56
STR_E01,2840016014,2024-06-18,2024-W25,166.0,203.0,LOW,1.32
STR_E01,4900005010,2024-06-18,2024-W25,288.0,268.0,LOW,1.5
STR_E02,1200080994,2024-06-18,2024-W25,738.0,0.0,AVAILABLE,2.49
STR_E02,2840016014,2024-06-18,2024-W25,278.0,0.0,AVAILABLE,2.26
STR_E02,4900005010,2024-06-18,2024-W25,502.0,0.0,AVAILABLE,2.46
STR_W01,1200080994,2024-06-18,2024-W25,695.0,0.0,AVAILABLE,2.41
STR_W01,2840016014,2024-06-18,2024-W25,276.0,0.0,AVAILABLE,2.08
STR_W01,4900005010,2024-06-18,2024-W25,462.0,0.0,AVAILABLE,2.23
STR_E01,1200080994,2024-06-19,2024-W25,867.0,0.0,AVAILABLE,2.89
STR_E01,2840016014,2024-06-19,2024-W25,357.0,0.0,AVAILABLE,2.84
STR_E01,4900005010,2024-06-19,2024-W25,536.0,0.0,AVAILABLE,2.79
STR_E02,1200080994,2024-06-19,2024-W25,714.0,0.0,AVAILABLE,2.41
STR_E02,2840016014,2024-06-19,2024-W25,267.0,0.0,AVAILABLE,2.17
STR_E02,4900005010,2024-06-19,2024-W25,487.0,0.0,AVAILABLE,2.4
STR_W01,1200080994,2024-06-19,2024-W25,676.0,0.0,AVAILABLE,2.35
STR_W01,2840016014,2024-06-19,2024-W25,266.0,0.0,AVAILABLE,2.03
STR_W01,4900005010,2024-06-19,2024-W25,443.0,0.0,AVAILABLE,2.13
STR_E01,1200080994,2024-06-20,2024-W25,845.0,0.0,AVAILABLE,2.83
STR_E01,2840016014,2024-06-20,2024-W25,346.0,0.0,AVAILABLE,2.8
STR_E01,4900005010,2024-06-20,2024-W25,520.0,0.0,AVAILABLE,2.72
STR_E02,1200080994,2024-06-20,2024-W25,693.0,0.0,AVAILABLE,2.33
STR_E02,2840016014,2024-06-20,2024-W25,253.0,0.0,AVAILABLE,2.05
STR_E02,4900005010,2024-06-20,2024-W25,472.0,0.0,AVAILABLE,2.34
STR_W01,1200080994,2024-06-20,2024-W25,650.0,0.0,AVAILABLE,2.25
STR_W01,2840016014,2024-06-20,2024-W25,255.0,0.0,LOW,1.96
STR_W01,4900005010,2024-06-20,2024-W25,429.0,0.0,AVAILABLE,2.07
STR_E01,1200080994,2024-06-21,2024-W25,817.0,0.0,AVAILABLE,2.71
STR_E01,2840016014,2024-06-21,2024-W25,335.0,0.0,AVAILABLE,2.73
STR_E01,4900005010,2024-06-21,2024-W25,502.0,0.0,AVAILABLE,2.61
STR_E02,1200080994,2024-06-21,2024-W25,673.0,0.0,AVAILABLE,2.27
STR_E02,2840016014,2024-06-21,2024-W25,240.0,0.0,LOW,1.94
STR_E02,4900005010,2024-06-21,2024-W25,455.0,0.0,AVAILABLE,2.26
STR_W01,1200080994,2024-06-21,2024-W25,632.0,0.0,AVAILABLE,2.18
STR_W01,2840016014,2024-06-21,2024-W25,240.0,0.0,LOW,1.85
STR_W01,4900005010,2024-06-21,2024-W25,410.0,0.0,LOW,1.97
STR_E01,1200080994,2024-06-22,2024-W25,794.0,0.0,AVAILABLE,2.63
STR_E01,2840016014,2024-06-22,2024-W25,323.0,0.0,AVAILABLE,2.65
STR_E01,4900005010,2024-06-22,2024-W25,485.0,0.0,AVAILABLE,2.52
STR_E02,1200080994,2024-06-22,2024-W25,649.0,0.0,AVAILABLE,2.18
STR_E02,2840016014,2024-06-22,2024-W25,222.0,0.0,LOW,1.79
STR_E02,4900005010,2024-06-22,2024-W25,438.0,0.0,AVAILABLE,2.17
STR_W01,1200080994,2024-06-22,2024-W25,610.0,0.0,AVAILABLE,2.09
STR_W01,2840016014,2024-06-22,2024-W25,224.0,0.0,LOW,1.72
STR_W01,4900005010,2024-06-22,2024-W25,397.0,0.0,LOW,1.91
STR_E01,1200080994,2024-06-23,2024-W25,772.0,0.0,AVAILABLE,2.57
STR_E01,2840016014,2024-06-23,2024-W25,309.0,0.0,AVAILABLE,2.52
STR_E01,4900005010,2024-06-23,2024-W25,471.0,0.0,AVAILABLE,2.46
STR_E02,1200080994,2024-06-23,2024-W25,634.0,0.0,AVAILABLE,2.15
STR_E02,2840016014,2024-06-23,2024-W25,209.0,0.0,LOW,1.7
STR_E02,4900005010,2024-06-23,2024-W25,421.0,0.0,AVAILABLE,2.09
STR_W01,1200080994,2024-06-23,2024-W25,589.0,0.0,AVAILABLE,2.03
STR_W01,2840016014,2024-06-23,2024-W25,208.0,0.0,LOW,1.58
STR_W01,4900005010,2024-06-23,2024-W25,379.0,0.0,LOW,1.82
STR_E01,1200080994,2024-06-24,2024-W26,754.0,0.0,AVAILABLE,2.67
STR_E01,2840016014,2024-06-24,2024-W26,296.0,0.0,AVAILABLE,2.46
STR_E01,4900005010,2024-06-24,2024-W26,456.0,0.0,AVAILABLE,2.49
STR_E02,1200080994,2024-06-24,2024-W26,615.0,0.0,AVAILABLE,2.23
STR_E02,2840016014,2024-06-24,2024-W26,195.0,0.0,LOW,1.64
STR_E02,4900005010,2024-06-24,2024-W26,407.0,0.0,AVAILABLE,2.1
STR_W01,1200080994,2024-06-24,2024-W26,565.0,0.0,AVAILABLE,2.06
STR_W01,2840016014,2024-06-24,2024-W26,195.0,0.0,LOW,1.54
STR_W01,4900005010,2024-06-24,2024-W26,363.0,0.0,LOW,1.81
STR_E01,1200080994,2024-06-25,2024-W26,728.0,0.0,AVAILABLE,2.71
STR_E01,2840016014,2024-06-25,2024-W26,284.0,0.0,AVAILABLE,2.42
STR_E01,4900005010,2024-06-25,2024-W26,436.0,0.0,AVAILABLE,2.47
STR_E02,1200080994,2024-06-25,2024-W26,592.0,0.0,AVAILABLE,2.27
STR_E02,2840016014,2024-06-25,2024-W26,181.0,162.0,LOW,1.57
STR_E02,4900005010,2024-06-25,2024-W26,391.0,0.0,AVAILABLE,2.15
STR_W01,1200080994,2024-06-25,2024-W26,546.0,0.0,AVAILABLE,2.12
STR_W01,2840016014,2024-06-25,2024-W26,178.0,185.0,LOW,1.45
STR_W01,4900005010,2024-06-25,2024-W26,347.0,239.0,LOW,1.82
STR_E01,1200080994,2024-06-26,2024-W26,710.0,0.0,AVAILABLE,2.84
STR_E01,2840016014,2024-06-26,2024-W26,271.0,0.0,AVAILABLE,2.39
STR_E01,4900005010,2024-06-26,2024-W26,420.0,0.0,AVAILABLE,2.51
STR_E02,1200080994,2024-06-26,2024-W26,565.0,0.0,AVAILABLE,2.28
STR_E02,2840016014,2024-06-26,2024-W26,332.0,0.0,AVAILABLE,2.98
STR_E02,4900005010,2024-06-26,2024-W26,371.0,0.0,AVAILABLE,2.14
STR_W01,1200080994,2024-06-26,2024-W26,527.0,0.0,AVAILABLE,2.18
STR_W01,2840016014,2024-06-26,2024-W26,352.0,0.0,AVAILABLE,2.99
STR_W01,4900005010,2024-06-26,2024-W26,331.0,239.0,LOW,1.85
STR_E01,1200080994,2024-06-27,2024-W26,689.0,0.0,AVAILABLE,2.93
STR_E01,2840016014,2024-06-27,2024-W26,258.0,0.0,AVAILABLE,2.38
STR_E01,4900005010,2024-06-27,2024-W26,402.0,0.0,AVAILABLE,2.52
STR_E02,1200080994,2024-06-27,2024-W26,539.0,0.0,AVAILABLE,2.3
STR_E02,2840016014,2024-06-27,2024-W26,319.0,0.0,AVAILABLE,3.0
STR_E02,4900005010,2024-06-27,2024-W26,354.0,0.0,AVAILABLE,2.17
STR_W01,1200080994,2024-06-27,2024-W26,507.0,0.0,AVAILABLE,2.25
STR_W01,2840016014,2024-06-27,2024-W26,336.0,0.0,AVAILABLE,2.93
STR_W01,4900005010,2024-06-27,2024-W26,555.0,0.0,AVAILABLE,3.33
STR_E01,1200080994,2024-06-28,2024-W26,665.0,0.0,AVAILABLE,3.01
STR_E01,2840016014,2024-06-28,2024-W26,247.0,0.0,AVAILABLE,2.4
STR_E01,4900005010,2024-06-28,2024-W26,381.0,0.0,AVAILABLE,2.51
STR_E02,1200080994,2024-06-28,2024-W26,519.0,0.0,AVAILABLE,2.35
STR_E02,2840016014,2024-06-28,2024-W26,306.0,0.0,AVAILABLE,2.94
STR_E02,4900005010,2024-06-28,2024-W26,338.0,0.0,AVAILABLE,2.18
STR_W01,1200080994,2024-06-28,2024-W26,482.0,0.0,AVAILABLE,2.28
STR_W01,2840016014,2024-06-28,2024-W26,326.0,0.0,AVAILABLE,2.95
STR_W01,4900005010,2024-06-28,2024-W26,538.0,0.0,AVAILABLE,3.45
STR_E01,1200080994,2024-06-29,2024-W26,644.0,0.0,AVAILABLE,3.1
STR_E01,2840016014,2024-06-29,2024-W26,232.0,0.0,AVAILABLE,2.39
STR_E01,4900005010,2024-06-29,2024-W26,360.0,0.0,AVAILABLE,2.52
STR_E02,1200080994,2024-06-29,2024-W26,495.0,0.0,AVAILABLE,2.42
STR_E02,2840016014,2024-06-29,2024-W26,296.0,0.0,AVAILABLE,2.98
STR_E02,4900005010,2024-06-29,2024-W26,326.0,0.0,AVAILABLE,2.28
STR_W01,1200080994,2024-06-29,2024-W26,453.0,0.0,AVAILABLE,2.27
STR_W01,2840016014,2024-06-29,2024-W26,312.0,0.0,AVAILABLE,2.91
STR_W01,4900005010,2024-06-29,2024-W26,520.0,0.0,AVAILABLE,3.51
STR_E01,1200080994,2024-06-30,2024-W26,623.0,0.0,AVAILABLE,3.27
STR_E01,2840016014,2024-06-30,2024-W26,219.0,0.0,AVAILABLE,2.32
STR_E01,4900005010,2024-06-30,2024-W26,347.0,0.0,AVAILABLE,2.62
STR_E02,1200080994,2024-06-30,2024-W26,471.0,0.0,AVAILABLE,2.48
STR_E02,2840016014,2024-06-30,2024-W26,282.0,0.0,AVAILABLE,2.96
STR_E02,4900005010,2024-06-30,2024-W26,311.0,0.0,AVAILABLE,2.31
STR_W01,1200080994,2024-06-30,2024-W26,428.0,0.0,AVAILABLE,2.29
STR_W01,2840016014,2024-06-30,2024-W26,299.0,0.0,AVAILABLE,2.95
STR_W01,4900005010,2024-06-30,2024-W26,499.0,0.0,AVAILABLE,3.55
STR_E01,1200080994,2024-07-01,2024-W27,543.0,0.0,AVAILABLE,2.82
STR_E01,2840016014,2024-07-01,2024-W27,185.0,0.0,LOW,1.9
STR_E01,4900005010,2024-07-01,2024-W27,301.0,0.0,AVAILABLE,2.26
STR_E02,1200080994,2024-07-01,2024-W27,404.0,0.0,AVAILABLE,2.12
STR_E02,2840016014,2024-07-01,2024-W27,258.0,0.0,AVAILABLE,2.69
STR_E02,4900005010,2024-07-01,2024-W27,256.0,0.0,LOW,1.89
STR_W01,1200080994,2024-07-01,2024-W27,365.0,0.0,LOW,1.98
STR_W01,2840016014,2024-07-01,2024-W27,273.0,0.0,AVAILABLE,2.7
STR_W01,4900005010,2024-07-01,2024-W27,459.0,0.0,AVAILABLE,3.36
STR_E01,1200080994,2024-07-02,2024-W27,438.0,0.0,AVAILABLE,2.17
STR_E01,2840016014,2024-07-02,2024-W27,158.0,108.0,LOW,1.59
STR_E01,4900005010,2024-07-02,2024-W27,262.0,0.0,LOW,1.94
STR_E02,1200080994,2024-07-02,2024-W27,329.0,0.0,LOW,1.72
STR_E02,2840016014,2024-07-02,2024-W27,224.0,0.0,AVAILABLE,2.27
STR_E02,4900005010,2024-07-02,2024-W27,201.0,150.0,LOW,1.46
STR_W01,1200080994,2024-07-02,2024-W27,256.0,188.0,LOW,1.32
STR_W01,2840016014,2024-07-02,2024-W27,250.0,0.0,AVAILABLE,2.49
STR_W01,4900005010,2024-07-02,2024-W27,409.0,0.0,AVAILABLE,2.94
STR_E01,1200080994,2024-07-03,2024-W27,342.0,0.0,LOW,1.59
STR_E01,2840016014,2024-07-03,2024-W27,237.0,0.0,AVAILABLE,2.33
STR_E01,4900005010,2024-07-03,2024-W27,209.0,0.0,LOW,1.47
STR_E02,1200080994,2024-07-03,2024-W27,228.0,0.0,LOW,1.12
STR_E02,2840016014,2024-07-03,2024-W27,193.0,0.0,LOW,1.88
STR_E02,4900005010,2024-07-03,2024-W27,149.0,150.0,LOW,1.05
STR_W01,1200080994,2024-07-03,2024-W27,357.0,0.0,LOW,1.74
STR_W01,2840016014,2024-07-03,2024-W27,218.0,0.0,AVAILABLE,2.1
STR_W01,4900005010,2024-07-03,2024-W27,367.0,0.0,AVAILABLE,2.57
STR_E01,1200080994,2024-07-04,2024-W27,225.0,0.0,LOW,0.96
STR_E01,2840016014,2024-07-04,2024-W27,204.0,0.0,LOW,1.91
STR_E01,4900005010,2024-07-04,2024-W27,155.0,0.0,LOW,1.04
STR_E02,1200080994,2024-07-04,2024-W27,142.0,0.0,LOW,0.66
STR_E02,2840016014,2024-07-04,2024-W27,168.0,0.0,LOW,1.6
STR_E02,4900005010,2024-07-04,2024-W27,103.0,150.0,LOW,0.7
STR_W01,1200080994,2024-07-04,2024-W27,268.0,0.0,LOW,1.22
STR_W01,2840016014,2024-07-04,2024-W27,193.0,0.0,LOW,1.8
STR_W01,4900005010,2024-07-04,2024-W27,306.0,0.0,AVAILABLE,2.0
STR_E01,1200080994,2024-07-05,2024-W27,133.0,0.0,LOW,0.53
STR_E01,2840016014,2024-07-05,2024-W27,181.0,0.0,LOW,1.66
STR_E01,4900005010,2024-07-05,2024-W27,116.0,0.0,LOW,0.74
STR_E02,1200080994,2024-07-05,2024-W27,51.0,0.0,LOW,0.22
STR_E02,2840016014,2024-07-05,2024-W27,141.0,0.0,LOW,1.3
STR_E02,4900005010,2024-07-05,2024-W27,190.0,0.0,LOW,1.19
STR_W01,1200080994,2024-07-05,2024-W27,182.0,0.0,LOW,0.77
STR_W01,2840016014,2024-07-05,2024-W27,170.0,0.0,LOW,1.55
STR_W01,4900005010,2024-07-05,2024-W27,258.0,0.0,LOW,1.6
STR_E01,1200080994,2024-07-06,2024-W27,48.0,0.0,LOW,0.18
STR_E01,2840016014,2024-07-06,2024-W27,150.0,0.0,LOW,1.32
STR_E01,4900005010,2024-07-06,2024-W27,64.0,0.0,LOW,0.39
STR_E02,1200080994,2024-07-06,2024-W27,0.0,0.0,ZERO,0.0
STR_E02,2840016014,2024-07-06,2024-W27,112.0,0.0,LOW,1.0
STR_E02,4900005010,2024-07-06,2024-W27,138.0,0.0,LOW,0.82
STR_W01,1200080994,2024-07-06,2024-W27,88.0,0.0,LOW,0.35
STR_W01,2840016014,2024-07-06,2024-W27,145.0,0.0,LOW,1.28
STR_W01,4900005010,2024-07-06,2024-W27,165.0,0.0,LOW,0.92
STR_E01,1200080994,2024-07-07,2024-W27,0.0,0.0,ZERO,0.0
STR_E01,2840016014,2024-07-07,2024-W27,115.0,0.0,LOW,0.97
STR_E01,4900005010,2024-07-07,2024-W27,19.0,0.0,LOW,0.11
STR_E02,1200080994,2024-07-07,2024-W27,0.0,0.0,ZERO,0.0
STR_E02,2840016014,2024-07-07,2024-W27,81.0,0.0,LOW,0.69
STR_E02,4900005010,2024-07-07,2024-W27,97.0,0.0,LOW,0.56
STR_W01,1200080994,2024-07-07,2024-W27,0.0,0.0,ZERO,0.0
STR_W01,2840016014,2024-07-07,2024-W27,116.0,0.0,LOW,0.99
STR_W01,4900005010,2024-07-07,2024-W27,121.0,0.0,LOW,0.65
STR_E01,1200080994,2024-07-08,2024-W28,0.0,0.0,ZERO,0.0
STR_E01,2840016014,2024-07-08,2024-W28,82.0,0.0,LOW,0.66
STR_E01,4900005010,2024-07-08,2024-W28,0.0,0.0,ZERO,0.0
STR_E02,1200080994,2024-07-08,2024-W28,0.0,0.0,ZERO,0.0
STR_E02,2840016014,2024-07-08,2024-W28,59.0,0.0,LOW,0.5
STR_E02,4900005010,2024-07-08,2024-W28,51.0,0.0,LOW,0.28
STR_W01,1200080994,2024-07-08,2024-W28,0.0,0.0,ZERO,0.0
STR_W01,2840016014,2024-07-08,2024-W28,93.0,0.0,LOW,0.77
STR_W01,4900005010,2024-07-08,2024-W28,88.0,0.0,LOW,0.46
STR_E01,1200080994,2024-07-09,2024-W28,0.0,872.0,ZERO,0.0
STR_E01,2840016014,2024-07-09,2024-W28,66.0,290.0,LOW,0.53
STR_E01,4900005010,2024-07-09,2024-W28,0.0,538.0,ZERO,0.0
STR_E02,1200080994,2024-07-09,2024-W28,0.0,550.0,ZERO,0.0
STR_E02,2840016014,2024-07-09,2024-W28,42.0,297.0,LOW,0.35
STR_E02,4900005010,2024-07-09,2024-W28,16.0,495.0,LOW,0.09
STR_W01,1200080994,2024-07-09,2024-W28,0.0,688.0,ZERO,0.0
STR_W01,2840016014,2024-07-09,2024-W28,71.0,268.0,LOW,0.59
STR_W01,4900005010,2024-07-09,2024-W28,46.0,413.0,LOW,0.24
STR_E01,1200080994,2024-07-10,2024-W28,813.0,0.0,AVAILABLE,2.61
STR_E01,2840016014,2024-07-10,2024-W28,340.0,0.0,AVAILABLE,2.72
STR_E01,4900005010,2024-07-10,2024-W28,289.0,215.0,LOW,1.53
STR_E02,1200080994,2024-07-10,2024-W28,508.0,0.0,LOW,1.7
STR_E02,2840016014,2024-07-10,2024-W28,321.0,0.0,AVAILABLE,2.64
STR_E02,4900005010,2024-07-10,2024-W28,482.0,0.0,AVAILABLE,2.54
STR_W01,1200080994,2024-07-10,2024-W28,619.0,0.0,LOW,1.95
STR_W01,2840016014,2024-07-10,2024-W28,321.0,0.0,AVAILABLE,2.61
STR_W01,4900005010,2024-07-10,2024-W28,288.0,145.0,LOW,1.47
STR_E01,1200080994,2024-07-11,2024-W28,774.0,0.0,AVAILABLE,2.45
STR_E01,2840016014,2024-07-11,2024-W28,330.0,0.0,AVAILABLE,2.65
STR_E01,4900005010,2024-07-11,2024-W28,264.0,215.0,LOW,1.38
STR_E02,1200080994,2024-07-11,2024-W28,469.0,0.0,LOW,1.54
STR_E02,2840016014,2024-07-11,2024-W28,309.0,0.0,AVAILABLE,2.54
STR_E02,4900005010,2024-07-11,2024-W28,457.0,0.0,AVAILABLE,2.38
STR_W01,1200080994,2024-07-11,2024-W28,591.0,0.0,LOW,1.86
STR_W01,2840016014,2024-07-11,2024-W28,309.0,0.0,AVAILABLE,2.53
STR_W01,4900005010,2024-07-11,2024-W28,265.0,145.0,LOW,1.34
STR_E01,1200080994,2024-07-12,2024-W28,737.0,0.0,AVAILABLE,2.31
STR_E01,2840016014,2024-07-12,2024-W28,319.0,0.0,AVAILABLE,2.57
STR_E01,4900005010,2024-07-12,2024-W28,459.0,0.0,AVAILABLE,2.38
STR_E02,1200080994,2024-07-12,2024-W28,448.0,0.0,LOW,1.47
STR_E02,2840016014,2024-07-12,2024-W28,298.0,0.0,AVAILABLE,2.44
STR_E02,4900005010,2024-07-12,2024-W28,440.0,0.0,AVAILABLE,2.28
STR_W01,1200080994,2024-07-12,2024-W28,566.0,0.0,LOW,1.78
STR_W01,2840016014,2024-07-12,2024-W28,298.0,0.0,AVAILABLE,2.45
STR_W01,4900005010,2024-07-12,2024-W28,392.0,0.0,LOW,1.97
STR_E01,1200080994,2024-07-13,2024-W28,714.0,0.0,AVAILABLE,2.23
STR_E01,2840016014,2024-07-13,2024-W28,309.0,0.0,AVAILABLE,2.49
STR_E01,4900005010,2024-07-13,2024-W28,443.0,0.0,AVAILABLE,2.3
STR_E02,1200080994,2024-07-13,2024-W28,428.0,0.0,LOW,1.41
STR_E02,2840016014,2024-07-13,2024-W28,284.0,0.0,AVAILABLE,2.32
STR_E02,4900005010,2024-07-13,2024-W28,424.0,0.0,AVAILABLE,2.19
STR_W01,1200080994,2024-07-13,2024-W28,545.0,0.0,LOW,1.71
STR_W01,2840016014,2024-07-13,2024-W28,284.0,0.0,AVAILABLE,2.35
STR_W01,4900005010,2024-07-13,2024-W28,376.0,0.0,LOW,1.9
STR_E01,1200080994,2024-07-14,2024-W28,696.0,0.0,AVAILABLE,2.18
STR_E01,2840016014,2024-07-14,2024-W28,296.0,0.0,AVAILABLE,2.38
STR_E01,4900005010,2024-07-14,2024-W28,427.0,0.0,AVAILABLE,2.23
STR_E02,1200080994,2024-07-14,2024-W28,406.0,0.0,LOW,1.34
STR_E02,2840016014,2024-07-14,2024-W28,271.0,0.0,AVAILABLE,2.22
STR_E02,4900005010,2024-07-14,2024-W28,409.0,0.0,AVAILABLE,2.12
STR_W01,1200080994,2024-07-14,2024-W28,521.0,0.0,LOW,1.63
STR_W01,2840016014,2024-07-14,2024-W28,271.0,0.0,AVAILABLE,2.24
STR_W01,4900005010,2024-07-14,2024-W28,359.0,0.0,LOW,1.82
STR_E01,1200080994,2024-07-15,2024-W29,673.0,0.0,AVAILABLE,2.1
STR_E01,2840016014,2024-07-15,2024-W29,281.0,0.0,AVAILABLE,2.27
STR_E01,4900005010,2024-07-15,2024-W29,410.0,0.0,AVAILABLE,2.14
STR_E02,1200080994,2024-07-15,2024-W29,385.0,0.0,LOW,1.27
STR_E02,2840016014,2024-07-15,2024-W29,259.0,0.0,AVAILABLE,2.12
STR_E02,4900005010,2024-07-15,2024-W29,391.0,0.0,AVAILABLE,2.03
STR_W01,1200080994,2024-07-15,2024-W29,496.0,0.0,LOW,1.55
STR_W01,2840016014,2024-07-15,2024-W29,257.0,0.0,AVAILABLE,2.12
STR_W01,4900005010,2024-07-15,2024-W29,344.0,0.0,LOW,1.75
STR_E01,1200080994,2024-07-16,2024-W29,653.0,0.0,AVAILABLE,2.04
STR_E01,2840016014,2024-07-16,2024-W29,267.0,0.0,AVAILABLE,2.14
STR_E01,4900005010,2024-07-16,2024-W29,392.0,0.0,AVAILABLE,2.05
STR_E02,1200080994,2024-07-16,2024-W29,366.0,525.0,LOW,1.21
STR_E02,2840016014,2024-07-16,2024-W29,244.0,0.0,LOW,1.98
STR_E02,4900005010,2024-07-16,2024-W29,377.0,0.0,LOW,1.96
STR_W01,1200080994,2024-07-16,2024-W29,479.0,466.0,LOW,1.5
STR_W01,2840016014,2024-07-16,2024-W29,245.0,0.0,AVAILABLE,2.02
STR_W01,4900005010,2024-07-16,2024-W29,329.0,246.0,LOW,1.68
STR_E01,1200080994,2024-07-17,2024-W29,631.0,0.0,LOW,1.97
STR_E01,2840016014,2024-07-17,2024-W29,255.0,0.0,AVAILABLE,2.04
STR_E01,4900005010,2024-07-17,2024-W29,374.0,0.0,LOW,1.96
STR_E02,1200080994,2024-07-17,2024-W29,867.0,0.0,AVAILABLE,2.87
STR_E02,2840016014,2024-07-17,2024-W29,228.0,0.0,LOW,1.83
STR_E02,4900005010,2024-07-17,2024-W29,362.0,0.0,LOW,1.88
STR_W01,1200080994,2024-07-17,2024-W29,927.0,0.0,AVAILABLE,2.9
STR_W01,2840016014,2024-07-17,2024-W29,232.0,0.0,LOW,1.91
STR_W01,4900005010,2024-07-17,2024-W29,561.0,0.0,AVAILABLE,2.88
STR_E01,1200080994,2024-07-18,2024-W29,614.0,0.0,LOW,1.92
STR_E01,2840016014,2024-07-18,2024-W29,245.0,0.0,LOW,1.96
STR_E01,4900005010,2024-07-18,2024-W29,352.0,0.0,LOW,1.83
STR_E02,1200080994,2024-07-18,2024-W29,840.0,0.0,AVAILABLE,2.77
STR_E02,2840016014,2024-07-18,2024-W29,214.0,0.0,LOW,1.72
STR_E02,4900005010,2024-07-18,2024-W29,344.0,0.0,LOW,1.78
STR_W01,1200080994,2024-07-18,2024-W29,910.0,0.0,AVAILABLE,2.87
STR_W01,2840016014,2024-07-18,2024-W29,219.0,0.0,LOW,1.79
STR_W01,4900005010,2024-07-18,2024-W29,546.0,0.0,AVAILABLE,2.8
STR_E01,1200080994,2024-07-19,2024-W29,597.0,0.0,LOW,1.88
STR_E01,2840016014,2024-07-19,2024-W29,230.0,0.0,LOW,1.83
STR_E01,4900005010,2024-07-19,2024-W29,332.0,0.0,LOW,1.72
STR_E02,1200080994,2024-07-19,2024-W29,818.0,0.0,AVAILABLE,2.69
STR_E02,2840016014,2024-07-19,2024-W29,200.0,0.0,LOW,1.6
STR_E02,4900005010,2024-07-19,2024-W29,328.0,0.0,LOW,1.7
STR_W01,1200080994,2024-07-19,2024-W29,892.0,0.0,AVAILABLE,2.81
STR_W01,2840016014,2024-07-19,2024-W29,203.0,0.0,LOW,1.66
STR_W01,4900005010,2024-07-19,2024-W29,527.0,0.0,AVAILABLE,2.7
STR_E01,1200080994,2024-07-20,2024-W29,578.0,0.0,LOW,1.83
STR_E01,2840016014,2024-07-20,2024-W29,217.0,0.0,LOW,1.72
STR_E01,4900005010,2024-07-20,2024-W29,315.0,0.0,LOW,1.63
STR_E02,1200080994,2024-07-20,2024-W29,796.0,0.0,AVAILABLE,2.62
STR_E02,2840016014,2024-07-20,2024-W29,189.0,0.0,LOW,1.54
STR_E02,4900005010,2024-07-20,2024-W29,306.0,0.0,LOW,1.58
STR_W01,1200080994,2024-07-20,2024-W29,866.0,0.0,AVAILABLE,2.72
STR_W01,2840016014,2024-07-20,2024-W29,188.0,0.0,LOW,1.54
STR_W01,4900005010,2024-07-20,2024-W29,508.0,0.0,AVAILABLE,2.58
STR_E01,1200080994,2024-07-21,2024-W29,558.0,0.0,LOW,1.77
STR_E01,2840016014,2024-07-21,2024-W29,203.0,0.0,LOW,1.61
STR_E01,4900005010,2024-07-21,2024-W29,297.0,0.0,LOW,1.53
STR_E02,1200080994,2024-07-21,2024-W29,778.0,0.0,AVAILABLE,2.56
STR_E02,2840016014,2024-07-21,2024-W29,176.0,0.0,LOW,1.43
STR_E02,4900005010,2024-07-21,2024-W29,290.0,0.0,LOW,1.49
STR_W01,1200080994,2024-07-21,2024-W29,847.0,0.0,AVAILABLE,2.66
STR_W01,2840016014,2024-07-21,2024-W29,176.0,0.0,LOW,1.45
STR_W01,4900005010,2024-07-21,2024-W29,490.0,0.0,AVAILABLE,2.49
STR_E01,1200080994,2024-07-22,2024-W30,536.0,0.0,LOW,1.69
STR_E01,2840016014,2024-07-22,2024-W30,189.0,0.0,LOW,1.5
STR_E01,4900005010,2024-07-22,2024-W30,281.0,0.0,LOW,1.45
STR_E02,1200080994,2024-07-22,2024-W30,757.0,0.0,AVAILABLE,2.48
STR_E02,2840016014,2024-07-22,2024-W30,160.0,0.0,LOW,1.3
STR_E02,4900005010,2024-07-22,2024-W30,274.0,0.0,LOW,1.41
STR_W01,1200080994,2024-07-22,2024-W30,826.0,0.0,AVAILABLE,2.6
STR_W01,2840016014,2024-07-22,2024-W30,164.0,0.0,LOW,1.36
STR_W01,4900005010,2024-07-22,2024-W30,477.0,0.0,AVAILABLE,2.43
STR_E01,1200080994,2024-07-23,2024-W30,515.0,414.0,LOW,1.63
STR_E01,2840016014,2024-07-23,2024-W30,180.0,190.0,LOW,1.43
STR_E01,4900005010,2024-07-23,2024-W30,269.0,301.0,LOW,1.4
STR_E02,1200080994,2024-07-23,2024-W30,732.0,0.0,AVAILABLE,2.4
STR_E02,2840016014,2024-07-23,2024-W30,147.0,210.0,LOW,1.19
STR_E02,4900005010,2024-07-23,2024-W30,257.0,310.0,LOW,1.32
STR_W01,1200080994,2024-07-23,2024-W30,800.0,0.0,AVAILABLE,2.51
STR_W01,2840016014,2024-07-23,2024-W30,151.0,199.0,LOW,1.26
STR_W01,4900005010,2024-07-23,2024-W30,459.0,0.0,AVAILABLE,2.34
STR_E01,1200080994,2024-07-24,2024-W30,908.0,0.0,AVAILABLE,2.87
STR_E01,2840016014,2024-07-24,2024-W30,358.0,0.0,AVAILABLE,2.86
STR_E01,4900005010,2024-07-24,2024-W30,555.0,0.0,AVAILABLE,2.89
STR_E02,1200080994,2024-07-24,2024-W30,713.0,0.0,AVAILABLE,2.35
STR_E02,2840016014,2024-07-24,2024-W30,345.0,0.0,AVAILABLE,2.79
STR_E02,4900005010,2024-07-24,2024-W30,550.0,0.0,AVAILABLE,2.84
STR_W01,1200080994,2024-07-24,2024-W30,779.0,0.0,AVAILABLE,2.44
STR_W01,2840016014,2024-07-24,2024-W30,339.0,0.0,AVAILABLE,2.83
STR_W01,4900005010,2024-07-24,2024-W30,444.0,0.0,AVAILABLE,2.26
STR_E01,1200080994,2024-07-25,2024-W30,886.0,0.0,AVAILABLE,2.8
STR_E01,2840016014,2024-07-25,2024-W30,345.0,0.0,AVAILABLE,2.75
STR_E01,4900005010,2024-07-25,2024-W30,540.0,0.0,AVAILABLE,2.83
STR_E02,1200080994,2024-07-25,2024-W30,689.0,0.0,AVAILABLE,2.27
STR_E02,2840016014,2024-07-25,2024-W30,329.0,0.0,AVAILABLE,2.65
STR_E02,4900005010,2024-07-25,2024-W30,532.0,0.0,AVAILABLE,2.74
STR_W01,1200080994,2024-07-25,2024-W30,756.0,0.0,AVAILABLE,2.36
STR_W01,2840016014,2024-07-25,2024-W30,328.0,0.0,AVAILABLE,2.76
STR_W01,4900005010,2024-07-25,2024-W30,425.0,0.0,AVAILABLE,2.15
STR_E01,1200080994,2024-07-26,2024-W30,869.0,0.0,AVAILABLE,2.76
STR_E01,2840016014,2024-07-26,2024-W30,332.0,0.0,AVAILABLE,2.64
STR_E01,4900005010,2024-07-26,2024-W30,520.0,0.0,AVAILABLE,2.73
STR_E02,1200080994,2024-07-26,2024-W30,671.0,0.0,AVAILABLE,2.22
STR_E02,2840016014,2024-07-26,2024-W30,317.0,0.0,AVAILABLE,2.56
STR_E02,4900005010,2024-07-26,2024-W30,518.0,0.0,AVAILABLE,2.67
STR_W01,1200080994,2024-07-26,2024-W30,735.0,0.0,AVAILABLE,2.3
STR_W01,2840016014,2024-07-26,2024-W30,310.0,0.0,AVAILABLE,2.57
STR_W01,4900005010,2024-07-26,2024-W30,409.0,0.0,AVAILABLE,2.08
STR_E01,1200080994,2024-07-27,2024-W30,851.0,0.0,AVAILABLE,2.71
STR_E01,2840016014,2024-07-27,2024-W30,320.0,0.0,AVAILABLE,2.56
STR_E01,4900005010,2024-07-27,2024-W30,503.0,0.0,AVAILABLE,2.65
STR_E02,1200080994,2024-07-27,2024-W30,651.0,0.0,AVAILABLE,2.16
STR_E02,2840016014,2024-07-27,2024-W30,305.0,0.0,AVAILABLE,2.45
STR_E02,4900005010,2024-07-27,2024-W30,503.0,0.0,AVAILABLE,2.59
STR_W01,1200080994,2024-07-27,2024-W30,720.0,0.0,AVAILABLE,2.28
STR_W01,2840016014,2024-07-27,2024-W30,301.0,0.0,AVAILABLE,2.52
STR_W01,4900005010,2024-07-27,2024-W30,392.0,0.0,LOW,1.99
STR_E01,1200080994,2024-07-28,2024-W30,831.0,0.0,AVAILABLE,2.65
STR_E01,2840016014,2024-07-28,2024-W30,306.0,0.0,AVAILABLE,2.44
STR_E01,4900005010,2024-07-28,2024-W30,482.0,0.0,AVAILABLE,2.51
STR_E02,1200080994,2024-07-28,2024-W30,629.0,0.0,AVAILABLE,2.09
STR_E02,2840016014,2024-07-28,2024-W30,292.0,0.0,AVAILABLE,2.35
STR_E02,4900005010,2024-07-28,2024-W30,488.0,0.0,AVAILABLE,2.51
STR_W01,1200080994,2024-07-28,2024-W30,697.0,0.0,AVAILABLE,2.21
STR_W01,2840016014,2024-07-28,2024-W30,289.0,0.0,AVAILABLE,2.42
STR_W01,4900005010,2024-07-28,2024-W30,374.0,0.0,LOW,1.91
STR_E01,1200080994,2024-07-29,2024-W31,813.0,0.0,AVAILABLE,2.73
STR_E01,2840016014,2024-07-29,2024-W31,294.0,0.0,AVAILABLE,2.46
STR_E01,4900005010,2024-07-29,2024-W31,463.0,0.0,AVAILABLE,2.5
STR_E02,1200080994,2024-07-29,2024-W31,611.0,0.0,AVAILABLE,2.12
STR_E02,2840016014,2024-07-29,2024-W31,280.0,0.0,AVAILABLE,2.31
STR_E02,4900005010,2024-07-29,2024-W31,470.0,0.0,AVAILABLE,2.54
STR_W01,1200080994,2024-07-29,2024-W31,678.0,0.0,AVAILABLE,2.23
STR_W01,2840016014,2024-07-29,2024-W31,277.0,0.0,AVAILABLE,2.39
STR_W01,4900005010,2024-07-29,2024-W31,355.0,0.0,LOW,1.86
STR_E01,1200080994,2024-07-30,2024-W31,793.0,0.0,AVAILABLE,2.87
STR_E01,2840016014,2024-07-30,2024-W31,280.0,0.0,AVAILABLE,2.4
STR_E01,4900005010,2024-07-30,2024-W31,447.0,0.0,AVAILABLE,2.49
STR_E02,1200080994,2024-07-30,2024-W31,589.0,0.0,AVAILABLE,2.14
STR_E02,2840016014,2024-07-30,2024-W31,270.0,0.0,AVAILABLE,2.34
STR_E02,4900005010,2024-07-30,2024-W31,455.0,0.0,AVAILABLE,2.6
STR_W01,1200080994,2024-07-30,2024-W31,654.0,0.0,AVAILABLE,2.31
STR_W01,2840016014,2024-07-30,2024-W31,265.0,0.0,AVAILABLE,2.35
STR_W01,4900005010,2024-07-30,2024-W31,340.0,217.0,LOW,1.87
STR_E01,1200080994,2024-07-31,2024-W31,771.0,0.0,AVAILABLE,2.99
STR_E01,2840016014,2024-07-31,2024-W31,268.0,0.0,AVAILABLE,2.39
STR_E01,4900005010,2024-07-31,2024-W31,431.0,0.0,AVAILABLE,2.54
STR_E02,1200080994,2024-07-31,2024-W31,574.0,0.0,AVAILABLE,2.26
STR_E02,2840016014,2024-07-31,2024-W31,254.0,0.0,AVAILABLE,2.28
STR_E02,4900005010,2024-07-31,2024-W31,441.0,0.0,AVAILABLE,2.66
STR_W01,1200080994,2024-07-31,2024-W31,631.0,0.0,AVAILABLE,2.36
STR_W01,2840016014,2024-07-31,2024-W31,254.0,0.0,AVAILABLE,2.36
STR_W01,4900005010,2024-07-31,2024-W31,537.0,0.0,AVAILABLE,3.04
STR_E01,1200080994,2024-08-01,2024-W31,749.0,0.0,AVAILABLE,3.19
STR_E01,2840016014,2024-08-01,2024-W31,257.0,0.0,AVAILABLE,2.41
STR_E01,4900005010,2024-08-01,2024-W31,417.0,0.0,AVAILABLE,2.61
STR_E02,1200080994,2024-08-01,2024-W31,556.0,0.0,AVAILABLE,2.35
STR_E02,2840016014,2024-08-01,2024-W31,244.0,0.0,AVAILABLE,2.26
STR_E02,4900005010,2024-08-01,2024-W31,425.0,0.0,AVAILABLE,2.69
STR_W01,1200080994,2024-08-01,2024-W31,612.0,0.0,AVAILABLE,2.45
STR_W01,2840016014,2024-08-01,2024-W31,241.0,0.0,AVAILABLE,2.3
STR_W01,4900005010,2024-08-01,2024-W31,521.0,0.0,AVAILABLE,3.15
STR_E01,1200080994,2024-08-02,2024-W31,727.0,0.0,AVAILABLE,3.35
STR_E01,2840016014,2024-08-02,2024-W31,246.0,0.0,AVAILABLE,2.37
STR_E01,4900005010,2024-08-02,2024-W31,399.0,0.0,AVAILABLE,2.58
STR_E02,1200080994,2024-08-02,2024-W31,537.0,0.0,AVAILABLE,2.45
STR_E02,2840016014,2024-08-02,2024-W31,232.0,0.0,AVAILABLE,2.23
STR_E02,4900005010,2024-08-02,2024-W31,410.0,0.0,AVAILABLE,2.8
STR_W01,1200080994,2024-08-02,2024-W31,589.0,0.0,AVAILABLE,2.52
STR_W01,2840016014,2024-08-02,2024-W31,229.0,0.0,AVAILABLE,2.25
STR_W01,4900005010,2024-08-02,2024-W31,505.0,0.0,AVAILABLE,3.21
STR_E01,1200080994,2024-08-03,2024-W31,706.0,0.0,AVAILABLE,3.51
STR_E01,2840016014,2024-08-03,2024-W31,233.0,0.0,AVAILABLE,2.35
STR_E01,4900005010,2024-08-03,2024-W31,377.0,0.0,AVAILABLE,2.56
STR_E02,1200080994,2024-08-03,2024-W31,518.0,0.0,AVAILABLE,2.59
STR_E02,2840016014,2024-08-03,2024-W31,220.0,0.0,AVAILABLE,2.21
STR_E02,4900005010,2024-08-03,2024-W31,391.0,0.0,AVAILABLE,2.83
STR_W01,1200080994,2024-08-03,2024-W31,569.0,0.0,AVAILABLE,2.64
STR_W01,2840016014,2024-08-03,2024-W31,215.0,0.0,AVAILABLE,2.17
STR_W01,4900005010,2024-08-03,2024-W31,482.0,0.0,AVAILABLE,3.45
STR_E01,1200080994,2024-08-04,2024-W31,684.0,0.0,AVAILABLE,3.69
STR_E01,2840016014,2024-08-04,2024-W31,219.0,0.0,AVAILABLE,2.33
STR_E01,4900005010,2024-08-04,2024-W31,361.0,0.0,AVAILABLE,2.58
STR_E02,1200080994,2024-08-04,2024-W31,492.0,0.0,AVAILABLE,2.73
STR_E02,2840016014,2024-08-04,2024-W31,209.0,0.0,AVAILABLE,2.21
STR_E02,4900005010,2024-08-04,2024-W31,376.0,0.0,AVAILABLE,2.86
STR_W01,1200080994,2024-08-04,2024-W31,543.0,0.0,AVAILABLE,2.87
STR_W01,2840016014,2024-08-04,2024-W31,206.0,0.0,AVAILABLE,2.19
STR_W01,4900005010,2024-08-04,2024-W31,470.0,0.0,AVAILABLE,3.57
STR_E01,1200080994,2024-08-05,2024-W32,658.0,0.0,AVAILABLE,3.77
STR_E01,2840016014,2024-08-05,2024-W32,207.0,0.0,AVAILABLE,2.33
STR_E01,4900005010,2024-08-05,2024-W32,348.0,0.0,AVAILABLE,2.64
STR_E02,1200080994,2024-08-05,2024-W32,470.0,0.0,AVAILABLE,2.83
STR_E02,2840016014,2024-08-05,2024-W32,195.0,0.0,AVAILABLE,2.1
STR_E02,4900005010,2024-08-05,2024-W32,361.0,0.0,AVAILABLE,2.92
STR_W01,1200080994,2024-08-05,2024-W32,525.0,0.0,AVAILABLE,3.02
STR_W01,2840016014,2024-08-05,2024-W32,194.0,0.0,AVAILABLE,2.12
STR_W01,4900005010,2024-08-05,2024-W32,456.0,0.0,AVAILABLE,3.59
STR_E01,1200080994,2024-08-06,2024-W32,640.0,0.0,AVAILABLE,3.96
STR_E01,2840016014,2024-08-06,2024-W32,197.0,0.0,AVAILABLE,2.26
STR_E01,4900005010,2024-08-06,2024-W32,329.0,0.0,AVAILABLE,2.58
STR_E02,1200080994,2024-08-06,2024-W32,447.0,0.0,AVAILABLE,2.85
STR_E02,2840016014,2024-08-06,2024-W32,181.0,0.0,LOW,1.97
STR_E02,4900005010,2024-08-06,2024-W32,343.0,0.0,AVAILABLE,2.87
STR_W01,1200080994,2024-08-06,2024-W32,504.0,0.0,AVAILABLE,3.1
STR_W01,2840016014,2024-08-06,2024-W32,183.0,0.0,AVAILABLE,2.06
STR_W01,4900005010,2024-08-06,2024-W32,435.0,0.0,AVAILABLE,3.57
STR_E01,1200080994,2024-08-07,2024-W32,623.0,0.0,AVAILABLE,4.13
STR_E01,2840016014,2024-08-07,2024-W32,184.0,0.0,AVAILABLE,2.13
STR_E01,4900005010,2024-08-07,2024-W32,312.0,0.0,AVAILABLE,2.53
STR_E02,1200080994,2024-08-07,2024-W32,427.0,0.0,AVAILABLE,2.82
STR_E02,2840016014,2024-08-07,2024-W32,166.0,0.0,LOW,1.82
STR_E02,4900005010,2024-08-07,2024-W32,325.0,0.0,AVAILABLE,2.78
STR_W01,1200080994,2024-08-07,2024-W32,482.0,0.0,AVAILABLE,3.2
STR_W01,2840016014,2024-08-07,2024-W32,171.0,0.0,LOW,1.96
STR_W01,4900005010,2024-08-07,2024-W32,420.0,0.0,AVAILABLE,3.53
STR_E01,1200080994,2024-08-08,2024-W32,600.0,0.0,AVAILABLE,4.08
STR_E01,2840016014,2024-08-08,2024-W32,170.0,0.0,LOW,1.94
STR_E01,4900005010,2024-08-08,2024-W32,298.0,0.0,AVAILABLE,2.47
STR_E02,1200080994,2024-08-08,2024-W32,407.0,0.0,AVAILABLE,2.77
STR_E02,2840016014,2024-08-08,2024-W32,155.0,0.0,LOW,1.7
STR_E02,4900005010,2024-08-08,2024-W32,311.0,0.0,AVAILABLE,2.73
STR_W01,1200080994,2024-08-08,2024-W32,462.0,0.0,AVAILABLE,3.11
STR_W01,2840016014,2024-08-08,2024-W32,158.0,0.0,LOW,1.81
STR_W01,4900005010,2024-08-08,2024-W32,405.0,0.0,AVAILABLE,3.46
STR_E01,1200080994,2024-08-09,2024-W32,584.0,0.0,AVAILABLE,4.12
STR_E01,2840016014,2024-08-09,2024-W32,153.0,0.0,LOW,1.72
STR_E01,4900005010,2024-08-09,2024-W32,279.0,0.0,AVAILABLE,2.32
STR_E02,1200080994,2024-08-09,2024-W32,388.0,0.0,AVAILABLE,2.65
STR_E02,2840016014,2024-08-09,2024-W32,145.0,0.0,LOW,1.6
STR_E02,4900005010,2024-08-09,2024-W32,297.0,0.0,AVAILABLE,2.62
STR_W01,1200080994,2024-08-09,2024-W32,443.0,0.0,AVAILABLE,3.01
STR_W01,2840016014,2024-08-09,2024-W32,145.0,0.0,LOW,1.65
STR_W01,4900005010,2024-08-09,2024-W32,391.0,0.0,AVAILABLE,3.37
STR_E01,1200080994,2024-08-10,2024-W32,564.0,0.0,AVAILABLE,4.0
STR_E01,2840016014,2024-08-10,2024-W32,142.0,0.0,LOW,1.59
STR_E01,4900005010,2024-08-10,2024-W32,262.0,0.0,AVAILABLE,2.17
STR_E02,1200080994,2024-08-10,2024-W32,369.0,0.0,AVAILABLE,2.53
STR_E02,2840016014,2024-08-10,2024-W32,136.0,0.0,LOW,1.52
STR_E02,4900005010,2024-08-10,2024-W32,279.0,0.0,AVAILABLE,2.45
STR_W01,1200080994,2024-08-10,2024-W32,422.0,0.0,AVAILABLE,2.87
STR_W01,2840016014,2024-08-10,2024-W32,133.0,0.0,LOW,1.52
STR_W01,4900005010,2024-08-10,2024-W32,372.0,0.0,AVAILABLE,3.19
STR_E01,1200080994,2024-08-11,2024-W32,545.0,0.0,AVAILABLE,3.86
STR_E01,2840016014,2024-08-11,2024-W32,125.0,0.0,LOW,1.39
STR_E01,4900005010,2024-08-11,2024-W32,245.0,0.0,AVAILABLE,2.03
STR_E02,1200080994,2024-08-11,2024-W32,349.0,0.0,AVAILABLE,2.4
STR_E02,2840016014,2024-08-11,2024-W32,125.0,0.0,LOW,1.4
STR_E02,4900005010,2024-08-11,2024-W32,265.0,0.0,AVAILABLE,2.33
STR_W01,1200080994,2024-08-11,2024-W32,403.0,0.0,AVAILABLE,2.76
STR_W01,2840016014,2024-08-11,2024-W32,120.0,0.0,LOW,1.37
STR_W01,4900005010,2024-08-11,2024-W32,356.0,0.0,AVAILABLE,3.06
STR_E01,1200080994,2024-08-12,2024-W33,445.0,0.0,AVAILABLE,2.77
STR_E01,2840016014,2024-08-12,2024-W33,95.0,0.0,LOW,1.01
STR_E01,4900005010,2024-08-12,2024-W33,205.0,0.0,LOW,1.62
STR_E02,1200080994,2024-08-12,2024-W33,266.0,0.0,LOW,1.65
STR_E02,2840016014,2024-08-12,2024-W33,103.0,0.0,LOW,1.13
STR_E02,4900005010,2024-08-12,2024-W33,215.0,0.0,LOW,1.77
STR_W01,1200080994,2024-08-12,2024-W33,310.0,0.0,LOW,1.9
STR_W01,2840016014,2024-08-12,2024-W33,93.0,0.0,LOW,1.02
STR_W01,4900005010,2024-08-12,2024-W33,318.0,0.0,AVAILABLE,2.6
STR_E01,1200080994,2024-08-13,2024-W33,361.0,0.0,AVAILABLE,2.05
STR_E01,2840016014,2024-08-13,2024-W33,68.0,187.0,LOW,0.7
STR_E01,4900005010,2024-08-13,2024-W33,154.0,175.0,LOW,1.14
STR_E02,1200080994,2024-08-13,2024-W33,178.0,217.0,LOW,1.0
STR_E02,2840016014,2024-08-13,2024-W33,70.0,172.0,LOW,0.73
STR_E02,4900005010,2024-08-13,2024-W33,176.0,150.0,LOW,1.38
STR_W01,1200080994,2024-08-13,2024-W33,227.0,179.0,LOW,1.26
STR_W01,2840016014,2024-08-13,2024-W33,61.0,179.0,LOW,0.64
STR_W01,4900005010,2024-08-13,2024-W33,266.0,0.0,AVAILABLE,2.02
STR_E01,1200080994,2024-08-14,2024-W33,262.0,0.0,LOW,1.34
STR_E01,2840016014,2024-08-14,2024-W33,227.0,0.0,AVAILABLE,2.24
STR_E01,4900005010,2024-08-14,2024-W33,281.0,0.0,LOW,1.98
STR_E02,1200080994,2024-08-14,2024-W33,324.0,0.0,LOW,1.71
STR_E02,2840016014,2024-08-14,2024-W33,215.0,0.0,AVAILABLE,2.18
STR_E02,4900005010,2024-08-14,2024-W33,263.0,0.0,LOW,1.88
STR_W01,1200080994,2024-08-14,2024-W33,333.0,0.0,LOW,1.72
STR_W01,2840016014,2024-08-14,2024-W33,156.0,53.0,LOW,1.56
STR_W01,4900005010,2024-08-14,2024-W33,220.0,0.0,LOW,1.58
STR_E01,1200080994,2024-08-15,2024-W33,171.0,0.0,LOW,0.8
STR_E01,2840016014,2024-08-15,2024-W33,197.0,0.0,LOW,1.85
STR_E01,4900005010,2024-08-15,2024-W33,221.0,0.0,LOW,1.46
STR_E02,1200080994,2024-08-15,2024-W33,241.0,0.0,LOW,1.18
STR_E02,2840016014,2024-08-15,2024-W33,189.0,0.0,LOW,1.86
STR_E02,4900005010,2024-08-15,2024-W33,208.0,0.0,LOW,1.4
STR_W01,1200080994,2024-08-15,2024-W33,252.0,0.0,LOW,1.2
STR_W01,2840016014,2024-08-15,2024-W33,129.0,53.0,LOW,1.24
STR_W01,4900005010,2024-08-15,2024-W33,177.0,0.0,LOW,1.21
STR_E01,1200080994,2024-08-16,2024-W33,93.0,0.0,LOW,0.41
STR_E01,2840016014,2024-08-16,2024-W33,173.0,0.0,LOW,1.59
STR_E01,4900005010,2024-08-16,2024-W33,173.0,0.0,LOW,1.09
STR_E02,1200080994,2024-08-16,2024-W33,145.0,0.0,LOW,0.65
STR_E02,2840016014,2024-08-16,2024-W33,158.0,0.0,LOW,1.49
STR_E02,4900005010,2024-08-16,2024-W33,146.0,0.0,LOW,0.91
STR_W01,1200080994,2024-08-16,2024-W33,154.0,0.0,LOW,0.67
STR_W01,2840016014,2024-08-16,2024-W33,151.0,0.0,LOW,1.4
STR_W01,4900005010,2024-08-16,2024-W33,121.0,0.0,LOW,0.78
STR_E01,1200080994,2024-08-17,2024-W33,18.0,0.0,LOW,0.07
STR_E01,2840016014,2024-08-17,2024-W33,148.0,0.0,LOW,1.33
STR_E01,4900005010,2024-08-17,2024-W33,120.0,0.0,LOW,0.72
STR_E02,1200080994,2024-08-17,2024-W33,50.0,0.0,LOW,0.21
STR_E02,2840016014,2024-08-17,2024-W33,130.0,0.0,LOW,1.18
STR_E02,4900005010,2024-08-17,2024-W33,98.0,0.0,LOW,0.59
STR_W01,1200080994,2024-08-17,2024-W33,70.0,0.0,LOW,0.29
STR_W01,2840016014,2024-08-17,2024-W33,129.0,0.0,LOW,1.18
STR_W01,4900005010,2024-08-17,2024-W33,74.0,0.0,LOW,0.45
STR_E01,1200080994,2024-08-18,2024-W33,0.0,0.0,ZERO,0.0
STR_E01,2840016014,2024-08-18,2024-W33,121.0,0.0,LOW,1.05
STR_E01,4900005010,2024-08-18,2024-W33,72.0,0.0,LOW,0.41
STR_E02,1200080994,2024-08-18,2024-W33,0.0,0.0,ZERO,0.0
STR_E02,2840016014,2024-08-18,2024-W33,104.0,0.0,LOW,0.92
STR_E02,4900005010,2024-08-18,2024-W33,45.0,0.0,LOW,0.26
STR_W01,1200080994,2024-08-18,2024-W33,0.0,0.0,ZERO,0.0
STR_W01,2840016014,2024-08-18,2024-W33,90.0,0.0,LOW,0.78
STR_W01,4900005010,2024-08-18,2024-W33,19.0,0.0,LOW,0.11
STR_E01,1200080994,2024-08-19,2024-W34,0.0,0.0,ZERO,0.0
STR_E01,2840016014,2024-08-19,2024-W34,103.0,0.0,LOW,0.89
STR_E01,4900005010,2024-08-19,2024-W34,20.0,0.0,LOW,0.11
STR_E02,1200080994,2024-08-19,2024-W34,0.0,0.0,ZERO,0.0
STR_E02,2840016014,2024-08-19,2024-W34,81.0,0.0,LOW,0.7
STR_E02,4900005010,2024-08-19,2024-W34,3.0,0.0,LOW,0.02
STR_W01,1200080994,2024-08-19,2024-W34,0.0,0.0,ZERO,0.0
STR_W01,2840016014,2024-08-19,2024-W34,65.0,0.0,LOW,0.55
STR_W01,4900005010,2024-08-19,2024-W34,0.0,0.0,ZERO,0.0
STR_E01,1200080994,2024-08-20,2024-W34,0.0,813.0,ZERO,0.0
STR_E01,2840016014,2024-08-20,2024-W34,78.0,244.0,LOW,0.65
STR_E01,4900005010,2024-08-20,2024-W34,0.0,533.0,ZERO,0.0
STR_E02,1200080994,2024-08-20,2024-W34,0.0,814.0,ZERO,0.0
STR_E02,2840016014,2024-08-20,2024-W34,64.0,215.0,LOW,0.55
STR_E02,4900005010,2024-08-20,2024-W34,0.0,340.0,ZERO,0.0
STR_W01,1200080994,2024-08-20,2024-W34,0.0,804.0,ZERO,0.0
STR_W01,2840016014,2024-08-20,2024-W34,39.0,229.0,LOW,0.32
STR_W01,4900005010,2024-08-20,2024-W34,0.0,485.0,ZERO,0.0
STR_E01,1200080994,2024-08-21,2024-W34,772.0,0.0,AVAILABLE,2.72
STR_E01,2840016014,2024-08-21,2024-W34,308.0,0.0,AVAILABLE,2.56
STR_E01,4900005010,2024-08-21,2024-W34,502.0,0.0,AVAILABLE,2.55
STR_E02,1200080994,2024-08-21,2024-W34,775.0,0.0,AVAILABLE,2.66
STR_E02,2840016014,2024-08-21,2024-W34,264.0,0.0,AVAILABLE,2.26
STR_E02,4900005010,2024-08-21,2024-W34,316.0,0.0,LOW,1.66
STR_W01,1200080994,2024-08-21,2024-W34,756.0,0.0,AVAILABLE,2.66
STR_W01,2840016014,2024-08-21,2024-W34,252.0,0.0,AVAILABLE,2.04
STR_W01,4900005010,2024-08-21,2024-W34,450.0,0.0,AVAILABLE,2.39
STR_E01,1200080994,2024-08-22,2024-W34,740.0,0.0,AVAILABLE,2.59
STR_E01,2840016014,2024-08-22,2024-W34,294.0,0.0,AVAILABLE,2.44
STR_E01,4900005010,2024-08-22,2024-W34,479.0,0.0,AVAILABLE,2.41
STR_E02,1200080994,2024-08-22,2024-W34,736.0,0.0,AVAILABLE,2.49
STR_E02,2840016014,2024-08-22,2024-W34,250.0,0.0,AVAILABLE,2.15
STR_E02,4900005010,2024-08-22,2024-W34,293.0,0.0,LOW,1.53
STR_W01,1200080994,2024-08-22,2024-W34,727.0,0.0,AVAILABLE,2.54
STR_W01,2840016014,2024-08-22,2024-W34,238.0,0.0,LOW,1.91
STR_W01,4900005010,2024-08-22,2024-W34,428.0,0.0,AVAILABLE,2.26
STR_E01,1200080994,2024-08-23,2024-W34,718.0,0.0,AVAILABLE,2.5
STR_E01,2840016014,2024-08-23,2024-W34,279.0,0.0,AVAILABLE,2.31
STR_E01,4900005010,2024-08-23,2024-W34,464.0,0.0,AVAILABLE,2.35
STR_E02,1200080994,2024-08-23,2024-W34,711.0,0.0,AVAILABLE,2.39
STR_E02,2840016014,2024-08-23,2024-W34,240.0,0.0,AVAILABLE,2.07
STR_E02,4900005010,2024-08-23,2024-W34,275.0,0.0,LOW,1.43
STR_W01,1200080994,2024-08-23,2024-W34,700.0,0.0,AVAILABLE,2.44
STR_W01,2840016014,2024-08-23,2024-W34,227.0,0.0,LOW,1.85
STR_W01,4900005010,2024-08-23,2024-W34,413.0,0.0,AVAILABLE,2.19
STR_E01,1200080994,2024-08-24,2024-W34,695.0,0.0,AVAILABLE,2.41
STR_E01,2840016014,2024-08-24,2024-W34,268.0,0.0,AVAILABLE,2.22
STR_E01,4900005010,2024-08-24,2024-W34,442.0,0.0,AVAILABLE,2.22
STR_E02,1200080994,2024-08-24,2024-W34,689.0,0.0,AVAILABLE,2.32
STR_E02,2840016014,2024-08-24,2024-W34,230.0,0.0,LOW,1.99
STR_E02,4900005010,2024-08-24,2024-W34,259.0,0.0,LOW,1.34
STR_W01,1200080994,2024-08-24,2024-W34,675.0,0.0,AVAILABLE,2.33
STR_W01,2840016014,2024-08-24,2024-W34,213.0,0.0,LOW,1.72
STR_W01,4900005010,2024-08-24,2024-W34,401.0,0.0,AVAILABLE,2.14
STR_E01,1200080994,2024-08-25,2024-W34,673.0,0.0,AVAILABLE,2.33
STR_E01,2840016014,2024-08-25,2024-W34,258.0,0.0,AVAILABLE,2.15
STR_E01,4900005010,2024-08-25,2024-W34,419.0,0.0,AVAILABLE,2.1
STR_E02,1200080994,2024-08-25,2024-W34,665.0,0.0,AVAILABLE,2.23
STR_E02,2840016014,2024-08-25,2024-W34,219.0,0.0,LOW,1.9
STR_E02,4900005010,2024-08-25,2024-W34,244.0,0.0,LOW,1.27
STR_W01,1200080994,2024-08-25,2024-W34,655.0,0.0,AVAILABLE,2.27
STR_W01,2840016014,2024-08-25,2024-W34,204.0,0.0,LOW,1.66
STR_W01,4900005010,2024-08-25,2024-W34,386.0,0.0,AVAILABLE,2.06
STR_E01,1200080994,2024-08-26,2024-W35,650.0,0.0,AVAILABLE,2.24
STR_E01,2840016014,2024-08-26,2024-W35,248.0,0.0,AVAILABLE,2.08
STR_E01,4900005010,2024-08-26,2024-W35,400.0,0.0,AVAILABLE,2.01
STR_E02,1200080994,2024-08-26,2024-W35,642.0,0.0,AVAILABLE,2.15
STR_E02,2840016014,2024-08-26,2024-W35,206.0,0.0,LOW,1.79
STR_E02,4900005010,2024-08-26,2024-W35,227.0,0.0,LOW,1.18
STR_W01,1200080994,2024-08-26,2024-W35,638.0,0.0,AVAILABLE,2.21
STR_W01,2840016014,2024-08-26,2024-W35,194.0,0.0,LOW,1.58
STR_W01,4900005010,2024-08-26,2024-W35,370.0,0.0,LOW,1.99
STR_E01,1200080994,2024-08-27,2024-W35,629.0,0.0,AVAILABLE,2.16
STR_E01,2840016014,2024-08-27,2024-W35,238.0,0.0,AVAILABLE,2.01
STR_E01,4900005010,2024-08-27,2024-W35,381.0,0.0,LOW,1.91
STR_E02,1200080994,2024-08-27,2024-W35,619.0,0.0,AVAILABLE,2.07
STR_E02,2840016014,2024-08-27,2024-W35,193.0,140.0,LOW,1.66
STR_E02,4900005010,2024-08-27,2024-W35,216.0,350.0,LOW,1.13
STR_W01,1200080994,2024-08-27,2024-W35,608.0,0.0,AVAILABLE,2.1
STR_W01,2840016014,2024-08-27,2024-W35,177.0,174.0,LOW,1.43
STR_W01,4900005010,2024-08-27,2024-W35,351.0,189.0,LOW,1.87
STR_E01,1200080994,2024-08-28,2024-W35,603.0,0.0,AVAILABLE,2.07
STR_E01,2840016014,2024-08-28,2024-W35,228.0,0.0,LOW,1.94
STR_E01,4900005010,2024-08-28,2024-W35,366.0,0.0,LOW,1.83
STR_E02,1200080994,2024-08-28,2024-W35,598.0,0.0,LOW,1.99
STR_E02,2840016014,2024-08-28,2024-W35,318.0,0.0,AVAILABLE,2.75
STR_E02,4900005010,2024-08-28,2024-W35,553.0,0.0,AVAILABLE,2.89
STR_W01,1200080994,2024-08-28,2024-W35,587.0,0.0,AVAILABLE,2.03
STR_W01,2840016014,2024-08-28,2024-W35,341.0,0.0,AVAILABLE,2.76
STR_W01,4900005010,2024-08-28,2024-W35,334.0,189.0,LOW,1.79
STR_E01,1200080994,2024-08-29,2024-W35,580.0,0.0,LOW,1.99
STR_E01,2840016014,2024-08-29,2024-W35,214.0,0.0,LOW,1.81
STR_E01,4900005010,2024-08-29,2024-W35,352.0,0.0,LOW,1.76
STR_E02,1200080994,2024-08-29,2024-W35,577.0,0.0,LOW,1.91
STR_E02,2840016014,2024-08-29,2024-W35,308.0,0.0,AVAILABLE,2.66
STR_E02,4900005010,2024-08-29,2024-W35,538.0,0.0,AVAILABLE,2.82
STR_W01,1200080994,2024-08-29,2024-W35,560.0,0.0,LOW,1.92
STR_W01,2840016014,2024-08-29,2024-W35,329.0,0.0,AVAILABLE,2.66
STR_W01,4900005010,2024-08-29,2024-W35,321.0,189.0,LOW,1.73
STR_E01,1200080994,2024-08-30,2024-W35,560.0,0.0,LOW,1.92
STR_E01,2840016014,2024-08-30,2024-W35,204.0,0.0,LOW,1.73
STR_E01,4900005010,2024-08-30,2024-W35,336.0,0.0,LOW,1.69
STR_E02,1200080994,2024-08-30,2024-W35,558.0,0.0,LOW,1.85
STR_E02,2840016014,2024-08-30,2024-W35,293.0,0.0,AVAILABLE,2.52
STR_E02,4900005010,2024-08-30,2024-W35,524.0,0.0,AVAILABLE,2.75
STR_W01,1200080994,2024-08-30,2024-W35,538.0,0.0,LOW,1.85
STR_W01,2840016014,2024-08-30,2024-W35,320.0,0.0,AVAILABLE,2.61
STR_W01,4900005010,2024-08-30,2024-W35,499.0,0.0,AVAILABLE,2.7
STR_E01,1200080994,2024-08-31,2024-W35,541.0,0.0,LOW,1.86
STR_E01,2840016014,2024-08-31,2024-W35,192.0,0.0,LOW,1.63
STR_E01,4900005010,2024-08-31,2024-W35,315.0,0.0,LOW,1.58
STR_E02,1200080994,2024-08-31,2024-W35,536.0,0.0,LOW,1.77
STR_E02,2840016014,2024-08-31,2024-W35,279.0,0.0,AVAILABLE,2.38
STR_E02,4900005010,2024-08-31,2024-W35,509.0,0.0,AVAILABLE,2.68
STR_W01,1200080994,2024-08-31,2024-W35,517.0,0.0,LOW,1.77
STR_W01,2840016014,2024-08-31,2024-W35,303.0,0.0,AVAILABLE,2.45
STR_W01,4900005010,2024-08-31,2024-W35,483.0,0.0,AVAILABLE,2.64
STR_E01,1200080994,2024-09-01,2024-W35,518.0,0.0,LOW,1.78
STR_E01,2840016014,2024-09-01,2024-W35,180.0,0.0,LOW,1.53
STR_E01,4900005010,2024-09-01,2024-W35,299.0,0.0,LOW,1.5
STR_E02,1200080994,2024-09-01,2024-W35,520.0,0.0,LOW,1.73
STR_E02,2840016014,2024-09-01,2024-W35,263.0,0.0,AVAILABLE,2.22
STR_E02,4900005010,2024-09-01,2024-W35,495.0,0.0,AVAILABLE,2.61
STR_W01,1200080994,2024-09-01,2024-W35,494.0,0.0,LOW,1.7
STR_W01,2840016014,2024-09-01,2024-W35,290.0,0.0,AVAILABLE,2.33
STR_W01,4900005010,2024-09-01,2024-W35,467.0,0.0,AVAILABLE,2.54
STR_E01,1200080994,2024-09-02,2024-W36,457.0,0.0,LOW,1.52
STR_E01,2840016014,2024-09-02,2024-W36,144.0,0.0,LOW,1.17
STR_E01,4900005010,2024-09-02,2024-W36,249.0,0.0,LOW,1.2
STR_E02,1200080994,2024-09-02,2024-W36,464.0,0.0,LOW,1.5
STR_E02,2840016014,2024-09-02,2024-W36,237.0,0.0,LOW,1.95
STR_E02,4900005010,2024-09-02,2024-W36,449.0,0.0,AVAILABLE,2.28
STR_W01,1200080994,2024-09-02,2024-W36,414.0,0.0,LOW,1.35
STR_W01,2840016014,2024-09-02,2024-W36,263.0,0.0,AVAILABLE,2.05
STR_W01,4900005010,2024-09-02,2024-W36,423.0,0.0,AVAILABLE,2.21
STR_E01,1200080994,2024-09-03,2024-W36,370.0,443.0,LOW,1.17
STR_E01,2840016014,2024-09-03,2024-W36,112.0,226.0,LOW,0.87
STR_E01,4900005010,2024-09-03,2024-W36,201.0,376.0,LOW,0.93
STR_E02,1200080994,2024-09-03,2024-W36,374.0,462.0,LOW,1.15
STR_E02,2840016014,2024-09-03,2024-W36,210.0,127.0,LOW,1.69
STR_E02,4900005010,2024-09-03,2024-W36,403.0,0.0,LOW,1.97
STR_W01,1200080994,2024-09-03,2024-W36,336.0,505.0,LOW,1.05
STR_W01,2840016014,2024-09-03,2024-W36,237.0,0.0,LOW,1.8
STR_W01,4900005010,2024-09-03,2024-W36,375.0,0.0,LOW,1.89
STR_E01,1200080994,2024-09-04,2024-W36,725.0,0.0,AVAILABLE,2.16
STR_E01,2840016014,2024-09-04,2024-W36,310.0,0.0,AVAILABLE,2.34
STR_E01,4900005010,2024-09-04,2024-W36,537.0,0.0,AVAILABLE,2.43
STR_E02,1200080994,2024-09-04,2024-W36,758.0,0.0,AVAILABLE,2.23
STR_E02,2840016014,2024-09-04,2024-W36,309.0,0.0,AVAILABLE,2.42
STR_E02,4900005010,2024-09-04,2024-W36,362.0,0.0,LOW,1.72
STR_W01,1200080994,2024-09-04,2024-W36,766.0,0.0,AVAILABLE,2.3
STR_W01,2840016014,2024-09-04,2024-W36,211.0,0.0,LOW,1.56
STR_W01,4900005010,2024-09-04,2024-W36,338.0,0.0,LOW,1.66
STR_E01,1200080994,2024-09-05,2024-W36,647.0,0.0,LOW,1.86
STR_E01,2840016014,2024-09-05,2024-W36,284.0,0.0,AVAILABLE,2.09
STR_E01,4900005010,2024-09-05,2024-W36,478.0,0.0,AVAILABLE,2.06
STR_E02,1200080994,2024-09-05,2024-W36,680.0,0.0,LOW,1.92
STR_E02,2840016014,2024-09-05,2024-W36,280.0,0.0,AVAILABLE,2.12
STR_E02,4900005010,2024-09-05,2024-W36,309.0,0.0,LOW,1.41
STR_W01,1200080994,2024-09-05,2024-W36,696.0,0.0,AVAILABLE,2.01
STR_W01,2840016014,2024-09-05,2024-W36,179.0,0.0,LOW,1.28
STR_W01,4900005010,2024-09-05,2024-W36,271.0,0.0,LOW,1.25
STR_E01,1200080994,2024-09-06,2024-W36,578.0,0.0,LOW,1.6
STR_E01,2840016014,2024-09-06,2024-W36,259.0,0.0,LOW,1.88
STR_E01,4900005010,2024-09-06,2024-W36,429.0,0.0,LOW,1.79
STR_E02,1200080994,2024-09-06,2024-W36,603.0,0.0,LOW,1.64
STR_E02,2840016014,2024-09-06,2024-W36,252.0,0.0,LOW,1.84
STR_E02,4900005010,2024-09-06,2024-W36,255.0,0.0,LOW,1.11
STR_W01,1200080994,2024-09-06,2024-W36,619.0,0.0,LOW,1.72
STR_W01,2840016014,2024-09-06,2024-W36,151.0,0.0,LOW,1.05
STR_W01,4900005010,2024-09-06,2024-W36,219.0,0.0,LOW,0.97
STR_E01,1200080994,2024-09-07,2024-W36,507.0,0.0,LOW,1.35
STR_E01,2840016014,2024-09-07,2024-W36,228.0,0.0,LOW,1.6
STR_E01,4900005010,2024-09-07,2024-W36,377.0,0.0,LOW,1.52
STR_E02,1200080994,2024-09-07,2024-W36,527.0,0.0,LOW,1.38
STR_E02,2840016014,2024-09-07,2024-W36,227.0,0.0,LOW,1.61
STR_E02,4900005010,2024-09-07,2024-W36,197.0,0.0,LOW,0.82
STR_W01,1200080994,2024-09-07,2024-W36,551.0,0.0,LOW,1.48
STR_W01,2840016014,2024-09-07,2024-W36,124.0,0.0,LOW,0.84
STR_W01,4900005010,2024-09-07,2024-W36,172.0,0.0,LOW,0.74
STR_E01,1200080994,2024-09-08,2024-W36,437.0,0.0,LOW,1.13
STR_E01,2840016014,2024-09-08,2024-W36,208.0,0.0,LOW,1.45
STR_E01,4900005010,2024-09-08,2024-W36,333.0,0.0,LOW,1.3
STR_E02,1200080994,2024-09-08,2024-W36,452.0,0.0,LOW,1.14
STR_E02,2840016014,2024-09-08,2024-W36,203.0,0.0,LOW,1.41
STR_E02,4900005010,2024-09-08,2024-W36,142.0,0.0,LOW,0.57
STR_W01,1200080994,2024-09-08,2024-W36,458.0,0.0,LOW,1.17
STR_W01,2840016014,2024-09-08,2024-W36,93.0,0.0,LOW,0.61
STR_W01,4900005010,2024-09-08,2024-W36,121.0,0.0,LOW,0.5
STR_E01,1200080994,2024-09-09,2024-W37,368.0,0.0,LOW,0.97
STR_E01,2840016014,2024-09-09,2024-W37,186.0,0.0,LOW,1.31
STR_E01,4900005010,2024-09-09,2024-W37,286.0,0.0,LOW,1.11
STR_E02,1200080994,2024-09-09,2024-W37,393.0,0.0,LOW,1.01
STR_E02,2840016014,2024-09-09,2024-W37,182.0,0.0,LOW,1.27
STR_E02,4900005010,2024-09-09,2024-W37,104.0,0.0,LOW,0.42
STR_W01,1200080994,2024-09-09,2024-W37,391.0,0.0,LOW,1.02
STR_W01,2840016014,2024-09-09,2024-W37,73.0,0.0,LOW,0.49
STR_W01,4900005010,2024-09-09,2024-W37,79.0,0.0,LOW,0.33
STR_E01,1200080994,2024-09-10,2024-W37,316.0,771.0,LOW,0.85
STR_E01,2840016014,2024-09-10,2024-W37,167.0,238.0,LOW,1.2
STR_E01,4900005010,2024-09-10,2024-W37,255.0,486.0,LOW,1.01
STR_E02,1200080994,2024-09-10,2024-W37,344.0,779.0,LOW,0.9
STR_E02,2840016014,2024-09-10,2024-W37,159.0,249.0,LOW,1.13
STR_E02,4900005010,2024-09-10,2024-W37,71.0,624.0,LOW,0.29
STR_W01,1200080994,2024-09-10,2024-W37,348.0,762.0,LOW,0.93
STR_W01,2840016014,2024-09-10,2024-W37,56.0,378.0,LOW,0.38
STR_W01,4900005010,2024-09-10,2024-W37,47.0,649.0,LOW,0.2
STR_E01,1200080994,2024-09-11,2024-W37,278.0,771.0,LOW,0.78
STR_E01,2840016014,2024-09-11,2024-W37,393.0,0.0,AVAILABLE,2.9
STR_E01,4900005010,2024-09-11,2024-W37,711.0,0.0,AVAILABLE,2.87
STR_E02,1200080994,2024-09-11,2024-W37,1080.0,0.0,AVAILABLE,2.89
STR_E02,2840016014,2024-09-11,2024-W37,392.0,0.0,AVAILABLE,2.83
STR_E02,4900005010,2024-09-11,2024-W37,449.0,214.0,LOW,1.89
STR_W01,1200080994,2024-09-11,2024-W37,1070.0,0.0,AVAILABLE,2.92
STR_W01,2840016014,2024-09-11,2024-W37,421.0,0.0,AVAILABLE,2.96
STR_W01,4900005010,2024-09-11,2024-W37,667.0,0.0,AVAILABLE,2.86
STR_E01,1200080994,2024-09-12,2024-W37,240.0,771.0,LOW,0.7
STR_E01,2840016014,2024-09-12,2024-W37,380.0,0.0,AVAILABLE,2.9
STR_E01,4900005010,2024-09-12,2024-W37,687.0,0.0,AVAILABLE,2.88
STR_E02,1200080994,2024-09-12,2024-W37,1044.0,0.0,AVAILABLE,2.88
STR_E02,2840016014,2024-09-12,2024-W37,378.0,0.0,AVAILABLE,2.79
STR_E02,4900005010,2024-09-12,2024-W37,428.0,214.0,LOW,1.87
STR_W01,1200080994,2024-09-12,2024-W37,1028.0,0.0,AVAILABLE,2.88
STR_W01,2840016014,2024-09-12,2024-W37,407.0,0.0,AVAILABLE,2.93
STR_W01,4900005010,2024-09-12,2024-W37,648.0,0.0,AVAILABLE,2.85
STR_E01,1200080994,2024-09-13,2024-W37,989.0,0.0,AVAILABLE,3.0
STR_E01,2840016014,2024-09-13,2024-W37,371.0,0.0,AVAILABLE,2.91
STR_E01,4900005010,2024-09-13,2024-W37,670.0,0.0,AVAILABLE,2.9
STR_E02,1200080994,2024-09-13,2024-W37,1025.0,0.0,AVAILABLE,2.99
STR_E02,2840016014,2024-09-13,2024-W37,366.0,0.0,AVAILABLE,2.8
STR_E02,4900005010,2024-09-13,2024-W37,629.0,0.0,AVAILABLE,2.9
STR_W01,1200080994,2024-09-13,2024-W37,1005.0,0.0,AVAILABLE,2.98
STR_W01,2840016014,2024-09-13,2024-W37,394.0,0.0,AVAILABLE,2.93
STR_W01,4900005010,2024-09-13,2024-W37,632.0,0.0,AVAILABLE,2.91
STR_E01,1200080994,2024-09-14,2024-W37,968.0,0.0,AVAILABLE,3.07
STR_E01,2840016014,2024-09-14,2024-W37,357.0,0.0,AVAILABLE,2.86
STR_E01,4900005010,2024-09-14,2024-W37,655.0,0.0,AVAILABLE,2.96
STR_E02,1200080994,2024-09-14,2024-W37,1009.0,0.0,AVAILABLE,3.12
STR_E02,2840016014,2024-09-14,2024-W37,355.0,0.0,AVAILABLE,2.81
STR_E02,4900005010,2024-09-14,2024-W37,615.0,0.0,AVAILABLE,2.95
STR_W01,1200080994,2024-09-14,2024-W37,990.0,0.0,AVAILABLE,3.09
STR_W01,2840016014,2024-09-14,2024-W37,384.0,0.0,AVAILABLE,2.92
STR_W01,4900005010,2024-09-14,2024-W37,619.0,0.0,AVAILABLE,2.96
STR_E01,1200080994,2024-09-15,2024-W37,950.0,0.0,AVAILABLE,3.14
STR_E01,2840016014,2024-09-15,2024-W37,346.0,0.0,AVAILABLE,2.87
STR_E01,4900005010,2024-09-15,2024-W37,641.0,0.0,AVAILABLE,3.01
STR_E02,1200080994,2024-09-15,2024-W37,992.0,0.0,AVAILABLE,3.24
STR_E02,2840016014,2024-09-15,2024-W37,344.0,0.0,AVAILABLE,2.8
STR_E02,4900005010,2024-09-15,2024-W37,601.0,0.0,AVAILABLE,3.02
STR_W01,1200080994,2024-09-15,2024-W37,969.0,0.0,AVAILABLE,3.15
STR_W01,2840016014,2024-09-15,2024-W37,372.0,0.0,AVAILABLE,2.98
STR_W01,4900005010,2024-09-15,2024-W37,603.0,0.0,AVAILABLE,3.03
STR_E01,1200080994,2024-09-16,2024-W38,930.0,0.0,AVAILABLE,3.24
STR_E01,2840016014,2024-09-16,2024-W38,334.0,0.0,AVAILABLE,2.8
STR_E01,4900005010,2024-09-16,2024-W38,627.0,0.0,AVAILABLE,3.08
STR_E02,1200080994,2024-09-16,2024-W38,975.0,0.0,AVAILABLE,3.35
STR_E02,2840016014,2024-09-16,2024-W38,333.0,0.0,AVAILABLE,2.78
STR_E02,4900005010,2024-09-16,2024-W38,583.0,0.0,AVAILABLE,3.02
STR_W01,1200080994,2024-09-16,2024-W38,953.0,0.0,AVAILABLE,3.23
STR_W01,2840016014,2024-09-16,2024-W38,360.0,0.0,AVAILABLE,2.96
STR_W01,4900005010,2024-09-16,2024-W38,591.0,0.0,AVAILABLE,3.08
STR_E01,1200080994,2024-09-17,2024-W38,911.0,0.0,AVAILABLE,3.27
STR_E01,2840016014,2024-09-17,2024-W38,323.0,0.0,AVAILABLE,2.79
STR_E01,4900005010,2024-09-17,2024-W38,611.0,0.0,AVAILABLE,3.12
STR_E02,1200080994,2024-09-17,2024-W38,955.0,0.0,AVAILABLE,3.47
STR_E02,2840016014,2024-09-17,2024-W38,324.0,0.0,AVAILABLE,2.75
STR_E02,4900005010,2024-09-17,2024-W38,567.0,0.0,AVAILABLE,3.04
STR_W01,1200080994,2024-09-17,2024-W38,934.0,0.0,AVAILABLE,3.29
STR_W01,2840016014,2024-09-17,2024-W38,348.0,0.0,AVAILABLE,2.95
STR_W01,4900005010,2024-09-17,2024-W38,576.0,0.0,AVAILABLE,3.08
STR_E01,1200080994,2024-09-18,2024-W38,894.0,0.0,AVAILABLE,3.27
STR_E01,2840016014,2024-09-18,2024-W38,310.0,0.0,AVAILABLE,2.68
STR_E01,4900005010,2024-09-18,2024-W38,598.0,0.0,AVAILABLE,3.12
STR_E02,1200080994,2024-09-18,2024-W38,934.0,0.0,AVAILABLE,3.45
STR_E02,2840016014,2024-09-18,2024-W38,312.0,0.0,AVAILABLE,2.67
STR_E02,4900005010,2024-09-18,2024-W38,552.0,0.0,AVAILABLE,2.99
STR_W01,1200080994,2024-09-18,2024-W38,914.0,0.0,AVAILABLE,3.3
STR_W01,2840016014,2024-09-18,2024-W38,336.0,0.0,AVAILABLE,2.87
STR_W01,4900005010,2024-09-18,2024-W38,561.0,0.0,AVAILABLE,3.09
STR_E01,1200080994,2024-09-19,2024-W38,878.0,0.0,AVAILABLE,3.26
STR_E01,2840016014,2024-09-19,2024-W38,297.0,0.0,AVAILABLE,2.58
STR_E01,4900005010,2024-09-19,2024-W38,585.0,0.0,AVAILABLE,3.1
STR_E02,1200080994,2024-09-19,2024-W38,914.0,0.0,AVAILABLE,3.44
STR_E02,2840016014,2024-09-19,2024-W38,296.0,0.0,AVAILABLE,2.52
STR_E02,4900005010,2024-09-19,2024-W38,536.0,0.0,AVAILABLE,2.93
STR_W01,1200080994,2024-09-19,2024-W38,895.0,0.0,AVAILABLE,3.26
STR_W01,2840016014,2024-09-19,2024-W38,324.0,0.0,AVAILABLE,2.78
STR_W01,4900005010,2024-09-19,2024-W38,546.0,0.0,AVAILABLE,3.03
STR_E01,1200080994,2024-09-20,2024-W38,854.0,0.0,AVAILABLE,3.17
STR_E01,2840016014,2024-09-20,2024-W38,289.0,0.0,AVAILABLE,2.55
STR_E01,4900005010,2024-09-20,2024-W38,568.0,0.0,AVAILABLE,3.0
STR_E02,1200080994,2024-09-20,2024-W38,895.0,0.0,AVAILABLE,3.39
STR_E02,2840016014,2024-09-20,2024-W38,287.0,0.0,AVAILABLE,2.45
STR_E02,4900005010,2024-09-20,2024-W38,516.0,0.0,AVAILABLE,2.82
STR_W01,1200080994,2024-09-20,2024-W38,872.0,0.0,AVAILABLE,3.19
STR_W01,2840016014,2024-09-20,2024-W38,315.0,0.0,AVAILABLE,2.72
STR_W01,4900005010,2024-09-20,2024-W38,532.0,0.0,AVAILABLE,2.96
STR_E01,1200080994,2024-09-21,2024-W38,837.0,0.0,AVAILABLE,3.12
STR_E01,2840016014,2024-09-21,2024-W38,279.0,0.0,AVAILABLE,2.46
STR_E01,4900005010,2024-09-21,2024-W38,555.0,0.0,AVAILABLE,2.96
STR_E02,1200080994,2024-09-21,2024-W38,871.0,0.0,AVAILABLE,3.29
STR_E02,2840016014,2024-09-21,2024-W38,274.0,0.0,AVAILABLE,2.32
STR_E02,4900005010,2024-09-21,2024-W38,504.0,0.0,AVAILABLE,2.77
STR_W01,1200080994,2024-09-21,2024-W38,852.0,0.0,AVAILABLE,3.13
STR_W01,2840016014,2024-09-21,2024-W38,301.0,0.0,AVAILABLE,2.59
STR_W01,4900005010,2024-09-21,2024-W38,517.0,0.0,AVAILABLE,2.86
STR_E01,1200080994,2024-09-22,2024-W38,819.0,0.0,AVAILABLE,3.07
STR_E01,2840016014,2024-09-22,2024-W38,270.0,0.0,AVAILABLE,2.39
STR_E01,4900005010,2024-09-22,2024-W38,543.0,0.0,AVAILABLE,2.94
STR_E02,1200080994,2024-09-22,2024-W38,851.0,0.0,AVAILABLE,3.23
STR_E02,2840016014,2024-09-22,2024-W38,262.0,0.0,AVAILABLE,2.22
STR_E02,4900005010,2024-09-22,2024-W38,488.0,0.0,AVAILABLE,2.67
STR_W01,1200080994,2024-09-22,2024-W38,834.0,0.0,AVAILABLE,3.07
STR_W01,2840016014,2024-09-22,2024-W38,288.0,0.0,AVAILABLE,2.46
STR_W01,4900005010,2024-09-22,2024-W38,499.0,0.0,AVAILABLE,2.75
STR_E01,1200080994,2024-09-23,2024-W39,796.0,0.0,AVAILABLE,2.98
STR_E01,2840016014,2024-09-23,2024-W39,259.0,0.0,AVAILABLE,2.29
STR_E01,4900005010,2024-09-23,2024-W39,532.0,0.0,AVAILABLE,2.92
STR_E02,1200080994,2024-09-23,2024-W39,834.0,0.0,AVAILABLE,3.18
STR_E02,2840016014,2024-09-23,2024-W39,247.0,0.0,AVAILABLE,2.08
STR_E02,4900005010,2024-09-23,2024-W39,472.0,0.0,AVAILABLE,2.59
STR_W01,1200080994,2024-09-23,2024-W39,811.0,0.0,AVAILABLE,2.97
STR_W01,2840016014,2024-09-23,2024-W39,275.0,0.0,AVAILABLE,2.34
STR_W01,4900005010,2024-09-23,2024-W39,481.0,0.0,AVAILABLE,2.65
STR_E01,1200080994,2024-09-24,2024-W39,781.0,0.0,AVAILABLE,2.94
STR_E01,2840016014,2024-09-24,2024-W39,247.0,0.0,AVAILABLE,2.17
STR_E01,4900005010,2024-09-24,2024-W39,516.0,0.0,AVAILABLE,2.84
STR_E02,1200080994,2024-09-24,2024-W39,817.0,0.0,AVAILABLE,3.13
STR_E02,2840016014,2024-09-24,2024-W39,237.0,0.0,AVAILABLE,2.01
STR_E02,4900005010,2024-09-24,2024-W39,453.0,0.0,AVAILABLE,2.46
STR_W01,1200080994,2024-09-24,2024-W39,792.0,0.0,AVAILABLE,2.93
STR_W01,2840016014,2024-09-24,2024-W39,264.0,0.0,AVAILABLE,2.27
STR_W01,4900005010,2024-09-24,2024-W39,468.0,0.0,AVAILABLE,2.6
STR_E01,1200080994,2024-09-25,2024-W39,761.0,0.0,AVAILABLE,2.88
STR_E01,2840016014,2024-09-25,2024-W39,236.0,0.0,AVAILABLE,2.07
STR_E01,4900005010,2024-09-25,2024-W39,499.0,0.0,AVAILABLE,2.74
STR_E02,1200080994,2024-09-25,2024-W39,799.0,0.0,AVAILABLE,3.07
STR_E02,2840016014,2024-09-25,2024-W39,225.0,0.0,LOW,1.92
STR_E02,4900005010,2024-09-25,2024-W39,439.0,0.0,AVAILABLE,2.38
STR_W01,1200080994,2024-09-25,2024-W39,771.0,0.0,AVAILABLE,2.85
STR_W01,2840016014,2024-09-25,2024-W39,252.0,0.0,AVAILABLE,2.16
STR_W01,4900005010,2024-09-25,2024-W39,446.0,0.0,AVAILABLE,2.46
STR_E01,1200080994,2024-09-26,2024-W39,741.0,0.0,AVAILABLE,2.81
STR_E01,2840016014,2024-09-26,2024-W39,226.0,0.0,AVAILABLE,2.0
STR_E01,4900005010,2024-09-26,2024-W39,485.0,0.0,AVAILABLE,2.66
STR_E02,1200080994,2024-09-26,2024-W39,782.0,0.0,AVAILABLE,3.02
STR_E02,2840016014,2024-09-26,2024-W39,214.0,0.0,LOW,1.82
STR_E02,4900005010,2024-09-26,2024-W39,425.0,0.0,AVAILABLE,2.31
STR_W01,1200080994,2024-09-26,2024-W39,754.0,0.0,AVAILABLE,2.81
STR_W01,2840016014,2024-09-26,2024-W39,239.0,0.0,AVAILABLE,2.04
STR_W01,4900005010,2024-09-26,2024-W39,429.0,0.0,AVAILABLE,2.35
STR_E01,1200080994,2024-09-27,2024-W39,720.0,0.0,AVAILABLE,2.73
STR_E01,2840016014,2024-09-27,2024-W39,216.0,0.0,LOW,1.91
STR_E01,4900005010,2024-09-27,2024-W39,472.0,0.0,AVAILABLE,2.6
STR_E02,1200080994,2024-09-27,2024-W39,765.0,0.0,AVAILABLE,2.96
STR_E02,2840016014,2024-09-27,2024-W39,205.0,0.0,LOW,1.77
STR_E02,4900005010,2024-09-27,2024-W39,409.0,0.0,AVAILABLE,2.21
STR_W01,1200080994,2024-09-27,2024-W39,734.0,0.0,AVAILABLE,2.74
STR_W01,2840016014,2024-09-27,2024-W39,226.0,0.0,LOW,1.92
STR_W01,4900005010,2024-09-27,2024-W39,416.0,0.0,AVAILABLE,2.27
STR_E01,1200080994,2024-09-28,2024-W39,701.0,0.0,AVAILABLE,2.66
STR_E01,2840016014,2024-09-28,2024-W39,204.0,0.0,LOW,1.81
STR_E01,4900005010,2024-09-28,2024-W39,459.0,0.0,AVAILABLE,2.56
STR_E02,1200080994,2024-09-28,2024-W39,742.0,0.0,AVAILABLE,2.87
STR_E02,2840016014,2024-09-28,2024-W39,195.0,0.0,LOW,1.7
STR_E02,4900005010,2024-09-28,2024-W39,397.0,0.0,AVAILABLE,2.16
STR_W01,1200080994,2024-09-28,2024-W39,715.0,0.0,AVAILABLE,2.68
STR_W01,2840016014,2024-09-28,2024-W39,212.0,0.0,LOW,1.81
STR_W01,4900005010,2024-09-28,2024-W39,402.0,0.0,AVAILABLE,2.2
STR_E01,1200080994,2024-09-29,2024-W39,684.0,0.0,AVAILABLE,2.61
STR_E01,2840016014,2024-09-29,2024-W39,192.0,0.0,LOW,1.7
STR_E01,4900005010,2024-09-29,2024-W39,444.0,0.0,AVAILABLE,2.48
STR_E02,1200080994,2024-09-29,2024-W39,727.0,0.0,AVAILABLE,2.81
STR_E02,2840016014,2024-09-29,2024-W39,182.0,0.0,LOW,1.59
STR_E02,4900005010,2024-09-29,2024-W39,381.0,0.0,AVAILABLE,2.07
STR_W01,1200080994,2024-09-29,2024-W39,698.0,0.0,AVAILABLE,2.63
STR_W01,2840016014,2024-09-29,2024-W39,201.0,0.0,LOW,1.72
STR_W01,4900005010,2024-09-29,2024-W39,390.0,0.0,AVAILABLE,2.15
STR_E01,1200080994,2024-09-30,2024-W40,660.0,0.0,AVAILABLE,2.61
STR_E01,2840016014,2024-09-30,2024-W40,174.0,0.0,LOW,1.6
STR_E01,4900005010,2024-09-30,2024-W40,427.0,0.0,AVAILABLE,2.5
STR_E02,1200080994,2024-09-30,2024-W40,705.0,0.0,AVAILABLE,2.82
STR_E02,2840016014,2024-09-30,2024-W40,165.0,0.0,LOW,1.47
STR_E02,4900005010,2024-09-30,2024-W40,367.0,0.0,AVAILABLE,2.08
STR_W01,1200080994,2024-09-30,2024-W40,678.0,0.0,AVAILABLE,2.7
STR_W01,2840016014,2024-09-30,2024-W40,189.0,0.0,LOW,1.67
STR_W01,4900005010,2024-09-30,2024-W40,379.0,0.0,AVAILABLE,2.19
STR_E01,1200080994,2024-10-01,2024-W40,645.0,0.0,AVAILABLE,2.75
STR_E01,2840016014,2024-10-01,2024-W40,161.0,152.0,LOW,1.55
STR_E01,4900005010,2024-10-01,2024-W40,410.0,0.0,AVAILABLE,2.51
STR_E02,1200080994,2024-10-01,2024-W40,683.0,0.0,AVAILABLE,2.93
STR_E02,2840016014,2024-10-01,2024-W40,149.0,171.0,LOW,1.36
STR_E02,4900005010,2024-10-01,2024-W40,349.0,0.0,AVAILABLE,2.06
STR_W01,1200080994,2024-10-01,2024-W40,651.0,0.0,AVAILABLE,2.74
STR_W01,2840016014,2024-10-01,2024-W40,176.0,150.0,LOW,1.6
STR_W01,4900005010,2024-10-01,2024-W40,360.0,0.0,AVAILABLE,2.17
STR_E01,1200080994,2024-10-02,2024-W40,625.0,0.0,AVAILABLE,2.87
STR_E01,2840016014,2024-10-02,2024-W40,299.0,0.0,AVAILABLE,2.98
STR_E01,4900005010,2024-10-02,2024-W40,396.0,0.0,AVAILABLE,2.53
STR_E02,1200080994,2024-10-02,2024-W40,659.0,0.0,AVAILABLE,3.0
STR_E02,2840016014,2024-10-02,2024-W40,307.0,0.0,AVAILABLE,2.91
STR_E02,4900005010,2024-10-02,2024-W40,332.0,0.0,AVAILABLE,2.03
STR_W01,1200080994,2024-10-02,2024-W40,630.0,0.0,AVAILABLE,2.81
STR_W01,2840016014,2024-10-02,2024-W40,315.0,0.0,AVAILABLE,2.97
STR_W01,4900005010,2024-10-02,2024-W40,346.0,0.0,AVAILABLE,2.16
STR_E01,1200080994,2024-10-03,2024-W40,601.0,0.0,AVAILABLE,2.94
STR_E01,2840016014,2024-10-03,2024-W40,285.0,0.0,AVAILABLE,2.93
STR_E01,4900005010,2024-10-03,2024-W40,380.0,0.0,AVAILABLE,2.6
STR_E02,1200080994,2024-10-03,2024-W40,640.0,0.0,AVAILABLE,3.13
STR_E02,2840016014,2024-10-03,2024-W40,290.0,0.0,AVAILABLE,2.83
STR_E02,4900005010,2024-10-03,2024-W40,315.0,0.0,AVAILABLE,2.04
STR_W01,1200080994,2024-10-03,2024-W40,612.0,0.0,AVAILABLE,2.89
STR_W01,2840016014,2024-10-03,2024-W40,305.0,0.0,AVAILABLE,3.03
STR_W01,4900005010,2024-10-03,2024-W40,329.0,0.0,AVAILABLE,2.23
STR_E01,1200080994,2024-10-04,2024-W40,574.0,0.0,AVAILABLE,2.96
STR_E01,2840016014,2024-10-04,2024-W40,274.0,0.0,AVAILABLE,2.92
STR_E01,4900005010,2024-10-04,2024-W40,359.0,0.0,AVAILABLE,2.58
STR_E02,1200080994,2024-10-04,2024-W40,621.0,0.0,AVAILABLE,3.26
STR_E02,2840016014,2024-10-04,2024-W40,279.0,0.0,AVAILABLE,2.84
STR_E02,4900005010,2024-10-04,2024-W40,299.0,0.0,AVAILABLE,2.06
STR_W01,1200080994,2024-10-04,2024-W40,589.0,0.0,AVAILABLE,2.97
STR_W01,2840016014,2024-10-04,2024-W40,292.0,0.0,AVAILABLE,3.02
STR_W01,4900005010,2024-10-04,2024-W40,312.0,0.0,AVAILABLE,2.24
STR_E01,1200080994,2024-10-05,2024-W40,547.0,0.0,AVAILABLE,2.99
STR_E01,2840016014,2024-10-05,2024-W40,261.0,0.0,AVAILABLE,2.92
STR_E01,4900005010,2024-10-05,2024-W40,342.0,0.0,AVAILABLE,2.63
STR_E02,1200080994,2024-10-05,2024-W40,600.0,0.0,AVAILABLE,3.4
STR_E02,2840016014,2024-10-05,2024-W40,263.0,0.0,AVAILABLE,2.74
STR_E02,4900005010,2024-10-05,2024-W40,284.0,0.0,AVAILABLE,2.12
STR_W01,1200080994,2024-10-05,2024-W40,566.0,0.0,AVAILABLE,3.03
STR_W01,2840016014,2024-10-05,2024-W40,281.0,0.0,AVAILABLE,3.03
STR_W01,4900005010,2024-10-05,2024-W40,297.0,0.0,AVAILABLE,2.27
STR_E01,1200080994,2024-10-06,2024-W40,527.0,0.0,AVAILABLE,3.1
STR_E01,2840016014,2024-10-06,2024-W40,248.0,0.0,AVAILABLE,2.83
STR_E01,4900005010,2024-10-06,2024-W40,326.0,0.0,AVAILABLE,2.65
STR_E02,1200080994,2024-10-06,2024-W40,574.0,0.0,AVAILABLE,3.49
STR_E02,2840016014,2024-10-06,2024-W40,253.0,0.0,AVAILABLE,2.74
STR_E02,4900005010,2024-10-06,2024-W40,267.0,0.0,AVAILABLE,2.14
STR_W01,1200080994,2024-10-06,2024-W40,543.0,0.0,AVAILABLE,3.21
STR_W01,2840016014,2024-10-06,2024-W40,266.0,0.0,AVAILABLE,3.0
STR_W01,4900005010,2024-10-06,2024-W40,277.0,0.0,AVAILABLE,2.25
STR_E01,1200080994,2024-10-07,2024-W41,503.0,0.0,AVAILABLE,3.16
STR_E01,2840016014,2024-10-07,2024-W41,238.0,0.0,AVAILABLE,2.82
STR_E01,4900005010,2024-10-07,2024-W41,313.0,0.0,AVAILABLE,2.73
STR_E02,1200080994,2024-10-07,2024-W41,544.0,0.0,AVAILABLE,3.46
STR_E02,2840016014,2024-10-07,2024-W41,238.0,0.0,AVAILABLE,2.62
STR_E02,4900005010,2024-10-07,2024-W41,248.0,0.0,AVAILABLE,2.07
STR_W01,1200080994,2024-10-07,2024-W41,521.0,0.0,AVAILABLE,3.3
STR_W01,2840016014,2024-10-07,2024-W41,251.0,0.0,AVAILABLE,2.87
STR_W01,4900005010,2024-10-07,2024-W41,261.0,0.0,AVAILABLE,2.24
STR_E01,1200080994,2024-10-08,2024-W41,479.0,0.0,AVAILABLE,3.15
STR_E01,2840016014,2024-10-08,2024-W41,224.0,0.0,AVAILABLE,2.69
STR_E01,4900005010,2024-10-08,2024-W41,298.0,0.0,AVAILABLE,2.69
STR_E02,1200080994,2024-10-08,2024-W41,519.0,0.0,AVAILABLE,3.44
STR_E02,2840016014,2024-10-08,2024-W41,225.0,0.0,AVAILABLE,2.54
STR_E02,4900005010,2024-10-08,2024-W41,226.0,0.0,LOW,1.93
STR_W01,1200080994,2024-10-08,2024-W41,499.0,0.0,AVAILABLE,3.27
STR_W01,2840016014,2024-10-08,2024-W41,239.0,0.0,AVAILABLE,2.77
STR_W01,4900005010,2024-10-08,2024-W41,247.0,0.0,AVAILABLE,2.2
STR_E01,1200080994,2024-10-09,2024-W41,461.0,0.0,AVAILABLE,3.14
STR_E01,2840016014,2024-10-09,2024-W41,213.0,0.0,AVAILABLE,2.57
STR_E01,4900005010,2024-10-09,2024-W41,280.0,0.0,AVAILABLE,2.6
STR_E02,1200080994,2024-10-09,2024-W41,502.0,0.0,AVAILABLE,3.47
STR_E02,2840016014,2024-10-09,2024-W41,213.0,0.0,AVAILABLE,2.43
STR_E02,4900005010,2024-10-09,2024-W41,213.0,0.0,LOW,1.89
STR_W01,1200080994,2024-10-09,2024-W41,477.0,0.0,AVAILABLE,3.22
STR_W01,2840016014,2024-10-09,2024-W41,225.0,0.0,AVAILABLE,2.6
STR_W01,4900005010,2024-10-09,2024-W41,227.0,0.0,AVAILABLE,2.06
STR_E01,1200080994,2024-10-10,2024-W41,441.0,0.0,AVAILABLE,3.09
STR_E01,2840016014,2024-10-10,2024-W41,197.0,0.0,AVAILABLE,2.35
STR_E01,4900005010,2024-10-10,2024-W41,262.0,0.0,AVAILABLE,2.47
STR_E02,1200080994,2024-10-10,2024-W41,473.0,0.0,AVAILABLE,3.31
STR_E02,2840016014,2024-10-10,2024-W41,202.0,0.0,AVAILABLE,2.33
STR_E02,4900005010,2024-10-10,2024-W41,197.0,0.0,LOW,1.77
STR_W01,1200080994,2024-10-10,2024-W41,459.0,0.0,AVAILABLE,3.23
STR_W01,2840016014,2024-10-10,2024-W41,213.0,0.0,AVAILABLE,2.48
STR_W01,4900005010,2024-10-10,2024-W41,213.0,0.0,LOW,1.96
STR_E01,1200080994,2024-10-11,2024-W41,415.0,0.0,AVAILABLE,2.89
STR_E01,2840016014,2024-10-11,2024-W41,183.0,0.0,AVAILABLE,2.15
STR_E01,4900005010,2024-10-11,2024-W41,245.0,0.0,AVAILABLE,2.31
STR_E02,1200080994,2024-10-11,2024-W41,450.0,0.0,AVAILABLE,3.13
STR_E02,2840016014,2024-10-11,2024-W41,188.0,0.0,AVAILABLE,2.15
STR_E02,4900005010,2024-10-11,2024-W41,183.0,0.0,LOW,1.64
STR_W01,1200080994,2024-10-11,2024-W41,440.0,0.0,AVAILABLE,3.12
STR_W01,2840016014,2024-10-11,2024-W41,201.0,0.0,AVAILABLE,2.34
STR_W01,4900005010,2024-10-11,2024-W41,194.0,0.0,LOW,1.77
STR_E01,1200080994,2024-10-12,2024-W41,393.0,0.0,AVAILABLE,2.73
STR_E01,2840016014,2024-10-12,2024-W41,172.0,0.0,AVAILABLE,2.04
STR_E01,4900005010,2024-10-12,2024-W41,230.0,0.0,AVAILABLE,2.16
STR_E02,1200080994,2024-10-12,2024-W41,427.0,0.0,AVAILABLE,2.93
STR_E02,2840016014,2024-10-12,2024-W41,177.0,0.0,AVAILABLE,2.03
STR_E02,4900005010,2024-10-12,2024-W41,163.0,0.0,LOW,1.44
STR_W01,1200080994,2024-10-12,2024-W41,418.0,0.0,AVAILABLE,2.92
STR_W01,2840016014,2024-10-12,2024-W41,188.0,0.0,AVAILABLE,2.17
STR_W01,4900005010,2024-10-12,2024-W41,177.0,0.0,LOW,1.6
STR_E01,1200080994,2024-10-13,2024-W41,369.0,0.0,AVAILABLE,2.54
STR_E01,2840016014,2024-10-13,2024-W41,160.0,0.0,LOW,1.89
STR_E01,4900005010,2024-10-13,2024-W41,209.0,0.0,LOW,1.94
STR_E02,1200080994,2024-10-13,2024-W41,404.0,0.0,AVAILABLE,2.75
STR_E02,2840016014,2024-10-13,2024-W41,166.0,0.0,LOW,1.9
STR_E02,4900005010,2024-10-13,2024-W41,147.0,0.0,LOW,1.3
STR_W01,1200080994,2024-10-13,2024-W41,396.0,0.0,AVAILABLE,2.76
STR_W01,2840016014,2024-10-13,2024-W41,171.0,0.0,LOW,1.95
STR_W01,4900005010,2024-10-13,2024-W41,156.0,0.0,LOW,1.4
STR_E01,1200080994,2024-10-14,2024-W42,344.0,0.0,AVAILABLE,2.35
STR_E01,2840016014,2024-10-14,2024-W42,147.0,0.0,LOW,1.73
STR_E01,4900005010,2024-10-14,2024-W42,192.0,0.0,LOW,1.77
STR_E02,1200080994,2024-10-14,2024-W42,379.0,0.0,AVAILABLE,2.54
STR_E02,2840016014,2024-10-14,2024-W42,155.0,0.0,LOW,1.78
STR_E02,4900005010,2024-10-14,2024-W42,116.0,0.0,LOW,0.99
STR_W01,1200080994,2024-10-14,2024-W42,367.0,0.0,AVAILABLE,2.51
STR_W01,2840016014,2024-10-14,2024-W42,160.0,0.0,LOW,1.83
STR_W01,4900005010,2024-10-14,2024-W42,139.0,0.0,LOW,1.23
STR_E01,1200080994,2024-10-15,2024-W42,317.0,0.0,AVAILABLE,2.13
STR_E01,2840016014,2024-10-15,2024-W42,133.0,107.0,LOW,1.56
STR_E01,4900005010,2024-10-15,2024-W42,179.0,134.0,LOW,1.66
STR_E02,1200080994,2024-10-15,2024-W42,345.0,0.0,AVAILABLE,2.26
STR_E02,2840016014,2024-10-15,2024-W42,142.0,107.0,LOW,1.61
STR_E02,4900005010,2024-10-15,2024-W42,102.0,234.0,LOW,0.88
STR_W01,1200080994,2024-10-15,2024-W42,345.0,0.0,AVAILABLE,2.34
STR_W01,2840016014,2024-10-15,2024-W42,149.0,102.0,LOW,1.71
STR_W01,4900005010,2024-10-15,2024-W42,119.0,200.0,LOW,1.04
STR_E01,1200080994,2024-10-16,2024-W42,293.0,0.0,LOW,1.95
STR_E01,2840016014,2024-10-16,2024-W42,228.0,0.0,AVAILABLE,2.67
STR_E01,4900005010,2024-10-16,2024-W42,295.0,0.0,AVAILABLE,2.7
STR_E02,1200080994,2024-10-16,2024-W42,321.0,0.0,AVAILABLE,2.09
STR_E02,2840016014,2024-10-16,2024-W42,219.0,18.0,AVAILABLE,2.48
STR_E02,4900005010,2024-10-16,2024-W42,323.0,0.0,AVAILABLE,2.79
STR_W01,1200080994,2024-10-16,2024-W42,328.0,0.0,AVAILABLE,2.24
STR_W01,2840016014,2024-10-16,2024-W42,202.0,34.0,AVAILABLE,2.3
STR_W01,4900005010,2024-10-16,2024-W42,302.0,0.0,AVAILABLE,2.63
STR_E01,1200080994,2024-10-17,2024-W42,271.0,0.0,LOW,1.79
STR_E01,2840016014,2024-10-17,2024-W42,217.0,0.0,AVAILABLE,2.56
STR_E01,4900005010,2024-10-17,2024-W42,279.0,0.0,AVAILABLE,2.54
STR_E02,1200080994,2024-10-17,2024-W42,297.0,0.0,LOW,1.93
STR_E02,2840016014,2024-10-17,2024-W42,205.0,18.0,AVAILABLE,2.34
STR_E02,4900005010,2024-10-17,2024-W42,304.0,0.0,AVAILABLE,2.61
STR_W01,1200080994,2024-10-17,2024-W42,304.0,0.0,AVAILABLE,2.06
STR_W01,2840016014,2024-10-17,2024-W42,189.0,34.0,AVAILABLE,2.14
STR_W01,4900005010,2024-10-17,2024-W42,280.0,0.0,AVAILABLE,2.4
STR_E01,1200080994,2024-10-18,2024-W42,252.0,0.0,LOW,1.67
STR_E01,2840016014,2024-10-18,2024-W42,203.0,0.0,AVAILABLE,2.35
STR_E01,4900005010,2024-10-18,2024-W42,262.0,0.0,AVAILABLE,2.38
STR_E02,1200080994,2024-10-18,2024-W42,265.0,0.0,LOW,1.68
STR_E02,2840016014,2024-10-18,2024-W42,191.0,18.0,AVAILABLE,2.15
STR_E02,4900005010,2024-10-18,2024-W42,289.0,0.0,AVAILABLE,2.51
STR_W01,1200080994,2024-10-18,2024-W42,282.0,0.0,LOW,1.91
STR_W01,2840016014,2024-10-18,2024-W42,210.0,0.0,AVAILABLE,2.35
STR_W01,4900005010,2024-10-18,2024-W42,259.0,0.0,AVAILABLE,2.19
STR_E01,1200080994,2024-10-19,2024-W42,228.0,0.0,LOW,1.5
STR_E01,2840016014,2024-10-19,2024-W42,191.0,0.0,AVAILABLE,2.2
STR_E01,4900005010,2024-10-19,2024-W42,243.0,0.0,AVAILABLE,2.18
STR_E02,1200080994,2024-10-19,2024-W42,248.0,0.0,LOW,1.59
STR_E02,2840016014,2024-10-19,2024-W42,197.0,0.0,AVAILABLE,2.22
STR_E02,4900005010,2024-10-19,2024-W42,272.0,0.0,AVAILABLE,2.33
STR_W01,1200080994,2024-10-19,2024-W42,248.0,0.0,LOW,1.64
STR_W01,2840016014,2024-10-19,2024-W42,194.0,0.0,AVAILABLE,2.16
STR_W01,4900005010,2024-10-19,2024-W42,240.0,0.0,AVAILABLE,2.01
STR_E01,1200080994,2024-10-20,2024-W42,208.0,0.0,LOW,1.36
STR_E01,2840016014,2024-10-20,2024-W42,179.0,0.0,AVAILABLE,2.05
STR_E01,4900005010,2024-10-20,2024-W42,225.0,0.0,LOW,1.99
STR_E02,1200080994,2024-10-20,2024-W42,225.0,0.0,LOW,1.44
STR_E02,2840016014,2024-10-20,2024-W42,185.0,0.0,AVAILABLE,2.08
STR_E02,4900005010,2024-10-20,2024-W42,253.0,0.0,AVAILABLE,2.16
STR_W01,1200080994,2024-10-20,2024-W42,228.0,0.0,LOW,1.5
STR_W01,2840016014,2024-10-20,2024-W42,183.0,0.0,AVAILABLE,2.05
STR_W01,4900005010,2024-10-20,2024-W42,221.0,0.0,LOW,1.85
STR_E01,1200080994,2024-10-21,2024-W43,187.0,0.0,LOW,1.23
STR_E01,2840016014,2024-10-21,2024-W43,164.0,0.0,LOW,1.85
STR_E01,4900005010,2024-10-21,2024-W43,208.0,0.0,LOW,1.82
STR_E02,1200080994,2024-10-21,2024-W43,203.0,0.0,LOW,1.29
STR_E02,2840016014,2024-10-21,2024-W43,171.0,0.0,LOW,1.93
STR_E02,4900005010,2024-10-21,2024-W43,236.0,0.0,AVAILABLE,2.01
STR_W01,1200080994,2024-10-21,2024-W43,204.0,0.0,LOW,1.34
STR_W01,2840016014,2024-10-21,2024-W43,165.0,0.0,LOW,1.82
STR_W01,4900005010,2024-10-21,2024-W43,203.0,0.0,LOW,1.7
STR_E01,1200080994,2024-10-22,2024-W43,164.0,270.0,LOW,1.06
STR_E01,2840016014,2024-10-22,2024-W43,151.0,102.0,LOW,1.7
STR_E01,4900005010,2024-10-22,2024-W43,192.0,136.0,LOW,1.68
STR_E02,1200080994,2024-10-22,2024-W43,178.0,270.0,LOW,1.11
STR_E02,2840016014,2024-10-22,2024-W43,158.0,94.0,LOW,1.77
STR_E02,4900005010,2024-10-22,2024-W43,218.0,0.0,LOW,1.86
STR_W01,1200080994,2024-10-22,2024-W43,174.0,251.0,LOW,1.13
STR_W01,2840016014,2024-10-22,2024-W43,150.0,106.0,LOW,1.64
STR_W01,4900005010,2024-10-22,2024-W43,184.0,156.0,LOW,1.52
STR_E01,1200080994,2024-10-23,2024-W43,412.0,0.0,AVAILABLE,2.66
STR_E01,2840016014,2024-10-23,2024-W43,241.0,0.0,AVAILABLE,2.71
STR_E01,4900005010,2024-10-23,2024-W43,173.0,136.0,LOW,1.5
STR_E02,1200080994,2024-10-23,2024-W43,422.0,0.0,AVAILABLE,2.61
STR_E02,2840016014,2024-10-23,2024-W43,237.0,0.0,AVAILABLE,2.63
STR_E02,4900005010,2024-10-23,2024-W43,202.0,0.0,LOW,1.72
STR_W01,1200080994,2024-10-23,2024-W43,404.0,0.0,AVAILABLE,2.61
STR_W01,2840016014,2024-10-23,2024-W43,136.0,106.0,LOW,1.48
STR_W01,4900005010,2024-10-23,2024-W43,168.0,156.0,LOW,1.41
STR_E01,1200080994,2024-10-24,2024-W43,392.0,0.0,AVAILABLE,2.53
STR_E01,2840016014,2024-10-24,2024-W43,225.0,0.0,AVAILABLE,2.49
STR_E01,4900005010,2024-10-24,2024-W43,158.0,136.0,LOW,1.37
STR_E02,1200080994,2024-10-24,2024-W43,404.0,0.0,AVAILABLE,2.49
STR_E02,2840016014,2024-10-24,2024-W43,224.0,0.0,AVAILABLE,2.48
STR_E02,4900005010,2024-10-24,2024-W43,186.0,0.0,LOW,1.57
STR_W01,1200080994,2024-10-24,2024-W43,381.0,0.0,AVAILABLE,2.44
STR_W01,2840016014,2024-10-24,2024-W43,123.0,106.0,LOW,1.34
STR_W01,4900005010,2024-10-24,2024-W43,309.0,0.0,AVAILABLE,2.6
STR_E01,1200080994,2024-10-25,2024-W43,367.0,0.0,AVAILABLE,2.36
STR_E01,2840016014,2024-10-25,2024-W43,208.0,0.0,AVAILABLE,2.25
STR_E01,4900005010,2024-10-25,2024-W43,279.0,0.0,AVAILABLE,2.41
STR_E02,1200080994,2024-10-25,2024-W43,385.0,0.0,AVAILABLE,2.37
STR_E02,2840016014,2024-10-25,2024-W43,210.0,0.0,AVAILABLE,2.29
STR_E02,4900005010,2024-10-25,2024-W43,171.0,0.0,LOW,1.45
STR_W01,1200080994,2024-10-25,2024-W43,358.0,0.0,AVAILABLE,2.28
STR_W01,2840016014,2024-10-25,2024-W43,215.0,0.0,AVAILABLE,2.33
STR_W01,4900005010,2024-10-25,2024-W43,295.0,0.0,AVAILABLE,2.47
STR_E01,1200080994,2024-10-26,2024-W43,339.0,0.0,AVAILABLE,2.15
STR_E01,2840016014,2024-10-26,2024-W43,193.0,0.0,AVAILABLE,2.08
STR_E01,4900005010,2024-10-26,2024-W43,260.0,0.0,AVAILABLE,2.22
STR_E02,1200080994,2024-10-26,2024-W43,367.0,0.0,AVAILABLE,2.28
STR_E02,2840016014,2024-10-26,2024-W43,197.0,0.0,AVAILABLE,2.13
STR_E02,4900005010,2024-10-26,2024-W43,156.0,0.0,LOW,1.31
STR_W01,1200080994,2024-10-26,2024-W43,342.0,0.0,AVAILABLE,2.19
STR_W01,2840016014,2024-10-26,2024-W43,203.0,0.0,AVAILABLE,2.21
STR_W01,4900005010,2024-10-26,2024-W43,279.0,0.0,AVAILABLE,2.33
STR_E01,1200080994,2024-10-27,2024-W43,316.0,0.0,LOW,1.98
STR_E01,2840016014,2024-10-27,2024-W43,178.0,0.0,LOW,1.9
STR_E01,4900005010,2024-10-27,2024-W43,243.0,0.0,AVAILABLE,2.06
STR_E02,1200080994,2024-10-27,2024-W43,348.0,0.0,AVAILABLE,2.14
STR_E02,2840016014,2024-10-27,2024-W43,180.0,0.0,LOW,1.93
STR_E02,4900005010,2024-10-27,2024-W43,137.0,0.0,LOW,1.15
STR_W01,1200080994,2024-10-27,2024-W43,325.0,0.0,AVAILABLE,2.08
STR_W01,2840016014,2024-10-27,2024-W43,191.0,0.0,AVAILABLE,2.08
STR_W01,4900005010,2024-10-27,2024-W43,258.0,0.0,AVAILABLE,2.11
STR_E01,1200080994,2024-10-28,2024-W44,292.0,0.0,LOW,1.83
STR_E01,2840016014,2024-10-28,2024-W44,167.0,0.0,LOW,1.82
STR_E01,4900005010,2024-10-28,2024-W44,220.0,0.0,LOW,1.84
STR_E02,1200080994,2024-10-28,2024-W44,320.0,0.0,LOW,1.95
STR_E02,2840016014,2024-10-28,2024-W44,164.0,0.0,LOW,1.76
STR_E02,4900005010,2024-10-28,2024-W44,117.0,0.0,LOW,0.97
STR_W01,1200080994,2024-10-28,2024-W44,305.0,0.0,LOW,1.96
STR_W01,2840016014,2024-10-28,2024-W44,181.0,0.0,LOW,1.98
STR_W01,4900005010,2024-10-28,2024-W44,240.0,0.0,LOW,1.94
STR_E01,1200080994,2024-10-29,2024-W44,273.0,186.0,LOW,1.7
STR_E01,2840016014,2024-10-29,2024-W44,154.0,109.0,LOW,1.67
STR_E01,4900005010,2024-10-29,2024-W44,204.0,138.0,LOW,1.71
STR_E02,1200080994,2024-10-29,2024-W44,300.0,171.0,LOW,1.84
STR_E02,2840016014,2024-10-29,2024-W44,152.0,116.0,LOW,1.65
STR_E02,4900005010,2024-10-29,2024-W44,98.0,246.0,LOW,0.81
STR_W01,1200080994,2024-10-29,2024-W44,280.0,163.0,LOW,1.8
STR_W01,2840016014,2024-10-29,2024-W44,170.0,94.0,LOW,1.87
STR_W01,4900005010,2024-10-29,2024-W44,223.0,131.0,LOW,1.81
STR_E01,1200080994,2024-10-30,2024-W44,398.0,39.0,AVAILABLE,2.47
STR_E01,2840016014,2024-10-30,2024-W44,247.0,0.0,AVAILABLE,2.67
STR_E01,4900005010,2024-10-30,2024-W44,325.0,0.0,AVAILABLE,2.71
STR_E02,1200080994,2024-10-30,2024-W44,449.0,0.0,AVAILABLE,2.76
STR_E02,2840016014,2024-10-30,2024-W44,256.0,0.0,AVAILABLE,2.78
STR_E02,4900005010,2024-10-30,2024-W44,331.0,0.0,AVAILABLE,2.75
STR_W01,1200080994,2024-10-30,2024-W44,367.0,51.0,AVAILABLE,2.35
STR_W01,2840016014,2024-10-30,2024-W44,248.0,0.0,AVAILABLE,2.69
STR_W01,4900005010,2024-10-30,2024-W44,339.0,0.0,AVAILABLE,2.74
STR_E01,1200080994,2024-10-31,2024-W44,371.0,39.0,AVAILABLE,2.29
STR_E01,2840016014,2024-10-31,2024-W44,233.0,0.0,AVAILABLE,2.52
STR_E01,4900005010,2024-10-31,2024-W44,307.0,0.0,AVAILABLE,2.55
STR_E02,1200080994,2024-10-31,2024-W44,421.0,0.0,AVAILABLE,2.55
STR_E02,2840016014,2024-10-31,2024-W44,243.0,0.0,AVAILABLE,2.67
STR_E02,4900005010,2024-10-31,2024-W44,312.0,0.0,AVAILABLE,2.58
STR_W01,1200080994,2024-10-31,2024-W44,345.0,51.0,AVAILABLE,2.19
STR_W01,2840016014,2024-10-31,2024-W44,235.0,0.0,AVAILABLE,2.53
STR_W01,4900005010,2024-10-31,2024-W44,323.0,0.0,AVAILABLE,2.62
STR_E01,1200080994,2024-11-01,2024-W44,390.0,0.0,AVAILABLE,2.44
STR_E01,2840016014,2024-11-01,2024-W44,221.0,0.0,AVAILABLE,2.38
STR_E01,4900005010,2024-11-01,2024-W44,289.0,0.0,AVAILABLE,2.42
STR_E02,1200080994,2024-11-01,2024-W44,399.0,0.0,AVAILABLE,2.41
STR_E02,2840016014,2024-11-01,2024-W44,232.0,0.0,AVAILABLE,2.55
STR_E02,4900005010,2024-11-01,2024-W44,296.0,0.0,AVAILABLE,2.45
STR_W01,1200080994,2024-11-01,2024-W44,375.0,0.0,AVAILABLE,2.39
STR_W01,2840016014,2024-11-01,2024-W44,222.0,0.0,AVAILABLE,2.39
STR_W01,4900005010,2024-11-01,2024-W44,305.0,0.0,AVAILABLE,2.47
STR_E01,1200080994,2024-11-02,2024-W44,365.0,0.0,AVAILABLE,2.29
STR_E01,2840016014,2024-11-02,2024-W44,204.0,0.0,AVAILABLE,2.18
STR_E01,4900005010,2024-11-02,2024-W44,270.0,0.0,AVAILABLE,2.25
STR_E02,1200080994,2024-11-02,2024-W44,375.0,0.0,AVAILABLE,2.25
STR_E02,2840016014,2024-11-02,2024-W44,220.0,0.0,AVAILABLE,2.44
STR_E02,4900005010,2024-11-02,2024-W44,276.0,0.0,AVAILABLE,2.26
STR_W01,1200080994,2024-11-02,2024-W44,354.0,0.0,AVAILABLE,2.26
STR_W01,2840016014,2024-11-02,2024-W44,210.0,0.0,AVAILABLE,2.25
STR_W01,4900005010,2024-11-02,2024-W44,287.0,0.0,AVAILABLE,2.31
STR_E01,1200080994,2024-11-03,2024-W44,346.0,0.0,AVAILABLE,2.17
STR_E01,2840016014,2024-11-03,2024-W44,191.0,0.0,AVAILABLE,2.04
STR_E01,4900005010,2024-11-03,2024-W44,255.0,0.0,AVAILABLE,2.13
STR_E02,1200080994,2024-11-03,2024-W44,353.0,0.0,AVAILABLE,2.13
STR_E02,2840016014,2024-11-03,2024-W44,202.0,0.0,AVAILABLE,2.2
STR_E02,4900005010,2024-11-03,2024-W44,259.0,0.0,AVAILABLE,2.12
STR_W01,1200080994,2024-11-03,2024-W44,333.0,0.0,AVAILABLE,2.13
STR_W01,2840016014,2024-11-03,2024-W44,196.0,0.0,AVAILABLE,2.11
STR_W01,4900005010,2024-11-03,2024-W44,270.0,0.0,AVAILABLE,2.19
STR_E01,1200080994,2024-11-04,2024-W45,323.0,0.0,AVAILABLE,2.03
STR_E01,2840016014,2024-11-04,2024-W45,177.0,0.0,LOW,1.87
STR_E01,4900005010,2024-11-04,2024-W45,238.0,0.0,LOW,1.97
STR_E02,1200080994,2024-11-04,2024-W45,336.0,0.0,AVAILABLE,2.07
STR_E02,2840016014,2024-11-04,2024-W45,192.0,0.0,AVAILABLE,2.12
STR_E02,4900005010,2024-11-04,2024-W45,239.0,0.0,LOW,1.96
STR_W01,1200080994,2024-11-04,2024-W45,312.0,0.0,AVAILABLE,2.0
STR_W01,2840016014,2024-11-04,2024-W45,183.0,0.0,LOW,1.98
STR_W01,4900005010,2024-11-04,2024-W45,256.0,0.0,AVAILABLE,2.08
STR_E01,1200080994,2024-11-05,2024-W45,298.0,0.0,LOW,1.87
STR_E01,2840016014,2024-11-05,2024-W45,162.0,107.0,LOW,1.71
STR_E01,4900005010,2024-11-05,2024-W45,221.0,124.0,LOW,1.82
STR_E02,1200080994,2024-11-05,2024-W45,310.0,0.0,LOW,1.91
STR_E02,2840016014,2024-11-05,2024-W45,178.0,0.0,LOW,1.96
STR_E02,4900005010,2024-11-05,2024-W45,218.0,128.0,LOW,1.79
STR_W01,1200080994,2024-11-05,2024-W45,290.0,0.0,LOW,1.86
STR_W01,2840016014,2024-11-05,2024-W45,167.0,94.0,LOW,1.79
STR_W01,4900005010,2024-11-05,2024-W45,227.0,0.0,LOW,1.79
STR_E01,1200080994,2024-11-06,2024-W45,276.0,0.0,LOW,1.72
STR_E01,2840016014,2024-11-06,2024-W45,255.0,0.0,AVAILABLE,2.66
STR_E01,4900005010,2024-11-06,2024-W45,323.0,0.0,AVAILABLE,2.64
STR_E02,1200080994,2024-11-06,2024-W45,287.0,0.0,LOW,1.75
STR_E02,2840016014,2024-11-06,2024-W45,164.0,0.0,LOW,1.79
STR_E02,4900005010,2024-11-06,2024-W45,323.0,0.0,AVAILABLE,2.59
STR_W01,1200080994,2024-11-06,2024-W45,259.0,0.0,LOW,1.64
STR_W01,2840016014,2024-11-06,2024-W45,244.0,0.0,AVAILABLE,2.59
STR_W01,4900005010,2024-11-06,2024-W45,209.0,0.0,LOW,1.66
STR_E01,1200080994,2024-11-07,2024-W45,249.0,0.0,LOW,1.54
STR_E01,2840016014,2024-11-07,2024-W45,243.0,0.0,AVAILABLE,2.56
STR_E01,4900005010,2024-11-07,2024-W45,305.0,0.0,AVAILABLE,2.49
STR_E02,1200080994,2024-11-07,2024-W45,258.0,0.0,LOW,1.57
STR_E02,2840016014,2024-11-07,2024-W45,150.0,0.0,LOW,1.63
STR_E02,4900005010,2024-11-07,2024-W45,305.0,0.0,AVAILABLE,2.44
STR_W01,1200080994,2024-11-07,2024-W45,240.0,0.0,LOW,1.52
STR_W01,2840016014,2024-11-07,2024-W45,226.0,0.0,AVAILABLE,2.36
STR_W01,4900005010,2024-11-07,2024-W45,191.0,0.0,LOW,1.5
STR_E01,1200080994,2024-11-08,2024-W45,231.0,0.0,LOW,1.44
STR_E01,2840016014,2024-11-08,2024-W45,223.0,0.0,AVAILABLE,2.32
STR_E01,4900005010,2024-11-08,2024-W45,288.0,0.0,AVAILABLE,2.36
STR_E02,1200080994,2024-11-08,2024-W45,231.0,0.0,LOW,1.4
STR_E02,2840016014,2024-11-08,2024-W45,137.0,0.0,LOW,1.49
STR_E02,4900005010,2024-11-08,2024-W45,281.0,0.0,AVAILABLE,2.2
STR_W01,1200080994,2024-11-08,2024-W45,221.0,0.0,LOW,1.4
STR_W01,2840016014,2024-11-08,2024-W45,214.0,0.0,AVAILABLE,2.23
STR_W01,4900005010,2024-11-08,2024-W45,174.0,0.0,LOW,1.37
STR_E01,1200080994,2024-11-09,2024-W45,210.0,0.0,LOW,1.31
STR_E01,2840016014,2024-11-09,2024-W45,211.0,0.0,AVAILABLE,2.19
STR_E01,4900005010,2024-11-09,2024-W45,268.0,0.0,AVAILABLE,2.17
STR_E02,1200080994,2024-11-09,2024-W45,208.0,0.0,LOW,1.26
STR_E02,2840016014,2024-11-09,2024-W45,122.0,0.0,LOW,1.31
STR_E02,4900005010,2024-11-09,2024-W45,262.0,0.0,AVAILABLE,2.06
STR_W01,1200080994,2024-11-09,2024-W45,191.0,0.0,LOW,1.19
STR_W01,2840016014,2024-11-09,2024-W45,200.0,0.0,AVAILABLE,2.08
STR_W01,4900005010,2024-11-09,2024-W45,155.0,0.0,LOW,1.22
STR_E01,1200080994,2024-11-10,2024-W45,187.0,0.0,LOW,1.17
STR_E01,2840016014,2024-11-10,2024-W45,196.0,0.0,AVAILABLE,2.02
STR_E01,4900005010,2024-11-10,2024-W45,250.0,0.0,AVAILABLE,2.04
STR_E02,1200080994,2024-11-10,2024-W45,181.0,0.0,LOW,1.09
STR_E02,2840016014,2024-11-10,2024-W45,107.0,0.0,LOW,1.14
STR_E02,4900005010,2024-11-10,2024-W45,243.0,0.0,LOW,1.9
STR_W01,1200080994,2024-11-10,2024-W45,171.0,0.0,LOW,1.07
STR_W01,2840016014,2024-11-10,2024-W45,188.0,0.0,LOW,1.98
STR_W01,4900005010,2024-11-10,2024-W45,138.0,0.0,LOW,1.09
STR_E01,1200080994,2024-11-11,2024-W46,164.0,0.0,LOW,1.03
STR_E01,2840016014,2024-11-11,2024-W46,182.0,0.0,LOW,1.87
STR_E01,4900005010,2024-11-11,2024-W46,227.0,0.0,LOW,1.83
STR_E02,1200080994,2024-11-11,2024-W46,157.0,0.0,LOW,0.95
STR_E02,2840016014,2024-11-11,2024-W46,90.0,0.0,LOW,0.94
STR_E02,4900005010,2024-11-11,2024-W46,216.0,0.0,LOW,1.7
STR_W01,1200080994,2024-11-11,2024-W46,144.0,0.0,LOW,0.9
STR_W01,2840016014,2024-11-11,2024-W46,170.0,0.0,LOW,1.76
STR_W01,4900005010,2024-11-11,2024-W46,117.0,0.0,LOW,0.92
STR_E01,1200080994,2024-11-12,2024-W46,133.0,313.0,LOW,0.83
STR_E01,2840016014,2024-11-12,2024-W46,169.0,110.0,LOW,1.74
STR_E01,4900005010,2024-11-12,2024-W46,210.0,146.0,LOW,1.68
STR_E02,1200080994,2024-11-12,2024-W46,126.0,340.0,LOW,0.76
STR_E02,2840016014,2024-11-12,2024-W46,79.0,196.0,LOW,0.83
STR_E02,4900005010,2024-11-12,2024-W46,201.0,165.0,LOW,1.58
STR_W01,1200080994,2024-11-12,2024-W46,121.0,334.0,LOW,0.76
STR_W01,2840016014,2024-11-12,2024-W46,154.0,120.0,LOW,1.58
STR_W01,4900005010,2024-11-12,2024-W46,101.0,265.0,LOW,0.8
STR_E01,1200080994,2024-11-13,2024-W46,420.0,0.0,AVAILABLE,2.62
STR_E01,2840016014,2024-11-13,2024-W46,262.0,0.0,AVAILABLE,2.66
STR_E01,4900005010,2024-11-13,2024-W46,338.0,0.0,AVAILABLE,2.7
STR_E02,1200080994,2024-11-13,2024-W46,444.0,0.0,AVAILABLE,2.7
STR_E02,2840016014,2024-11-13,2024-W46,261.0,0.0,AVAILABLE,2.73
STR_E02,4900005010,2024-11-13,2024-W46,349.0,0.0,AVAILABLE,2.72
STR_W01,1200080994,2024-11-13,2024-W46,434.0,0.0,AVAILABLE,2.7
STR_W01,2840016014,2024-11-13,2024-W46,141.0,120.0,LOW,1.45
STR_W01,4900005010,2024-11-13,2024-W46,351.0,0.0,AVAILABLE,2.79
STR_E01,1200080994,2024-11-14,2024-W46,392.0,0.0,AVAILABLE,2.42
STR_E01,2840016014,2024-11-14,2024-W46,246.0,0.0,AVAILABLE,2.47
STR_E01,4900005010,2024-11-14,2024-W46,316.0,0.0,AVAILABLE,2.49
STR_E02,1200080994,2024-11-14,2024-W46,419.0,0.0,AVAILABLE,2.54
STR_E02,2840016014,2024-11-14,2024-W46,248.0,0.0,AVAILABLE,2.6
STR_E02,4900005010,2024-11-14,2024-W46,324.0,0.0,AVAILABLE,2.5
STR_W01,1200080994,2024-11-14,2024-W46,406.0,0.0,AVAILABLE,2.51
STR_W01,2840016014,2024-11-14,2024-W46,127.0,120.0,LOW,1.3
STR_W01,4900005010,2024-11-14,2024-W46,333.0,0.0,AVAILABLE,2.67
STR_E01,1200080994,2024-11-15,2024-W46,368.0,0.0,AVAILABLE,2.25
STR_E01,2840016014,2024-11-15,2024-W46,228.0,0.0,AVAILABLE,2.26
STR_E01,4900005010,2024-11-15,2024-W46,294.0,0.0,AVAILABLE,2.3
STR_E02,1200080994,2024-11-15,2024-W46,392.0,0.0,AVAILABLE,2.4
STR_E02,2840016014,2024-11-15,2024-W46,234.0,0.0,AVAILABLE,2.46
STR_E02,4900005010,2024-11-15,2024-W46,306.0,0.0,AVAILABLE,2.34
STR_W01,1200080994,2024-11-15,2024-W46,380.0,0.0,AVAILABLE,2.34
STR_W01,2840016014,2024-11-15,2024-W46,235.0,0.0,AVAILABLE,2.42
STR_W01,4900005010,2024-11-15,2024-W46,316.0,0.0,AVAILABLE,2.55
STR_E01,1200080994,2024-11-16,2024-W46,344.0,0.0,AVAILABLE,2.11
STR_E01,2840016014,2024-11-16,2024-W46,214.0,0.0,AVAILABLE,2.11
STR_E01,4900005010,2024-11-16,2024-W46,277.0,0.0,AVAILABLE,2.17
STR_E02,1200080994,2024-11-16,2024-W46,368.0,0.0,AVAILABLE,2.23
STR_E02,2840016014,2024-11-16,2024-W46,219.0,0.0,AVAILABLE,2.28
STR_E02,4900005010,2024-11-16,2024-W46,288.0,0.0,AVAILABLE,2.2
STR_W01,1200080994,2024-11-16,2024-W46,357.0,0.0,AVAILABLE,2.23
STR_W01,2840016014,2024-11-16,2024-W46,222.0,0.0,AVAILABLE,2.3
STR_W01,4900005010,2024-11-16,2024-W46,302.0,0.0,AVAILABLE,2.47
STR_E01,1200080994,2024-11-17,2024-W46,322.0,0.0,LOW,1.97
STR_E01,2840016014,2024-11-17,2024-W46,202.0,0.0,LOW,2.0
STR_E01,4900005010,2024-11-17,2024-W46,260.0,0.0,AVAILABLE,2.04
STR_E02,1200080994,2024-11-17,2024-W46,346.0,0.0,AVAILABLE,2.1
STR_E02,2840016014,2024-11-17,2024-W46,203.0,0.0,AVAILABLE,2.09
STR_E02,4900005010,2024-11-17,2024-W46,271.0,0.0,AVAILABLE,2.08
STR_W01,1200080994,2024-11-17,2024-W46,336.0,0.0,AVAILABLE,2.1
STR_W01,2840016014,2024-11-17,2024-W46,211.0,0.0,AVAILABLE,2.19
STR_W01,4900005010,2024-11-17,2024-W46,284.0,0.0,AVAILABLE,2.32
STR_E01,1200080994,2024-11-18,2024-W47,299.0,0.0,LOW,1.82
STR_E01,2840016014,2024-11-18,2024-W47,191.0,0.0,LOW,1.91
STR_E01,4900005010,2024-11-18,2024-W47,238.0,0.0,LOW,1.85
STR_E02,1200080994,2024-11-18,2024-W47,321.0,0.0,LOW,1.94
STR_E02,2840016014,2024-11-18,2024-W47,189.0,0.0,LOW,1.95
STR_E02,4900005010,2024-11-18,2024-W47,249.0,0.0,LOW,1.89
STR_W01,1200080994,2024-11-18,2024-W47,313.0,0.0,LOW,1.96
STR_W01,2840016014,2024-11-18,2024-W47,197.0,0.0,AVAILABLE,2.06
STR_W01,4900005010,2024-11-18,2024-W47,269.0,0.0,AVAILABLE,2.21
STR_E01,1200080994,2024-11-19,2024-W47,275.0,194.0,LOW,1.67
STR_E01,2840016014,2024-11-19,2024-W47,178.0,110.0,LOW,1.78
STR_E01,4900005010,2024-11-19,2024-W47,221.0,148.0,LOW,1.72
STR_E02,1200080994,2024-11-19,2024-W47,298.0,176.0,LOW,1.8
STR_E02,2840016014,2024-11-19,2024-W47,174.0,102.0,LOW,1.78
STR_E02,4900005010,2024-11-19,2024-W47,230.0,146.0,LOW,1.75
STR_W01,1200080994,2024-11-19,2024-W47,284.0,166.0,LOW,1.78
STR_W01,2840016014,2024-11-19,2024-W47,185.0,0.0,LOW,1.95
STR_W01,4900005010,2024-11-19,2024-W47,246.0,0.0,AVAILABLE,2.01
STR_E01,1200080994,2024-11-20,2024-W47,444.0,0.0,AVAILABLE,2.69
STR_E01,2840016014,2024-11-20,2024-W47,276.0,0.0,AVAILABLE,2.75
STR_E01,4900005010,2024-11-20,2024-W47,350.0,0.0,AVAILABLE,2.72
STR_E02,1200080994,2024-11-20,2024-W47,446.0,0.0,AVAILABLE,2.69
STR_E02,2840016014,2024-11-20,2024-W47,232.0,30.0,AVAILABLE,2.39
STR_E02,4900005010,2024-11-20,2024-W47,362.0,0.0,AVAILABLE,2.76
STR_W01,1200080994,2024-11-20,2024-W47,432.0,0.0,AVAILABLE,2.72
STR_W01,2840016014,2024-11-20,2024-W47,170.0,0.0,LOW,1.79
STR_W01,4900005010,2024-11-20,2024-W47,224.0,0.0,LOW,1.81
STR_E01,1200080994,2024-11-21,2024-W47,418.0,0.0,AVAILABLE,2.51
STR_E01,2840016014,2024-11-21,2024-W47,259.0,0.0,AVAILABLE,2.58
STR_E01,4900005010,2024-11-21,2024-W47,335.0,0.0,AVAILABLE,2.6
STR_E02,1200080994,2024-11-21,2024-W47,421.0,0.0,AVAILABLE,2.51
STR_E02,2840016014,2024-11-21,2024-W47,215.0,30.0,AVAILABLE,2.19
STR_E02,4900005010,2024-11-21,2024-W47,343.0,0.0,AVAILABLE,2.6
STR_W01,1200080994,2024-11-21,2024-W47,409.0,0.0,AVAILABLE,2.58
STR_W01,2840016014,2024-11-21,2024-W47,157.0,0.0,LOW,1.65
STR_W01,4900005010,2024-11-21,2024-W47,205.0,0.0,LOW,1.64
STR_E01,1200080994,2024-11-22,2024-W47,397.0,0.0,AVAILABLE,2.4
STR_E01,2840016014,2024-11-22,2024-W47,245.0,0.0,AVAILABLE,2.46
STR_E01,4900005010,2024-11-22,2024-W47,311.0,0.0,AVAILABLE,2.37
STR_E02,1200080994,2024-11-22,2024-W47,399.0,0.0,AVAILABLE,2.37
STR_E02,2840016014,2024-11-22,2024-W47,229.0,0.0,AVAILABLE,2.32
STR_E02,4900005010,2024-11-22,2024-W47,326.0,0.0,AVAILABLE,2.46
STR_W01,1200080994,2024-11-22,2024-W47,385.0,0.0,AVAILABLE,2.42
STR_W01,2840016014,2024-11-22,2024-W47,140.0,0.0,LOW,1.46
STR_W01,4900005010,2024-11-22,2024-W47,180.0,0.0,LOW,1.41
STR_E01,1200080994,2024-11-23,2024-W47,372.0,0.0,AVAILABLE,2.25
STR_E01,2840016014,2024-11-23,2024-W47,232.0,0.0,AVAILABLE,2.34
STR_E01,4900005010,2024-11-23,2024-W47,290.0,0.0,AVAILABLE,2.21
STR_E02,1200080994,2024-11-23,2024-W47,375.0,0.0,AVAILABLE,2.21
STR_E02,2840016014,2024-11-23,2024-W47,215.0,0.0,AVAILABLE,2.17
STR_E02,4900005010,2024-11-23,2024-W47,310.0,0.0,AVAILABLE,2.34
STR_W01,1200080994,2024-11-23,2024-W47,363.0,0.0,AVAILABLE,2.26
STR_W01,2840016014,2024-11-23,2024-W47,125.0,0.0,LOW,1.3
STR_W01,4900005010,2024-11-23,2024-W47,156.0,0.0,LOW,1.2
STR_E01,1200080994,2024-11-24,2024-W47,343.0,0.0,AVAILABLE,2.06
STR_E01,2840016014,2024-11-24,2024-W47,216.0,0.0,AVAILABLE,2.17
STR_E01,4900005010,2024-11-24,2024-W47,267.0,0.0,AVAILABLE,2.01
STR_E02,1200080994,2024-11-24,2024-W47,346.0,0.0,AVAILABLE,2.01
STR_E02,2840016014,2024-11-24,2024-W47,199.0,0.0,AVAILABLE,2.02
STR_E02,4900005010,2024-11-24,2024-W47,289.0,0.0,AVAILABLE,2.17
STR_W01,1200080994,2024-11-24,2024-W47,342.0,0.0,AVAILABLE,2.12
STR_W01,2840016014,2024-11-24,2024-W47,108.0,0.0,LOW,1.1
STR_W01,4900005010,2024-11-24,2024-W47,136.0,0.0,LOW,1.05
STR_E01,1200080994,2024-11-25,2024-W48,229.0,0.0,LOW,1.21
STR_E01,2840016014,2024-11-25,2024-W48,182.0,0.0,LOW,1.73
STR_E01,4900005010,2024-11-25,2024-W48,210.0,0.0,LOW,1.48
STR_E02,1200080994,2024-11-25,2024-W48,246.0,0.0,LOW,1.29
STR_E02,2840016014,2024-11-25,2024-W48,173.0,0.0,LOW,1.71
STR_E02,4900005010,2024-11-25,2024-W48,232.0,0.0,LOW,1.63
STR_W01,1200080994,2024-11-25,2024-W48,262.0,0.0,LOW,1.48
STR_W01,2840016014,2024-11-25,2024-W48,75.0,0.0,LOW,0.72
STR_W01,4900005010,2024-11-25,2024-W48,69.0,0.0,LOW,0.49
STR_E01,1200080994,2024-11-26,2024-W48,127.0,338.0,LOW,0.61
STR_E01,2840016014,2024-11-26,2024-W48,150.0,134.0,LOW,1.36
STR_E01,4900005010,2024-11-26,2024-W48,146.0,214.0,LOW,0.95
STR_E02,1200080994,2024-11-26,2024-W48,159.0,325.0,LOW,0.77
STR_E02,2840016014,2024-11-26,2024-W48,127.0,131.0,LOW,1.16
STR_E02,4900005010,2024-11-26,2024-W48,166.0,196.0,LOW,1.08
STR_W01,1200080994,2024-11-26,2024-W48,138.0,268.0,LOW,0.69
STR_W01,2840016014,2024-11-26,2024-W48,33.0,236.0,LOW,0.3
STR_W01,4900005010,2024-11-26,2024-W48,9.0,356.0,LOW,0.06
STR_E01,1200080994,2024-11-27,2024-W48,358.0,0.0,LOW,1.55
STR_E01,2840016014,2024-11-27,2024-W48,252.0,0.0,AVAILABLE,2.21
STR_E01,4900005010,2024-11-27,2024-W48,301.0,0.0,LOW,1.84
STR_E02,1200080994,2024-11-27,2024-W48,395.0,0.0,LOW,1.77
STR_E02,2840016014,2024-11-27,2024-W48,224.0,0.0,LOW,1.94
STR_E02,4900005010,2024-11-27,2024-W48,304.0,0.0,LOW,1.84
STR_W01,1200080994,2024-11-27,2024-W48,298.0,0.0,LOW,1.34
STR_W01,2840016014,2024-11-27,2024-W48,229.0,0.0,LOW,1.95
STR_W01,4900005010,2024-11-27,2024-W48,317.0,0.0,LOW,1.97
STR_E01,1200080994,2024-11-28,2024-W48,216.0,0.0,LOW,0.83
STR_E01,2840016014,2024-11-28,2024-W48,224.0,0.0,LOW,1.91
STR_E01,4900005010,2024-11-28,2024-W48,234.0,0.0,LOW,1.33
STR_E02,1200080994,2024-11-28,2024-W48,288.0,0.0,LOW,1.18
STR_E02,2840016014,2024-11-28,2024-W48,181.0,0.0,LOW,1.47
STR_E02,4900005010,2024-11-28,2024-W48,245.0,0.0,LOW,1.4
STR_W01,1200080994,2024-11-28,2024-W48,206.0,0.0,LOW,0.86
STR_W01,2840016014,2024-11-28,2024-W48,192.0,0.0,LOW,1.56
STR_W01,4900005010,2024-11-28,2024-W48,254.0,0.0,LOW,1.47
STR_E01,1200080994,2024-11-29,2024-W48,135.0,0.0,LOW,0.49
STR_E01,2840016014,2024-11-29,2024-W48,192.0,0.0,LOW,1.57
STR_E01,4900005010,2024-11-29,2024-W48,185.0,0.0,LOW,1.01
STR_E02,1200080994,2024-11-29,2024-W48,187.0,0.0,LOW,0.71
STR_E02,2840016014,2024-11-29,2024-W48,147.0,0.0,LOW,1.14
STR_E02,4900005010,2024-11-29,2024-W48,171.0,0.0,LOW,0.9
STR_W01,1200080994,2024-11-29,2024-W48,115.0,0.0,LOW,0.45
STR_W01,2840016014,2024-11-29,2024-W48,159.0,0.0,LOW,1.24
STR_W01,4900005010,2024-11-29,2024-W48,195.0,0.0,LOW,1.07
STR_E01,1200080994,2024-11-30,2024-W48,25.0,0.0,LOW,0.08
STR_E01,2840016014,2024-11-30,2024-W48,153.0,0.0,LOW,1.2
STR_E01,4900005010,2024-11-30,2024-W48,122.0,0.0,LOW,0.63
STR_E02,1200080994,2024-11-30,2024-W48,105.0,0.0,LOW,0.38
STR_E02,2840016014,2024-11-30,2024-W48,109.0,0.0,LOW,0.81
STR_E02,4900005010,2024-11-30,2024-W48,111.0,0.0,LOW,0.56
STR_W01,1200080994,2024-11-30,2024-W48,8.0,0.0,LOW,0.03
STR_W01,2840016014,2024-11-30,2024-W48,129.0,0.0,LOW,0.97
STR_W01,4900005010,2024-11-30,2024-W48,146.0,0.0,LOW,0.77
STR_E01,1200080994,2024-12-01,2024-W48,0.0,0.0,ZERO,0.0
STR_E01,2840016014,2024-12-01,2024-W48,125.0,0.0,LOW,0.95
STR_E01,4900005010,2024-12-01,2024-W48,52.0,0.0,LOW,0.25
STR_E02,1200080994,2024-12-01,2024-W48,0.0,0.0,ZERO,0.0
STR_E02,2840016014,2024-12-01,2024-W48,78.0,0.0,LOW,0.56
STR_E02,4900005010,2024-12-01,2024-W48,52.0,0.0,LOW,0.25
STR_W01,1200080994,2024-12-01,2024-W48,0.0,0.0,ZERO,0.0
STR_W01,2840016014,2024-12-01,2024-W48,91.0,0.0,LOW,0.66
STR_W01,4900005010,2024-12-01,2024-W48,90.0,0.0,LOW,0.45
STR_E01,1200080994,2024-12-02,2024-W49,0.0,0.0,ZERO,0.0
STR_E01,2840016014,2024-12-02,2024-W49,97.0,0.0,LOW,0.72
STR_E01,4900005010,2024-12-02,2024-W49,0.0,0.0,ZERO,0.0
STR_E02,1200080994,2024-12-02,2024-W49,0.0,0.0,ZERO,0.0
STR_E02,2840016014,2024-12-02,2024-W49,41.0,0.0,LOW,0.28
STR_E02,4900005010,2024-12-02,2024-W49,9.0,0.0,LOW,0.04
STR_W01,1200080994,2024-12-02,2024-W49,0.0,0.0,ZERO,0.0
STR_W01,2840016014,2024-12-02,2024-W49,58.0,0.0,LOW,0.4
STR_W01,4900005010,2024-12-02,2024-W49,12.0,0.0,LOW,0.06
STR_E01,1200080994,2024-12-03,2024-W49,0.0,1012.0,ZERO,0.0
STR_E01,2840016014,2024-12-03,2024-W49,73.0,309.0,LOW,0.53
STR_E01,4900005010,2024-12-03,2024-W49,0.0,658.0,ZERO,0.0
STR_E02,1200080994,2024-12-03,2024-W49,0.0,259.0,ZERO,0.0
STR_E02,2840016014,2024-12-03,2024-W49,20.0,394.0,LOW,0.14
STR_E02,4900005010,2024-12-03,2024-W49,0.0,640.0,ZERO,0.0
STR_W01,1200080994,2024-12-03,2024-W49,0.0,742.0,ZERO,0.0
STR_W01,2840016014,2024-12-03,2024-W49,32.0,250.0,LOW,0.22
STR_W01,4900005010,2024-12-03,2024-W49,0.0,106.0,ZERO,0.0
STR_E01,1200080994,2024-12-04,2024-W49,941.0,0.0,AVAILABLE,2.57
STR_E01,2840016014,2024-12-04,2024-W49,358.0,0.0,AVAILABLE,2.56
STR_E01,4900005010,2024-12-04,2024-W49,615.0,0.0,AVAILABLE,2.65
STR_E02,1200080994,2024-12-04,2024-W49,118.0,88.0,LOW,0.34
STR_E02,2840016014,2024-12-04,2024-W49,395.0,0.0,AVAILABLE,2.67
STR_E02,4900005010,2024-12-04,2024-W49,601.0,0.0,AVAILABLE,2.66
STR_W01,1200080994,2024-12-04,2024-W49,685.0,0.0,AVAILABLE,2.01
STR_W01,2840016014,2024-12-04,2024-W49,260.0,0.0,LOW,1.76
STR_W01,4900005010,2024-12-04,2024-W49,62.0,0.0,LOW,0.27
STR_E01,1200080994,2024-12-05,2024-W49,888.0,0.0,AVAILABLE,2.38
STR_E01,2840016014,2024-12-05,2024-W49,341.0,0.0,AVAILABLE,2.41
STR_E01,4900005010,2024-12-05,2024-W49,595.0,0.0,AVAILABLE,2.56
STR_E02,1200080994,2024-12-05,2024-W49,49.0,88.0,LOW,0.14
STR_E02,2840016014,2024-12-05,2024-W49,372.0,0.0,AVAILABLE,2.48
STR_E02,4900005010,2024-12-05,2024-W49,566.0,0.0,AVAILABLE,2.46
STR_W01,1200080994,2024-12-05,2024-W49,634.0,0.0,LOW,1.82
STR_W01,2840016014,2024-12-05,2024-W49,243.0,0.0,LOW,1.65
STR_W01,4900005010,2024-12-05,2024-W49,39.0,0.0,LOW,0.17
STR_E01,1200080994,2024-12-06,2024-W49,856.0,0.0,AVAILABLE,2.28
STR_E01,2840016014,2024-12-06,2024-W49,321.0,0.0,AVAILABLE,2.27
STR_E01,4900005010,2024-12-06,2024-W49,578.0,0.0,AVAILABLE,2.48
STR_E02,1200080994,2024-12-06,2024-W49,104.0,0.0,LOW,0.29
STR_E02,2840016014,2024-12-06,2024-W49,358.0,0.0,AVAILABLE,2.38
STR_E02,4900005010,2024-12-06,2024-W49,544.0,0.0,AVAILABLE,2.37
STR_W01,1200080994,2024-12-06,2024-W49,607.0,0.0,LOW,1.73
STR_W01,2840016014,2024-12-06,2024-W49,229.0,0.0,LOW,1.55
STR_W01,4900005010,2024-12-06,2024-W49,23.0,0.0,LOW,0.1
STR_E01,1200080994,2024-12-07,2024-W49,828.0,0.0,AVAILABLE,2.19
STR_E01,2840016014,2024-12-07,2024-W49,307.0,0.0,AVAILABLE,2.17
STR_E01,4900005010,2024-12-07,2024-W49,557.0,0.0,AVAILABLE,2.39
STR_E02,1200080994,2024-12-07,2024-W49,67.0,0.0,LOW,0.19
STR_E02,2840016014,2024-12-07,2024-W49,342.0,0.0,AVAILABLE,2.27
STR_E02,4900005010,2024-12-07,2024-W49,526.0,0.0,AVAILABLE,2.29
STR_W01,1200080994,2024-12-07,2024-W49,572.0,0.0,LOW,1.62
STR_W01,2840016014,2024-12-07,2024-W49,210.0,0.0,LOW,1.41
STR_W01,4900005010,2024-12-07,2024-W49,5.0,0.0,LOW,0.02
STR_E01,1200080994,2024-12-08,2024-W49,803.0,0.0,AVAILABLE,2.12
STR_E01,2840016014,2024-12-08,2024-W49,287.0,0.0,AVAILABLE,2.01
STR_E01,4900005010,2024-12-08,2024-W49,538.0,0.0,AVAILABLE,2.31
STR_E02,1200080994,2024-12-08,2024-W49,38.0,0.0,LOW,0.11
STR_E02,2840016014,2024-12-08,2024-W49,330.0,0.0,AVAILABLE,2.2
STR_E02,4900005010,2024-12-08,2024-W49,511.0,0.0,AVAILABLE,2.23
STR_W01,1200080994,2024-12-08,2024-W49,547.0,0.0,LOW,1.55
STR_W01,2840016014,2024-12-08,2024-W49,195.0,0.0,LOW,1.3
STR_W01,4900005010,2024-12-08,2024-W49,0.0,0.0,ZERO,0.0
STR_E01,1200080994,2024-12-09,2024-W50,774.0,0.0,AVAILABLE,2.04
STR_E01,2840016014,2024-12-09,2024-W50,268.0,0.0,LOW,1.86
STR_E01,4900005010,2024-12-09,2024-W50,518.0,0.0,AVAILABLE,2.23
STR_E02,1200080994,2024-12-09,2024-W50,9.0,0.0,LOW,0.02
STR_E02,2840016014,2024-12-09,2024-W50,307.0,0.0,AVAILABLE,2.03
STR_E02,4900005010,2024-12-09,2024-W50,489.0,0.0,AVAILABLE,2.15
STR_W01,1200080994,2024-12-09,2024-W50,522.0,0.0,LOW,1.48
STR_W01,2840016014,2024-12-09,2024-W50,178.0,0.0,LOW,1.19
STR_W01,4900005010,2024-12-09,2024-W50,0.0,0.0,ZERO,0.0
STR_E01,1200080994,2024-12-10,2024-W50,753.0,0.0,LOW,1.99
STR_E01,2840016014,2024-12-10,2024-W50,246.0,165.0,LOW,1.68
STR_E01,4900005010,2024-12-10,2024-W50,500.0,0.0,AVAILABLE,2.15
STR_E02,1200080994,2024-12-10,2024-W50,0.0,1078.0,ZERO,0.0
STR_E02,2840016014,2024-12-10,2024-W50,289.0,0.0,LOW,1.89
STR_E02,4900005010,2024-12-10,2024-W50,468.0,0.0,AVAILABLE,2.04
STR_W01,1200080994,2024-12-10,2024-W50,488.0,536.0,LOW,1.37
STR_W01,2840016014,2024-12-10,2024-W50,159.0,270.0,LOW,1.06
STR_W01,4900005010,2024-12-10,2024-W50,0.0,606.0,ZERO,0.0
STR_E01,1200080994,2024-12-11,2024-W50,733.0,0.0,LOW,1.95
STR_E01,2840016014,2024-12-11,2024-W50,395.0,0.0,AVAILABLE,2.7
STR_E01,4900005010,2024-12-11,2024-W50,480.0,0.0,AVAILABLE,2.06
STR_E02,1200080994,2024-12-11,2024-W50,1050.0,0.0,AVAILABLE,2.88
STR_E02,2840016014,2024-12-11,2024-W50,272.0,0.0,LOW,1.77
STR_E02,4900005010,2024-12-11,2024-W50,448.0,0.0,LOW,1.95
STR_W01,1200080994,2024-12-11,2024-W50,994.0,0.0,AVAILABLE,2.78
STR_W01,2840016014,2024-12-11,2024-W50,417.0,0.0,AVAILABLE,2.78
STR_W01,4900005010,2024-12-11,2024-W50,581.0,0.0,AVAILABLE,2.45
STR_E01,1200080994,2024-12-12,2024-W50,701.0,0.0,LOW,1.86
STR_E01,2840016014,2024-12-12,2024-W50,378.0,0.0,AVAILABLE,2.58
STR_E01,4900005010,2024-12-12,2024-W50,459.0,0.0,LOW,1.97
STR_E02,1200080994,2024-12-12,2024-W50,1022.0,0.0,AVAILABLE,2.8
STR_E02,2840016014,2024-12-12,2024-W50,256.0,0.0,LOW,1.65
STR_E02,4900005010,2024-12-12,2024-W50,427.0,0.0,LOW,1.87
STR_W01,1200080994,2024-12-12,2024-W50,971.0,0.0,AVAILABLE,2.72
STR_W01,2840016014,2024-12-12,2024-W50,402.0,0.0,AVAILABLE,2.68
STR_W01,4900005010,2024-12-12,2024-W50,562.0,0.0,AVAILABLE,2.37
STR_E01,1200080994,2024-12-13,2024-W50,673.0,0.0,LOW,1.78
STR_E01,2840016014,2024-12-13,2024-W50,361.0,0.0,AVAILABLE,2.47
STR_E01,4900005010,2024-12-13,2024-W50,441.0,0.0,LOW,1.9
STR_E02,1200080994,2024-12-13,2024-W50,995.0,0.0,AVAILABLE,2.73
STR_E02,2840016014,2024-12-13,2024-W50,240.0,0.0,LOW,1.55
STR_E02,4900005010,2024-12-13,2024-W50,411.0,0.0,LOW,1.8
STR_W01,1200080994,2024-12-13,2024-W50,947.0,0.0,AVAILABLE,2.66
STR_W01,2840016014,2024-12-13,2024-W50,381.0,0.0,AVAILABLE,2.5
STR_W01,4900005010,2024-12-13,2024-W50,540.0,0.0,AVAILABLE,2.27
STR_E01,1200080994,2024-12-14,2024-W50,645.0,0.0,LOW,1.7
STR_E01,2840016014,2024-12-14,2024-W50,343.0,0.0,AVAILABLE,2.33
STR_E01,4900005010,2024-12-14,2024-W50,418.0,0.0,LOW,1.79
STR_E02,1200080994,2024-12-14,2024-W50,970.0,0.0,AVAILABLE,2.66
STR_E02,2840016014,2024-12-14,2024-W50,220.0,0.0,LOW,1.41
STR_E02,4900005010,2024-12-14,2024-W50,381.0,0.0,LOW,1.65
STR_W01,1200080994,2024-12-14,2024-W50,925.0,0.0,AVAILABLE,2.6
STR_W01,2840016014,2024-12-14,2024-W50,367.0,0.0,AVAILABLE,2.4
STR_W01,4900005010,2024-12-14,2024-W50,522.0,0.0,AVAILABLE,2.18
STR_E01,1200080994,2024-12-15,2024-W50,618.0,0.0,LOW,1.63
STR_E01,2840016014,2024-12-15,2024-W50,325.0,0.0,AVAILABLE,2.18
STR_E01,4900005010,2024-12-15,2024-W50,394.0,0.0,LOW,1.67
STR_E02,1200080994,2024-12-15,2024-W50,943.0,0.0,AVAILABLE,2.57
STR_E02,2840016014,2024-12-15,2024-W50,203.0,0.0,LOW,1.3
STR_E02,4900005010,2024-12-15,2024-W50,358.0,0.0,LOW,1.54
STR_W01,1200080994,2024-12-15,2024-W50,896.0,0.0,AVAILABLE,2.5
STR_W01,2840016014,2024-12-15,2024-W50,352.0,0.0,AVAILABLE,2.29
STR_W01,4900005010,2024-12-15,2024-W50,501.0,0.0,AVAILABLE,2.09
STR_E01,1200080994,2024-12-16,2024-W51,591.0,0.0,LOW,1.55
STR_E01,2840016014,2024-12-16,2024-W51,309.0,0.0,AVAILABLE,2.06
STR_E01,4900005010,2024-12-16,2024-W51,368.0,0.0,LOW,1.56
STR_E02,1200080994,2024-12-16,2024-W51,919.0,0.0,AVAILABLE,2.51
STR_E02,2840016014,2024-12-16,2024-W51,186.0,0.0,LOW,1.18
STR_E02,4900005010,2024-12-16,2024-W51,337.0,0.0,LOW,1.45
STR_W01,1200080994,2024-12-16,2024-W51,874.0,0.0,AVAILABLE,2.44
STR_W01,2840016014,2024-12-16,2024-W51,338.0,0.0,AVAILABLE,2.2
STR_W01,4900005010,2024-12-16,2024-W51,480.0,0.0,LOW,1.99
STR_E01,1200080994,2024-12-17,2024-W51,564.0,553.0,LOW,1.48
STR_E01,2840016014,2024-12-17,2024-W51,294.0,0.0,LOW,1.95
STR_E01,4900005010,2024-12-17,2024-W51,344.0,341.0,LOW,1.45
STR_E02,1200080994,2024-12-17,2024-W51,886.0,0.0,AVAILABLE,2.4
STR_E02,2840016014,2024-12-17,2024-W51,167.0,286.0,LOW,1.05
STR_E02,4900005010,2024-12-17,2024-W51,314.0,360.0,LOW,1.34
STR_W01,1200080994,2024-12-17,2024-W51,845.0,0.0,AVAILABLE,2.36
STR_W01,2840016014,2024-12-17,2024-W51,322.0,0.0,AVAILABLE,2.08
STR_W01,4900005010,2024-12-17,2024-W51,462.0,244.0,LOW,1.92
STR_E01,1200080994,2024-12-18,2024-W51,896.0,196.0,AVAILABLE,2.35
STR_E01,2840016014,2024-12-18,2024-W51,279.0,0.0,LOW,1.84
STR_E01,4900005010,2024-12-18,2024-W51,665.0,0.0,AVAILABLE,2.79
STR_E02,1200080994,2024-12-18,2024-W51,858.0,0.0,AVAILABLE,2.33
STR_E02,2840016014,2024-12-18,2024-W51,439.0,0.0,AVAILABLE,2.77
STR_E02,4900005010,2024-12-18,2024-W51,652.0,0.0,AVAILABLE,2.77
STR_W01,1200080994,2024-12-18,2024-W51,817.0,0.0,AVAILABLE,2.27
STR_W01,2840016014,2024-12-18,2024-W51,311.0,0.0,AVAILABLE,2.02
STR_W01,4900005010,2024-12-18,2024-W51,636.0,46.0,AVAILABLE,2.64
STR_E01,1200080994,2024-12-19,2024-W51,871.0,196.0,AVAILABLE,2.28
STR_E01,2840016014,2024-12-19,2024-W51,259.0,0.0,LOW,1.7
STR_E01,4900005010,2024-12-19,2024-W51,645.0,0.0,AVAILABLE,2.69
STR_E02,1200080994,2024-12-19,2024-W51,837.0,0.0,AVAILABLE,2.28
STR_E02,2840016014,2024-12-19,2024-W51,424.0,0.0,AVAILABLE,2.68
STR_E02,4900005010,2024-12-19,2024-W51,632.0,0.0,AVAILABLE,2.68
STR_W01,1200080994,2024-12-19,2024-W51,786.0,0.0,AVAILABLE,2.17
STR_W01,2840016014,2024-12-19,2024-W51,293.0,0.0,LOW,1.89
STR_W01,4900005010,2024-12-19,2024-W51,616.0,46.0,AVAILABLE,2.56
STR_E01,1200080994,2024-12-20,2024-W51,1041.0,0.0,AVAILABLE,2.72
STR_E01,2840016014,2024-12-20,2024-W51,242.0,0.0,LOW,1.58
STR_E01,4900005010,2024-12-20,2024-W51,620.0,0.0,AVAILABLE,2.59
STR_E02,1200080994,2024-12-20,2024-W51,812.0,0.0,AVAILABLE,2.21
STR_E02,2840016014,2024-12-20,2024-W51,410.0,0.0,AVAILABLE,2.6
STR_E02,4900005010,2024-12-20,2024-W51,610.0,0.0,AVAILABLE,2.57
STR_W01,1200080994,2024-12-20,2024-W51,760.0,0.0,AVAILABLE,2.1
STR_W01,2840016014,2024-12-20,2024-W51,279.0,0.0,LOW,1.81
STR_W01,4900005010,2024-12-20,2024-W51,641.0,0.0,AVAILABLE,2.67
STR_E01,1200080994,2024-12-21,2024-W51,1011.0,0.0,AVAILABLE,2.63
STR_E01,2840016014,2024-12-21,2024-W51,222.0,0.0,LOW,1.44
STR_E01,4900005010,2024-12-21,2024-W51,598.0,0.0,AVAILABLE,2.49
STR_E02,1200080994,2024-12-21,2024-W51,777.0,0.0,AVAILABLE,2.09
STR_E02,2840016014,2024-12-21,2024-W51,390.0,0.0,AVAILABLE,2.45
STR_E02,4900005010,2024-12-21,2024-W51,590.0,0.0,AVAILABLE,2.48
STR_W01,1200080994,2024-12-21,2024-W51,733.0,0.0,AVAILABLE,2.02
STR_W01,2840016014,2024-12-21,2024-W51,265.0,0.0,LOW,1.72
STR_W01,4900005010,2024-12-21,2024-W51,622.0,0.0,AVAILABLE,2.61
STR_E01,1200080994,2024-12-22,2024-W51,988.0,0.0,AVAILABLE,2.58
STR_E01,2840016014,2024-12-22,2024-W51,205.0,0.0,LOW,1.32
STR_E01,4900005010,2024-12-22,2024-W51,579.0,0.0,AVAILABLE,2.42
STR_E02,1200080994,2024-12-22,2024-W51,749.0,0.0,AVAILABLE,2.02
STR_E02,2840016014,2024-12-22,2024-W51,372.0,0.0,AVAILABLE,2.33
STR_E02,4900005010,2024-12-22,2024-W51,567.0,0.0,AVAILABLE,2.38
STR_W01,1200080994,2024-12-22,2024-W51,710.0,0.0,LOW,1.95
STR_W01,2840016014,2024-12-22,2024-W51,248.0,0.0,LOW,1.61
STR_W01,4900005010,2024-12-22,2024-W51,599.0,0.0,AVAILABLE,2.5
STR_E01,1200080994,2024-12-23,2024-W52,895.0,0.0,AVAILABLE,2.37
STR_E01,2840016014,2024-12-23,2024-W52,170.0,0.0,LOW,1.1
STR_E01,4900005010,2024-12-23,2024-W52,423.0,0.0,LOW,1.6
STR_E02,1200080994,2024-12-23,2024-W52,662.0,0.0,LOW,1.8
STR_E02,2840016014,2024-12-23,2024-W52,339.0,0.0,AVAILABLE,2.1
STR_E02,4900005010,2024-12-23,2024-W52,415.0,0.0,LOW,1.58
STR_W01,1200080994,2024-12-23,2024-W52,619.0,0.0,LOW,1.69
STR_W01,2840016014,2024-12-23,2024-W52,212.0,0.0,LOW,1.37
STR_W01,4900005010,2024-12-23,2024-W52,403.0,0.0,LOW,1.48
STR_E01,1200080994,2024-12-24,2024-W52,800.0,0.0,AVAILABLE,2.13
STR_E01,2840016014,2024-12-24,2024-W52,135.0,295.0,LOW,0.87
STR_E01,4900005010,2024-12-24,2024-W52,267.0,368.0,LOW,0.93
STR_E02,1200080994,2024-12-24,2024-W52,542.0,440.0,LOW,1.44
STR_E02,2840016014,2024-12-24,2024-W52,298.0,0.0,LOW,1.86
STR_E02,4900005010,2024-12-24,2024-W52,230.0,372.0,LOW,0.79
STR_W01,1200080994,2024-12-24,2024-W52,517.0,482.0,LOW,1.43
STR_W01,2840016014,2024-12-24,2024-W52,182.0,252.0,LOW,1.2
STR_W01,4900005010,2024-12-24,2024-W52,246.0,412.0,LOW,0.83
STR_E01,1200080994,2024-12-25,2024-W52,705.0,0.0,LOW,1.89
STR_E01,2840016014,2024-12-25,2024-W52,393.0,0.0,AVAILABLE,2.5
STR_E01,4900005010,2024-12-25,2024-W52,436.0,0.0,LOW,1.36
STR_E02,1200080994,2024-12-25,2024-W52,891.0,0.0,AVAILABLE,2.37
STR_E02,2840016014,2024-12-25,2024-W52,257.0,0.0,LOW,1.59
STR_E02,4900005010,2024-12-25,2024-W52,466.0,0.0,LOW,1.5
STR_W01,1200080994,2024-12-25,2024-W52,877.0,0.0,AVAILABLE,2.4
STR_W01,2840016014,2024-12-25,2024-W52,403.0,0.0,AVAILABLE,2.7
STR_W01,4900005010,2024-12-25,2024-W52,329.0,130.0,LOW,0.99
STR_E01,1200080994,2024-12-26,2024-W52,593.0,0.0,LOW,1.62
STR_E01,2840016014,2024-12-26,2024-W52,363.0,0.0,AVAILABLE,2.3
STR_E01,4900005010,2024-12-26,2024-W52,256.0,0.0,LOW,0.73
STR_E02,1200080994,2024-12-26,2024-W52,781.0,0.0,AVAILABLE,2.07
STR_E02,2840016014,2024-12-26,2024-W52,217.0,0.0,LOW,1.35
STR_E02,4900005010,2024-12-26,2024-W52,291.0,0.0,LOW,0.85
STR_W01,1200080994,2024-12-26,2024-W52,763.0,0.0,AVAILABLE,2.06
STR_W01,2840016014,2024-12-26,2024-W52,358.0,0.0,AVAILABLE,2.36
STR_W01,4900005010,2024-12-26,2024-W52,100.0,130.0,LOW,0.27
STR_E01,1200080994,2024-12-27,2024-W52,474.0,0.0,LOW,1.26
STR_E01,2840016014,2024-12-27,2024-W52,325.0,0.0,AVAILABLE,2.04
STR_E01,4900005010,2024-12-27,2024-W52,80.0,0.0,LOW,0.21
STR_E02,1200080994,2024-12-27,2024-W52,669.0,0.0,LOW,1.76
STR_E02,2840016014,2024-12-27,2024-W52,176.0,0.0,LOW,1.08
STR_E02,4900005010,2024-12-27,2024-W52,119.0,0.0,LOW,0.33
STR_W01,1200080994,2024-12-27,2024-W52,670.0,0.0,LOW,1.81
STR_W01,2840016014,2024-12-27,2024-W52,318.0,0.0,AVAILABLE,2.08
STR_W01,4900005010,2024-12-27,2024-W52,39.0,0.0,LOW,0.1
STR_E01,1200080994,2024-12-28,2024-W52,359.0,0.0,LOW,0.95
STR_E01,2840016014,2024-12-28,2024-W52,274.0,0.0,LOW,1.69
STR_E01,4900005010,2024-12-28,2024-W52,0.0,0.0,ZERO,0.0
STR_E02,1200080994,2024-12-28,2024-W52,562.0,0.0,LOW,1.46
STR_E02,2840016014,2024-12-28,2024-W52,136.0,0.0,LOW,0.83
STR_E02,4900005010,2024-12-28,2024-W52,0.0,0.0,ZERO,0.0
STR_W01,1200080994,2024-12-28,2024-W52,586.0,0.0,LOW,1.6
STR_W01,2840016014,2024-12-28,2024-W52,276.0,0.0,LOW,1.77
STR_W01,4900005010,2024-12-28,2024-W52,0.0,0.0,ZERO,0.0
STR_E01,1200080994,2024-12-29,2024-W52,248.0,0.0,LOW,0.66
STR_E01,2840016014,2024-12-29,2024-W52,243.0,0.0,LOW,1.49
STR_E01,4900005010,2024-12-29,2024-W52,0.0,0.0,ZERO,0.0
STR_E02,1200080994,2024-12-29,2024-W52,431.0,0.0,LOW,1.11
STR_E02,2840016014,2024-12-29,2024-W52,106.0,0.0,LOW,0.65
STR_E02,4900005010,2024-12-29,2024-W52,0.0,0.0,ZERO,0.0
STR_W01,1200080994,2024-12-29,2024-W52,458.0,0.0,LOW,1.22
STR_W01,2840016014,2024-12-29,2024-W52,230.0,0.0,LOW,1.45
STR_W01,4900005010,2024-12-29,2024-W52,0.0,0.0,ZERO,0.0
STR_E01,1200080994,2024-12-30,2025-W01,174.0,0.0,LOW,0.47
STR_E01,2840016014,2024-12-30,2025-W01,220.0,0.0,LOW,1.36
STR_E01,4900005010,2024-12-30,2025-W01,0.0,0.0,ZERO,0.0
STR_E02,1200080994,2024-12-30,2025-W01,370.0,0.0,LOW,0.98
STR_E02,2840016014,2024-12-30,2025-W01,82.0,0.0,LOW,0.51
STR_E02,4900005010,2024-12-30,2025-W01,0.0,0.0,ZERO,0.0
STR_W01,1200080994,2024-12-30,2025-W01,397.0,0.0,LOW,1.1
STR_W01,2840016014,2024-12-30,2025-W01,209.0,0.0,LOW,1.35
STR_W01,4900005010,2024-12-30,2025-W01,0.0,0.0,ZERO,0.0
STR_E01,1200080994,2024-12-31,2025-W01,122.0,938.0,LOW,0.34
STR_E01,2840016014,2024-12-31,2025-W01,203.0,265.0,LOW,1.27
STR_E01,4900005010,2024-12-31,2025-W01,0.0,1364.0,ZERO,0.0
STR_E02,1200080994,2024-12-31,2025-W01,324.0,760.0,LOW,0.88
STR_E02,2840016014,2024-12-31,2025-W01,62.0,390.0,LOW,0.39
STR_E02,4900005010,2024-12-31,2025-W01,0.0,1266.0,ZERO,0.0
STR_W01,1200080994,2024-12-31,2025-W01,350.0,683.0,LOW,0.99
STR_W01,2840016014,2024-12-31,2025-W01,191.0,257.0,LOW,1.25
STR_W01,4900005010,2024-12-31,2025-W01,0.0,1360.0,ZERO,0.0
