store_id,item_id,date,week,demand_qty,sales_qty,lost_sales_qty,sales_amount
STR_E01,1200080994,2024-01-01,2024-W01,9.0,9.0,0.0,71.91
STR_E01,2840016014,2024-01-01,2024-W01,11.0,11.0,0.0,54.89
STR_E01,4900005010,2024-01-01,2024-W01,9.0,9.0,0.0,17.91
STR_E02,1200080994,2024-01-01,2024-W01,8.0,8.0,0.0,63.92
STR_E02,2840016014,2024-01-01,2024-W01,10.0,10.0,0.0,49.900000000000006
STR_E02,4900005010,2024-01-01,2024-W01,7.0,7.0,0.0,13.93
STR_W01,1200080994,2024-01-01,2024-W01,7.0,7.0,0.0,55.93
STR_W01,2840016014,2024-01-01,2024-W01,10.0,10.0,0.0,49.900000000000006
STR_W01,4900005010,2024-01-01,2024-W01,10.0,10.0,0.0,19.9
STR_E01,1200080994,2024-01-02,2024-W01,9.0,9.0,0.0,71.91
STR_E01,2840016014,2024-01-02,2024-W01,7.0,7.0,0.0,34.93
STR_E01,4900005010,2024-01-02,2024-W01,7.0,7.0,0.0,13.93
STR_E02,1200080994,2024-01-02,2024-W01,7.0,7.0,0.0,55.93
STR_E02,2840016014,2024-01-02,2024-W01,7.0,7.0,0.0,34.93
STR_E02,4900005010,2024-01-02,2024-W01,7.0,7.0,0.0,13.93
STR_W01,1200080994,2024-01-02,2024-W01,8.0,8.0,0.0,63.92
STR_W01,2840016014,2024-01-02,2024-W01,9.0,9.0,0.0,44.910000000000004
STR_W01,4900005010,2024-01-02,2024-W01,9.0,9.0,0.0,17.91
STR_E01,1200080994,2024-01-03,2024-W01,11.0,11.0,0.0,87.89
STR_E01,2840016014,2024-01-03,2024-W01,9.0,9.0,0.0,44.910000000000004
STR_E01,4900005010,2024-01-03,2024-W01,8.0,8.0,0.0,15.92
STR_E02,1200080994,2024-01-03,2024-W01,8.0,8.0,0.0,63.92
STR_E02,2840016014,2024-01-03,2024-W01,6.0,6.0,0.0,29.94
STR_E02,4900005010,2024-01-03,2024-W01,9.0,9.0,0.0,17.91
STR_W01,1200080994,2024-01-03,2024-W01,8.0,8.0,0.0,63.92
STR_W01,2840016014,2024-01-03,2024-W01,10.0,10.0,0.0,49.900000000000006
STR_W01,4900005010,2024-01-03,2024-W01,9.0,9.0,0.0,17.91
STR_E01,1200080994,2024-01-04,2024-W01,8.0,8.0,0.0,63.92
STR_E01,2840016014,2024-01-04,2024-W01,7.0,7.0,0.0,34.93
STR_E01,4900005010,2024-01-04,2024-W01,8.0,8.0,0.0,15.92
STR_E02,1200080994,2024-01-04,2024-W01,7.0,7.0,0.0,55.93
STR_E02,2840016014,2024-01-04,2024-W01,10.0,10.0,0.0,49.900000000000006
STR_E02,4900005010,2024-01-04,2024-W01,10.0,10.0,0.0,19.9
STR_W01,1200080994,2024-01-04,2024-W01,9.0,9.0,0.0,71.91
STR_W01,2840016014,2024-01-04,2024-W01,10.0,10.0,0.0,49.900000000000006
STR_W01,4900005010,2024-01-04,2024-W01,8.0,8.0,0.0,15.92
STR_E01,1200080994,2024-01-05,2024-W01,8.0,8.0,0.0,63.92
STR_E01,2840016014,2024-01-05,2024-W01,8.0,8.0,0.0,39.92
STR_E01,4900005010,2024-01-05,2024-W01,8.0,8.0,0.0,15.92
STR_E02,1200080994,2024-01-05,2024-W01,8.0,8.0,0.0,63.92
STR_E02,2840016014,2024-01-05,2024-W01,7.0,7.0,0.0,34.93
STR_E02,4900005010,2024-01-05,2024-W01,9.0,9.0,0.0,17.91
STR_W01,1200080994,2024-01-05,2024-W01,9.0,9.0,0.0,71.91
STR_W01,2840016014,2024-01-05,2024-W01,6.0,6.0,0.0,29.94
STR_W01,4900005010,2024-01-05,2024-W01,6.0,6.0,0.0,11.94
STR_E01,1200080994,2024-01-06,2024-W01,8.0,8.0,0.0,63.92
STR_E01,2840016014,2024-01-06,2024-W01,8.0,8.0,0.0,39.92
STR_E01,4900005010,2024-01-06,2024-W01,10.0,10.0,0.0,19.9
STR_E02,1200080994,2024-01-06,2024-W01,7.0,7.0,0.0,55.93
STR_E02,2840016014,2024-01-06,2024-W01,6.0,6.0,0.0,29.94
STR_E02,4900005010,2024-01-06,2024-W01,9.0,9.0,0.0,17.91
STR_W01,1200080994,2024-01-06,2024-W01,8.0,8.0,0.0,63.92
STR_W01,2840016014,2024-01-06,2024-W01,8.0,8.0,0.0,39.92
STR_W01,4900005010,2024-01-06,2024-W01,8.0,8.0,0.0,15.92
STR_E01,1200080994,2024-01-07,2024-W01,8.0,8.0,0.0,63.92
STR_E01,2840016014,2024-01-07,2024-W01,9.0,9.0,0.0,44.910000000000004
STR_E01,4900005010,2024-01-07,2024-W01,8.0,8.0,0.0,15.92
STR_E02,1200080994,2024-01-07,2024-W01,9.0,9.0,0.0,71.91
STR_E02,2840016014,2024-01-07,2024-W01,11.0,11.0,0.0,54.89
STR_E02,4900005010,2024-01-07,2024-W01,10.0,10.0,0.0,19.9
STR_W01,1200080994,2024-01-07,2024-W01,9.0,9.0,0.0,71.91
STR_W01,2840016014,2024-01-07,2024-W01,9.0,9.0,0.0,44.910000000000004
STR_W01,4900005010,2024-01-07,2024-W01,8.0,8.0,0.0,15.92
STR_E01,1200080994,2024-01-08,2024-W02,9.0,9.0,0.0,71.91
STR_E01,2840016014,2024-01-08,2024-W02,9.0,9.0,0.0,44.910000000000004
STR_E01,4900005010,2024-01-08,2024-W02,5.0,5.0,0.0,9.95
STR_E02,1200080994,2024-01-08,2024-W02,11.0,11.0,0.0,87.89
STR_E02,2840016014,2024-01-08,2024-W02,11.0,11.0,0.0,54.89
STR_E02,4900005010,2024-01-08,2024-W02,8.0,8.0,0.0,15.92
STR_W01,1200080994,2024-01-08,2024-W02,7.0,7.0,0.0,55.93
STR_W01,2840016014,2024-01-08,2024-W02,8.0,8.0,0.0,39.92
STR_W01,4900005010,2024-01-08,2024-W02,10.0,10.0,0.0,19.9
STR_E01,1200080994,2024-01-09,2024-W02,9.0,9.0,0.0,71.91
STR_E01,2840016014,2024-01-09,2024-W02,12.0,12.0,0.0,59.88
STR_E01,4900005010,2024-01-09,2024-W02,6.0,6.0,0.0,11.94
STR_E02,1200080994,2024-01-09,2024-W02,9.0,9.0,0.0,71.91
STR_E02,2840016014,2024-01-09,2024-W02,12.0,12.0,0.0,59.88
STR_E02,4900005010,2024-01-09,2024-W02,7.0,7.0,0.0,13.93
STR_W01,1200080994,2024-01-09,2024-W02,7.0,7.0,0.0,55.93
STR_W01,2840016014,2024-01-09,2024-W02,8.0,8.0,0.0,39.92
STR_W01,4900005010,2024-01-09,2024-W02,9.0,9.0,0.0,17.91
STR_E01,1200080994,2024-01-10,2024-W02,8.0,8.0,0.0,63.92
STR_E01,2840016014,2024-01-10,2024-W02,8.0,8.0,0.0,39.92
STR_E01,4900005010,2024-01-10,2024-W02,10.0,10.0,0.0,19.9
STR_E02,1200080994,2024-01-10,2024-W02,6.0,6.0,0.0,47.94
STR_E02,2840016014,2024-01-10,2024-W02,8.0,8.0,0.0,39.92
STR_E02,4900005010,2024-01-10,2024-W02,7.0,7.0,0.0,13.93
STR_W01,1200080994,2024-01-10,2024-W02,8.0,8.0,0.0,63.92
STR_W01,2840016014,2024-01-10,2024-W02,9.0,9.0,0.0,44.910000000000004
STR_W01,4900005010,2024-01-10,2024-W02,11.0,11.0,0.0,21.89
STR_E01,1200080994,2024-01-11,2024-W02,8.0,8.0,0.0,63.92
STR_E01,2840016014,2024-01-11,2024-W02,9.0,9.0,0.0,44.910000000000004
STR_E01,4900005010,2024-01-11,2024-W02,9.0,9.0,0.0,17.91
STR_E02,1200080994,2024-01-11,2024-W02,7.0,7.0,0.0,55.93
STR_E02,2840016014,2024-01-11,2024-W02,11.0,11.0,0.0,54.89
STR_E02,4900005010,2024-01-11,2024-W02,8.0,8.0,0.0,15.92
STR_W01,1200080994,2024-01-11,2024-W02,8.0,8.0,0.0,63.92
STR_W01,2840016014,2024-01-11,2024-W02,9.0,9.0,0.0,44.910000000000004
STR_W01,4900005010,2024-01-11,2024-W02,10.0,10.0,0.0,19.9
STR_E01,1200080994,2024-01-12,2024-W02,9.0,9.0,0.0,71.91
STR_E01,2840016014,2024-01-12,2024-W02,9.0,9.0,0.0,44.910000000000004
STR_E01,4900005010,2024-01-12,2024-W02,8.0,8.0,0.0,15.92
STR_E02,1200080994,2024-01-12,2024-W02,11.0,11.0,0.0,87.89
STR_E02,2840016014,2024-01-12,2024-W02,10.0,10.0,0.0,49.900000000000006
STR_E02,4900005010,2024-01-12,2024-W02,8.0,8.0,0.0,15.92
STR_W01,1200080994,2024-01-12,2024-W02,9.0,9.0,0.0,71.91
STR_W01,2840016014,2024-01-12,2024-W02,10.0,10.0,0.0,49.900000000000006
STR_W01,4900005010,2024-01-12,2024-W02,9.0,9.0,0.0,17.91
STR_E01,1200080994,2024-01-13,2024-W02,7.0,7.0,0.0,55.93
STR_E01,2840016014,2024-01-13,2024-W02,9.0,9.0,0.0,44.910000000000004
STR_E01,4900005010,2024-01-13,2024-W02,8.0,8.0,0.0,15.92
STR_E02,1200080994,2024-01-13,2024-W02,10.0,10.0,0.0,79.9
STR_E02,2840016014,2024-01-13,2024-W02,7.0,7.0,0.0,34.93
STR_E02,4900005010,2024-01-13,2024-W02,13.0,13.0,0.0,25.87
STR_W01,1200080994,2024-01-13,2024-W02,9.0,9.0,0.0,71.91
STR_W01,2840016014,2024-01-13,2024-W02,8.0,8.0,0.0,39.92
STR_W01,4900005010,2024-01-13,2024-W02,8.0,8.0,0.0,15.92
STR_E01,1200080994,2024-01-14,2024-W02,10.0,10.0,0.0,79.9
STR_E01,2840016014,2024-01-14,2024-W02,10.0,10.0,0.0,49.900000000000006
STR_E01,4900005010,2024-01-14,2024-W02,12.0,12.0,0.0,23.88
STR_E02,1200080994,2024-01-14,2024-W02,9.0,9.0,0.0,71.91
STR_E02,2840016014,2024-01-14,2024-W02,9.0,9.0,0.0,44.910000000000004
STR_E02,4900005010,2024-01-14,2024-W02,7.0,7.0,0.0,13.93
STR_W01,1200080994,2024-01-14,2024-W02,10.0,10.0,0.0,79.9
STR_W01,2840016014,2024-01-14,2024-W02,8.0,8.0,0.0,39.92
STR_W01,4900005010,2024-01-14,2024-W02,8.0,8.0,0.0,15.92
STR_E01,1200080994,2024-01-15,2024-W03,7.0,7.0,0.0,55.93
STR_E01,2840016014,2024-01-15,2024-W03,10.0,10.0,0.0,49.900000000000006
STR_E01,4900005010,2024-01-15,2024-W03,7.0,7.0,0.0,13.93
STR_E02,1200080994,2024-01-15,2024-W03,8.0,8.0,0.0,63.92
STR_E02,2840016014,2024-01-15,2024-W03,8.0,8.0,0.0,39.92
STR_E02,4900005010,2024-01-15,2024-W03,8.0,8.0,0.0,15.92
STR_W01,1200080994,2024-01-15,2024-W03,9.0,9.0,0.0,71.91
STR_W01,2840016014,2024-01-15,2024-W03,8.0,8.0,0.0,39.92
STR_W01,4900005010,2024-01-15,2024-W03,10.0,10.0,0.0,19.9
STR_E01,1200080994,2024-01-16,2024-W03,9.0,9.0,0.0,71.91
STR_E01,2840016014,2024-01-16,2024-W03,9.0,9.0,0.0,44.910000000000004
STR_E01,4900005010,2024-01-16,2024-W03,9.0,9.0,0.0,17.91
STR_E02,1200080994,2024-01-16,2024-W03,9.0,9.0,0.0,71.91
STR_E02,2840016014,2024-01-16,2024-W03,10.0,10.0,0.0,49.900000000000006
STR_E02,4900005010,2024-01-16,2024-W03,12.0,12.0,0.0,23.88
STR_W01,1200080994,2024-01-16,2024-W03,9.0,9.0,0.0,71.91
STR_W01,2840016014,2024-01-16,2024-W03,9.0,9.0,0.0,44.910000000000004
STR_W01,4900005010,2024-01-16,2024-W03,12.0,12.0,0.0,23.88
STR_E01,1200080994,2024-01-17,2024-W03,8.0,8.0,0.0,63.92
STR_E01,2840016014,2024-01-17,2024-W03,8.0,8.0,0.0,39.92
STR_E01,4900005010,2024-01-17,2024-W03,11.0,11.0,0.0,21.89
STR_E02,1200080994,2024-01-17,2024-W03,12.0,12.0,0.0,95.88
STR_E02,2840016014,2024-01-17,2024-W03,8.0,8.0,0.0,39.92
STR_E02,4900005010,2024-01-17,2024-W03,8.0,8.0,0.0,15.92
STR_W01,1200080994,2024-01-17,2024-W03,9.0,9.0,0.0,71.91
STR_W01,2840016014,2024-01-17,2024-W03,10.0,10.0,0.0,49.900000000000006
STR_W01,4900005010,2024-01-17,2024-W03,8.0,8.0,0.0,15.92
STR_E01,1200080994,2024-01-18,2024-W03,7.0,7.0,0.0,55.93
STR_E01,2840016014,2024-01-18,2024-W03,7.0,7.0,0.0,34.93
STR_E01,4900005010,2024-01-18,2024-W03,9.0,9.0,0.0,17.91
STR_E02,1200080994,2024-01-18,2024-W03,8.0,8.0,0.0,63.92
STR_E02,2840016014,2024-01-18,2024-W03,11.0,11.0,0.0,54.89
STR_E02,4900005010,2024-01-18,2024-W03,9.0,9.0,0.0,17.91
STR_W01,1200080994,2024-01-18,2024-W03,11.0,11.0,0.0,87.89
STR_W01,2840016014,2024-01-18,2024-W03,8.0,8.0,0.0,39.92
STR_W01,4900005010,2024-01-18,2024-W03,7.0,7.0,0.0,13.93
STR_E01,1200080994,2024-01-19,2024-W03,7.0,7.0,0.0,55.93
STR_E01,2840016014,2024-01-19,2024-W03,10.0,10.0,0.0,49.900000000000006
STR_E01,4900005010,2024-01-19,2024-W03,11.0,11.0,0.0,21.89
STR_E02,1200080994,2024-01-19,2024-W03,7.0,7.0,0.0,55.93
STR_E02,2840016014,2024-01-19,2024-W03,9.0,9.0,0.0,44.910000000000004
STR_E02,4900005010,2024-01-19,2024-W03,10.0,10.0,0.0,19.9
STR_W01,1200080994,2024-01-19,2024-W03,8.0,8.0,0.0,63.92
STR_W01,2840016014,2024-01-19,2024-W03,7.0,7.0,0.0,34.93
STR_W01,4900005010,2024-01-19,2024-W03,10.0,10.0,0.0,19.9
STR_E01,1200080994,2024-01-20,2024-W03,8.0,8.0,0.0,63.92
STR_E01,2840016014,2024-01-20,2024-W03,11.0,11.0,0.0,54.89
STR_E01,4900005010,2024-01-20,2024-W03,8.0,8.0,0.0,15.92
STR_E02,1200080994,2024-01-20,2024-W03,11.0,11.0,0.0,87.89
STR_E02,2840016014,2024-01-20,2024-W03,11.0,11.0,0.0,54.89
STR_E02,4900005010,2024-01-20,2024-W03,8.0,8.0,0.0,15.92
STR_W01,1200080994,2024-01-20,2024-W03,7.0,7.0,0.0,55.93
STR_W01,2840016014,2024-01-20,2024-W03,9.0,9.0,0.0,44.910000000000004
STR_W01,4900005010,2024-01-20,2024-W03,9.0,9.0,0.0,17.91
STR_E01,1200080994,2024-01-21,2024-W03,7.0,7.0,0.0,55.93
STR_E01,2840016014,2024-01-21,2024-W03,9.0,9.0,0.0,44.910000000000004
STR_E01,4900005010,2024-01-21,2024-W03,8.0,8.0,0.0,15.92
STR_E02,1200080994,2024-01-21,2024-W03,9.0,9.0,0.0,71.91
STR_E02,2840016014,2024-01-21,2024-W03,9.0,9.0,0.0,44.910000000000004
STR_E02,4900005010,2024-01-21,2024-W03,8.0,8.0,0.0,15.92
STR_W01,1200080994,2024-01-21,2024-W03,10.0,10.0,0.0,79.9
STR_W01,2840016014,2024-01-21,2024-W03,10.0,10.0,0.0,49.900000000000006
STR_W01,4900005010,2024-01-21,2024-W03,8.0,8.0,0.0,15.92
STR_E01,1200080994,2024-01-22,2024-W04,9.0,9.0,0.0,71.91
STR_E01,2840016014,2024-01-22,2024-W04,10.0,10.0,0.0,49.900000000000006
STR_E01,4900005010,2024-01-22,2024-W04,11.0,11.0,0.0,21.89
STR_E02,1200080994,2024-01-22,2024-W04,9.0,9.0,0.0,71.91
STR_E02,2840016014,2024-01-22,2024-W04,8.0,8.0,0.0,39.92
STR_E02,4900005010,2024-01-22,2024-W04,9.0,9.0,0.0,17.91
STR_W01,1200080994,2024-01-22,2024-W04,7.0,7.0,0.0,55.93
STR_W01,2840016014,2024-01-22,2024-W04,12.0,12.0,0.0,59.88
STR_W01,4900005010,2024-01-22,2024-W04,10.0,10.0,0.0,19.9
STR_E01,1200080994,2024-01-23,2024-W04,8.0,8.0,0.0,63.92
STR_E01,2840016014,2024-01-23,2024-W04,8.0,8.0,0.0,39.92
STR_E01,4900005010,2024-01-23,2024-W04,8.0,8.0,0.0,15.92
STR_E02,1200080994,2024-01-23,2024-W04,10.0,10.0,0.0,79.9
STR_E02,2840016014,2024-01-23,2024-W04,7.0,7.0,0.0,34.93
STR_E02,4900005010,2024-01-23,2024-W04,9.0,9.0,0.0,17.91
STR_W01,1200080994,2024-01-23,2024-W04,9.0,9.0,0.0,71.91
STR_W01,2840016014,2024-01-23,2024-W04,8.0,8.0,0.0,39.92
STR_W01,4900005010,2024-01-23,2024-W04,9.0,9.0,0.0,17.91
STR_E01,1200080994,2024-01-24,2024-W04,7.0,7.0,0.0,55.93
STR_E01,2840016014,2024-01-24,2024-W04,8.0,8.0,0.0,39.92
STR_E01,4900005010,2024-01-24,2024-W04,9.0,9.0,0.0,17.91
STR_E02,1200080994,2024-01-24,2024-W04,11.0,11.0,0.0,87.89
STR_E02,2840016014,2024-01-24,2024-W04,7.0,7.0,0.0,34.93
STR_E02,4900005010,2024-01-24,2024-W04,7.0,7.0,0.0,13.93
STR_W01,1200080994,2024-01-24,2024-W04,8.0,8.0,0.0,63.92
STR_W01,2840016014,2024-01-24,2024-W04,12.0,12.0,0.0,59.88
STR_W01,4900005010,2024-01-24,2024-W04,9.0,9.0,0.0,17.91
STR_E01,1200080994,2024-01-25,2024-W04,9.0,9.0,0.0,71.91
STR_E01,2840016014,2024-01-25,2024-W04,8.0,8.0,0.0,39.92
STR_E01,4900005010,2024-01-25,2024-W04,8.0,8.0,0.0,15.92
STR_E02,1200080994,2024-01-25,2024-W04,8.0,8.0,0.0,63.92
STR_E02,2840016014,2024-01-25,2024-W04,8.0,8.0,0.0,39.92
STR_E02,4900005010,2024-01-25,2024-W04,10.0,10.0,0.0,19.9
STR_W01,1200080994,2024-01-25,2024-W04,11.0,11.0,0.0,87.89
STR_W01,2840016014,2024-01-25,2024-W04,9.0,9.0,0.0,44.910000000000004
STR_W01,4900005010,2024-01-25,2024-W04,7.0,7.0,0.0,13.93
STR_E01,1200080994,2024-01-26,2024-W04,8.0,8.0,0.0,63.92
STR_E01,2840016014,2024-01-26,2024-W04,9.0,9.0,0.0,44.910000000000004
STR_E01,4900005010,2024-01-26,2024-W04,10.0,10.0,0.0,19.9
STR_E02,1200080994,2024-01-26,2024-W04,10.0,10.0,0.0,79.9
STR_E02,2840016014,2024-01-26,2024-W04,7.0,7.0,0.0,34.93
STR_E02,4900005010,2024-01-26,2024-W04,7.0,7.0,0.0,13.93
STR_W01,1200080994,2024-01-26,2024-W04,9.0,9.0,0.0,71.91
STR_W01,2840016014,2024-01-26,2024-W04,8.0,8.0,0.0,39.92
STR_W01,4900005010,2024-01-26,2024-W04,9.0,9.0,0.0,17.91
STR_E01,1200080994,2024-01-27,2024-W04,11.0,11.0,0.0,87.89
STR_E01,2840016014,2024-01-27,2024-W04,10.0,10.0,0.0,49.900000000000006
STR_E01,4900005010,2024-01-27,2024-W04,9.0,9.0,0.0,17.91
STR_E02,1200080994,2024-01-27,2024-W04,8.0,8.0,0.0,63.92
STR_E02,2840016014,2024-01-27,2024-W04,8.0,8.0,0.0,39.92
STR_E02,4900005010,2024-01-27,2024-W04,9.0,9.0,0.0,17.91
STR_W01,1200080994,2024-01-27,2024-W04,11.0,11.0,0.0,87.89
STR_W01,2840016014,2024-01-27,2024-W04,9.0,9.0,0.0,44.910000000000004
STR_W01,4900005010,2024-01-27,2024-W04,8.0,8.0,0.0,15.92
STR_E01,1200080994,2024-01-28,2024-W04,38.0,38.0,0.0,303.62
STR_E01,2840016014,2024-01-28,2024-W04,24.0,24.0,0.0,119.76
STR_E01,4900005010,2024-01-28,2024-W04,23.0,23.0,0.0,45.77
STR_E02,1200080994,2024-01-28,2024-W04,39.0,39.0,0.0,311.61
STR_E02,2840016014,2024-01-28,2024-W04,18.0,18.0,0.0,89.82000000000001
STR_E02,4900005010,2024-01-28,2024-W04,33.0,33.0,0.0,65.67
STR_W01,1200080994,2024-01-28,2024-W04,39.0,39.0,0.0,311.61
STR_W01,2840016014,2024-01-28,2024-W04,21.0,21.0,0.0,104.79
STR_W01,4900005010,2024-01-28,2024-W04,32.0,32.0,0.0,63.68
STR_E01,1200080994,2024-01-29,2024-W05,35.0,35.0,0.0,279.65000000000003
STR_E01,2840016014,2024-01-29,2024-W05,15.0,15.0,0.0,74.85000000000001
STR_E01,4900005010,2024-01-29,2024-W05,28.0,28.0,0.0,55.72
STR_E02,1200080994,2024-01-29,2024-W05,33.0,33.0,0.0,263.67
STR_E02,2840016014,2024-01-29,2024-W05,24.0,24.0,0.0,119.76
STR_E02,4900005010,2024-01-29,2024-W05,33.0,33.0,0.0,65.67
STR_W01,1200080994,2024-01-29,2024-W05,34.0,34.0,0.0,271.66
STR_W01,2840016014,2024-01-29,2024-W05,18.0,18.0,0.0,89.82000000000001
STR_W01,4900005010,2024-01-29,2024-W05,27.0,27.0,0.0,53.73
STR_E01,1200080994,2024-01-30,2024-W05,35.0,8.0,27.0,63.92
STR_E01,2840016014,2024-01-30,2024-W05,25.0,25.0,0.0,124.75
STR_E01,4900005010,2024-01-30,2024-W05,27.0,27.0,0.0,53.73
STR_E02,1200080994,2024-01-30,2024-W05,39.0,39.0,0.0,311.61
STR_E02,2840016014,2024-01-30,2024-W05,21.0,21.0,0.0,104.79
STR_E02,4900005010,2024-01-30,2024-W05,31.0,31.0,0.0,61.69
STR_W01,1200080994,2024-01-30,2024-W05,33.0,33.0,0.0,263.67
STR_W01,2840016014,2024-01-30,2024-W05,19.0,19.0,0.0,94.81
STR_W01,4900005010,2024-01-30,2024-W05,29.0,29.0,0.0,57.71
STR_E01,1200080994,2024-01-31,2024-W05,30.0,30.0,0.0,239.70000000000002
STR_E01,2840016014,2024-01-31,2024-W05,20.0,20.0,0.0,99.80000000000001
STR_E01,4900005010,2024-01-31,2024-W05,25.0,25.0,0.0,49.75
STR_E02,1200080994,2024-01-31,2024-W05,33.0,33.0,0.0,263.67
STR_E02,2840016014,2024-01-31,2024-W05,21.0,21.0,0.0,104.79
STR_E02,4900005010,2024-01-31,2024-W05,30.0,30.0,0.0,59.7
STR_W01,1200080994,2024-01-31,2024-W05,32.0,32.0,0.0,255.68
STR_W01,2840016014,2024-01-31,2024-W05,20.0,20.0,0.0,99.80000000000001
STR_W01,4900005010,2024-01-31,2024-W05,26.0,26.0,0.0,51.74
STR_E01,1200080994,2024-02-01,2024-W05,30.0,30.0,0.0,239.70000000000002
STR_E01,2840016014,2024-02-01,2024-W05,19.0,19.0,0.0,94.81
STR_E01,4900005010,2024-02-01,2024-W05,32.0,32.0,0.0,63.68
STR_E02,1200080994,2024-02-01,2024-W05,41.0,41.0,0.0,327.59000000000003
STR_E02,2840016014,2024-02-01,2024-W05,22.0,22.0,0.0,109.78
STR_E02,4900005010,2024-02-01,2024-W05,25.0,25.0,0.0,49.75
STR_W01,1200080994,2024-02-01,2024-W05,41.0,41.0,0.0,327.59000000000003
STR_W01,2840016014,2024-02-01,2024-W05,16.0,16.0,0.0,79.84
STR_W01,4900005010,2024-02-01,2024-W05,34.0,34.0,0.0,67.66
STR_E01,1200080994,2024-02-02,2024-W05,37.0,37.0,0.0,295.63
STR_E01,2840016014,2024-02-02,2024-W05,27.0,27.0,0.0,134.73000000000002
STR_E01,4900005010,2024-02-02,2024-W05,31.0,31.0,0.0,61.69
STR_E02,1200080994,2024-02-02,2024-W05,38.0,38.0,0.0,303.62
STR_E02,2840016014,2024-02-02,2024-W05,21.0,21.0,0.0,104.79
STR_E02,4900005010,2024-02-02,2024-W05,25.0,25.0,0.0,49.75
STR_W01,1200080994,2024-02-02,2024-W05,32.0,32.0,0.0,255.68
STR_W01,2840016014,2024-02-02,2024-W05,25.0,25.0,0.0,124.75
STR_W01,4900005010,2024-02-02,2024-W05,36.0,36.0,0.0,71.64
STR_E01,1200080994,2024-02-03,2024-W05,30.0,30.0,0.0,239.70000000000002
STR_E01,2840016014,2024-02-03,2024-W05,21.0,21.0,0.0,104.79
STR_E01,4900005010,2024-02-03,2024-W05,28.0,28.0,0.0,55.72
STR_E02,1200080994,2024-02-03,2024-W05,39.0,39.0,0.0,311.61
STR_E02,2840016014,2024-02-03,2024-W05,23.0,23.0,0.0,114.77000000000001
STR_E02,4900005010,2024-02-03,2024-W05,34.0,34.0,0.0,67.66
STR_W01,1200080994,2024-02-03,2024-W05,32.0,32.0,0.0,255.68
STR_W01,2840016014,2024-02-03,2024-W05,18.0,18.0,0.0,89.82000000000001
STR_W01,4900005010,2024-02-03,2024-W05,30.0,30.0,0.0,59.7
STR_E01,1200080994,2024-02-04,2024-W05,28.0,28.0,0.0,223.72
STR_E01,2840016014,2024-02-04,2024-W05,22.0,22.0,0.0,109.78
STR_E01,4900005010,2024-02-04,2024-W05,24.0,24.0,0.0,47.76
STR_E02,1200080994,2024-02-04,2024-W05,29.0,29.0,0.0,231.71
STR_E02,2840016014,2024-02-04,2024-W05,19.0,19.0,0.0,94.81
STR_E02,4900005010,2024-02-04,2024-W05,25.0,25.0,0.0,49.75
STR_W01,1200080994,2024-02-04,2024-W05,28.0,28.0,0.0,223.72
STR_W01,2840016014,2024-02-04,2024-W05,20.0,20.0,0.0,99.80000000000001
STR_W01,4900005010,2024-02-04,2024-W05,25.0,25.0,0.0,49.75
STR_E01,1200080994,2024-02-05,2024-W06,27.0,27.0,0.0,215.73000000000002
STR_E01,2840016014,2024-02-05,2024-W06,12.0,12.0,0.0,59.88
STR_E01,4900005010,2024-02-05,2024-W06,17.0,17.0,0.0,33.83
STR_E02,1200080994,2024-02-05,2024-W06,31.0,7.0,24.0,55.93
STR_E02,2840016014,2024-02-05,2024-W06,16.0,16.0,0.0,79.84
STR_E02,4900005010,2024-02-05,2024-W06,20.0,20.0,0.0,39.8
STR_W01,1200080994,2024-02-05,2024-W06,24.0,24.0,0.0,191.76
STR_W01,2840016014,2024-02-05,2024-W06,18.0,18.0,0.0,89.82000000000001
STR_W01,4900005010,2024-02-05,2024-W06,19.0,19.0,0.0,37.81
STR_E01,1200080994,2024-02-06,2024-W06,18.0,18.0,0.0,143.82
STR_E01,2840016014,2024-02-06,2024-W06,12.0,12.0,0.0,59.88
STR_E01,4900005010,2024-02-06,2024-W06,23.0,23.0,0.0,45.77
STR_E02,1200080994,2024-02-06,2024-W06,20.0,0.0,20.0,0.0
STR_E02,2840016014,2024-02-06,2024-W06,10.0,10.0,0.0,49.900000000000006
STR_E02,4900005010,2024-02-06,2024-W06,21.0,21.0,0.0,41.79
STR_W01,1200080994,2024-02-06,2024-W06,23.0,3.0,20.0,23.97
STR_W01,2840016014,2024-02-06,2024-W06,11.0,11.0,0.0,54.89
STR_W01,4900005010,2024-02-06,2024-W06,22.0,17.0,5.0,33.83
STR_E01,1200080994,2024-02-07,2024-W06,17.0,10.0,7.0,79.9
STR_E01,2840016014,2024-02-07,2024-W06,12.0,12.0,0.0,59.88
STR_E01,4900005010,2024-02-07,2024-W06,13.0,0.0,13.0,0.0
STR_E02,1200080994,2024-02-07,2024-W06,16.0,16.0,0.0,127.84
STR_E02,2840016014,2024-02-07,2024-W06,8.0,8.0,0.0,39.92
STR_E02,4900005010,2024-02-07,2024-W06,11.0,11.0,0.0,21.89
STR_W01,1200080994,2024-02-07,2024-W06,17.0,17.0,0.0,135.83
STR_W01,2840016014,2024-02-07,2024-W06,7.0,7.0,0.0,34.93
STR_W01,4900005010,2024-02-07,2024-W06,17.0,17.0,0.0,33.83
STR_E01,1200080994,2024-02-08,2024-W06,12.0,12.0,0.0,95.88
STR_E01,2840016014,2024-02-08,2024-W06,8.0,8.0,0.0,39.92
STR_E01,4900005010,2024-02-08,2024-W06,7.0,0.0,7.0,0.0
STR_E02,1200080994,2024-02-08,2024-W06,11.0,11.0,0.0,87.89
STR_E02,2840016014,2024-02-08,2024-W06,10.0,10.0,0.0,49.900000000000006
STR_E02,4900005010,2024-02-08,2024-W06,9.0,9.0,0.0,17.91
STR_W01,1200080994,2024-02-08,2024-W06,12.0,12.0,0.0,95.88
STR_W01,2840016014,2024-02-08,2024-W06,7.0,7.0,0.0,34.93
STR_W01,4900005010,2024-02-08,2024-W06,10.0,10.0,0.0,19.9
STR_E01,1200080994,2024-02-09,2024-W06,10.0,10.0,0.0,79.9
STR_E01,2840016014,2024-02-09,2024-W06,11.0,11.0,0.0,54.89
STR_E01,4900005010,2024-02-09,2024-W06,10.0,10.0,0.0,19.9
STR_E02,1200080994,2024-02-09,2024-W06,8.0,8.0,0.0,63.92
STR_E02,2840016014,2024-02-09,2024-W06,11.0,11.0,0.0,54.89
STR_E02,4900005010,2024-02-09,2024-W06,9.0,9.0,0.0,17.91
STR_W01,1200080994,2024-02-09,2024-W06,9.0,9.0,0.0,71.91
STR_W01,2840016014,2024-02-09,2024-W06,7.0,7.0,0.0,34.93
STR_W01,4900005010,2024-02-09,2024-W06,11.0,11.0,0.0,21.89
STR_E01,1200080994,2024-02-10,2024-W06,11.0,11.0,0.0,87.89
STR_E01,2840016014,2024-02-10,2024-W06,10.0,10.0,0.0,49.900000000000006
STR_E01,4900005010,2024-02-10,2024-W06,7.0,7.0,0.0,13.93
STR_E02,1200080994,2024-02-10,2024-W06,8.0,8.0,0.0,63.92
STR_E02,2840016014,2024-02-10,2024-W06,9.0,9.0,0.0,44.910000000000004
STR_E02,4900005010,2024-02-10,2024-W06,9.0,9.0,0.0,17.91
STR_W01,1200080994,2024-02-10,2024-W06,11.0,11.0,0.0,87.89
STR_W01,2840016014,2024-02-10,2024-W06,7.0,7.0,0.0,34.93
STR_W01,4900005010,2024-02-10,2024-W06,8.0,8.0,0.0,15.92
STR_E01,1200080994,2024-02-11,2024-W06,7.0,7.0,0.0,55.93
STR_E01,2840016014,2024-02-11,2024-W06,9.0,9.0,0.0,44.910000000000004
STR_E01,4900005010,2024-02-11,2024-W06,8.0,8.0,0.0,15.92
STR_E02,1200080994,2024-02-11,2024-W06,11.0,11.0,0.0,87.89
STR_E02,2840016014,2024-02-11,2024-W06,8.0,8.0,0.0,39.92
STR_E02,4900005010,2024-02-11,2024-W06,9.0,9.0,0.0,17.91
STR_W01,1200080994,2024-02-11,2024-W06,10.0,10.0,0.0,79.9
STR_W01,2840016014,2024-02-11,2024-W06,10.0,10.0,0.0,49.900000000000006
STR_W01,4900005010,2024-02-11,2024-W06,7.0,7.0,0.0,13.93
STR_E01,1200080994,2024-02-12,2024-W07,7.0,7.0,0.0,55.93
STR_E01,2840016014,2024-02-12,2024-W07,7.0,7.0,0.0,34.93
STR_E01,4900005010,2024-02-12,2024-W07,7.0,7.0,0.0,13.93
STR_E02,1200080994,2024-02-12,2024-W07,8.0,8.0,0.0,63.92
STR_E02,2840016014,2024-02-12,2024-W07,9.0,9.0,0.0,44.910000000000004
STR_E02,4900005010,2024-02-12,2024-W07,10.0,10.0,0.0,19.9
STR_W01,1200080994,2024-02-12,2024-W07,9.0,9.0,0.0,71.91
STR_W01,2840016014,2024-02-12,2024-W07,7.0,7.0,0.0,34.93
STR_W01,4900005010,2024-02-12,2024-W07,9.0,9.0,0.0,17.91
STR_E01,1200080994,2024-02-13,2024-W07,11.0,11.0,0.0,87.89
STR_E01,2840016014,2024-02-13,2024-W07,10.0,10.0,0.0,49.900000000000006
STR_E01,4900005010,2024-02-13,2024-W07,7.0,7.0,0.0,13.93
STR_E02,1200080994,2024-02-13,2024-W07,11.0,11.0,0.0,87.89
STR_E02,2840016014,2024-02-13,2024-W07,13.0,13.0,0.0,64.87
STR_E02,4900005010,2024-02-13,2024-W07,10.0,10.0,0.0,19.9
STR_W01,1200080994,2024-02-13,2024-W07,8.0,8.0,0.0,63.92
STR_W01,2840016014,2024-02-13,2024-W07,9.0,9.0,0.0,44.910000000000004
STR_W01,4900005010,2024-02-13,2024-W07,12.0,12.0,0.0,23.88
STR_E01,1200080994,2024-02-14,2024-W07,7.0,7.0,0.0,55.93
STR_E01,2840016014,2024-02-14,2024-W07,10.0,10.0,0.0,49.900000000000006
STR_E01,4900005010,2024-02-14,2024-W07,8.0,8.0,0.0,15.92
STR_E02,1200080994,2024-02-14,2024-W07,8.0,8.0,0.0,63.92
STR_E02,2840016014,2024-02-14,2024-W07,11.0,11.0,0.0,54.89
STR_E02,4900005010,2024-02-14,2024-W07,8.0,8.0,0.0,15.92
STR_W01,1200080994,2024-02-14,2024-W07,10.0,10.0,0.0,79.9
STR_W01,2840016014,2024-02-14,2024-W07,9.0,9.0,0.0,44.910000000000004
STR_W01,4900005010,2024-02-14,2024-W07,9.0,9.0,0.0,17.91
STR_E01,1200080994,2024-02-15,2024-W07,9.0,9.0,0.0,71.91
STR_E01,2840016014,2024-02-15,2024-W07,12.0,12.0,0.0,59.88
STR_E01,4900005010,2024-02-15,2024-W07,8.0,8.0,0.0,15.92
STR_E02,1200080994,2024-02-15,2024-W07,9.0,9.0,0.0,71.91
STR_E02,2840016014,2024-02-15,2024-W07,10.0,10.0,0.0,49.900000000000006
STR_E02,4900005010,2024-02-15,2024-W07,9.0,9.0,0.0,17.91
STR_W01,1200080994,2024-02-15,2024-W07,7.0,7.0,0.0,55.93
STR_W01,2840016014,2024-02-15,2024-W07,12.0,12.0,0.0,59.88
STR_W01,4900005010,2024-02-15,2024-W07,9.0,9.0,0.0,17.91
STR_E01,1200080994,2024-02-16,2024-W07,8.0,8.0,0.0,63.92
STR_E01,2840016014,2024-02-16,2024-W07,11.0,11.0,0.0,54.89
STR_E01,4900005010,2024-02-16,2024-W07,10.0,10.0,0.0,19.9
STR_E02,1200080994,2024-02-16,2024-W07,11.0,11.0,0.0,87.89
STR_E02,2840016014,2024-02-16,2024-W07,8.0,8.0,0.0,39.92
STR_E02,4900005010,2024-02-16,2024-W07,9.0,9.0,0.0,17.91
STR_W01,1200080994,2024-02-16,2024-W07,10.0,10.0,0.0,79.9
STR_W01,2840016014,2024-02-16,2024-W07,11.0,11.0,0.0,54.89
STR_W01,4900005010,2024-02-16,2024-W07,9.0,9.0,0.0,17.91
STR_E01,1200080994,2024-02-17,2024-W07,8.0,8.0,0.0,63.92
STR_E01,2840016014,2024-02-17,2024-W07,6.0,6.0,0.0,29.94
STR_E01,4900005010,2024-02-17,2024-W07,11.0,11.0,0.0,21.89
STR_E02,1200080994,2024-02-17,2024-W07,10.0,10.0,0.0,79.9
STR_E02,2840016014,2024-02-17,2024-W07,7.0,7.0,0.0,34.93
STR_E02,4900005010,2024-02-17,2024-W07,8.0,8.0,0.0,15.92
STR_W01,1200080994,2024-02-17,2024-W07,10.0,10.0,0.0,79.9
STR_W01,2840016014,2024-02-17,2024-W07,9.0,9.0,0.0,44.910000000000004
STR_W01,4900005010,2024-02-17,2024-W07,7.0,7.0,0.0,13.93
STR_E01,1200080994,2024-02-18,2024-W07,12.0,12.0,0.0,95.88
STR_E01,2840016014,2024-02-18,2024-W07,8.0,8.0,0.0,39.92
STR_E01,4900005010,2024-02-18,2024-W07,7.0,7.0,0.0,13.93
STR_E02,1200080994,2024-02-18,2024-W07,8.0,8.0,0.0,63.92
STR_E02,2840016014,2024-02-18,2024-W07,7.0,7.0,0.0,34.93
STR_E02,4900005010,2024-02-18,2024-W07,7.0,7.0,0.0,13.93
STR_W01,1200080994,2024-02-18,2024-W07,9.0,9.0,0.0,71.91
STR_W01,2840016014,2024-02-18,2024-W07,9.0,9.0,0.0,44.910000000000004
STR_W01,4900005010,2024-02-18,2024-W07,11.0,11.0,0.0,21.89
STR_E01,1200080994,2024-02-19,2024-W08,9.0,9.0,0.0,71.91
STR_E01,2840016014,2024-02-19,2024-W08,9.0,9.0,0.0,44.910000000000004
STR_E01,4900005010,2024-02-19,2024-W08,10.0,10.0,0.0,19.9
STR_E02,1200080994,2024-02-19,2024-W08,10.0,10.0,0.0,79.9
STR_E02,2840016014,2024-02-19,2024-W08,9.0,9.0,0.0,44.910000000000004
STR_E02,4900005010,2024-02-19,2024-W08,9.0,9.0,0.0,17.91
STR_W01,1200080994,2024-02-19,2024-W08,8.0,8.0,0.0,63.92
STR_W01,2840016014,2024-02-19,2024-W08,8.0,8.0,0.0,39.92
STR_W01,4900005010,2024-02-19,2024-W08,9.0,9.0,0.0,17.91
STR_E01,1200080994,2024-02-20,2024-W08,6.0,6.0,0.0,47.94
STR_E01,2840016014,2024-02-20,2024-W08,9.0,9.0,0.0,44.910000000000004
STR_E01,4900005010,2024-02-20,2024-W08,6.0,6.0,0.0,11.94
STR_E02,1200080994,2024-02-20,2024-W08,8.0,8.0,0.0,63.92
STR_E02,2840016014,2024-02-20,2024-W08,10.0,10.0,0.0,49.900000000000006
STR_E02,4900005010,2024-02-20,2024-W08,8.0,8.0,0.0,15.92
STR_W01,1200080994,2024-02-20,2024-W08,8.0,8.0,0.0,63.92
STR_W01,2840016014,2024-02-20,2024-W08,10.0,10.0,0.0,49.900000000000006
STR_W01,4900005010,2024-02-20,2024-W08,9.0,9.0,0.0,17.91
STR_E01,1200080994,2024-02-21,2024-W08,10.0,10.0,0.0,79.9
STR_E01,2840016014,2024-02-21,2024-W08,12.0,12.0,0.0,59.88
STR_E01,4900005010,2024-02-21,2024-W08,10.0,10.0,0.0,19.9
STR_E02,1200080994,2024-02-21,2024-W08,9.0,9.0,0.0,71.91
STR_E02,2840016014,2024-02-21,2024-W08,10.0,10.0,0.0,49.900000000000006
STR_E02,4900005010,2024-02-21,2024-W08,9.0,9.0,0.0,17.91
STR_W01,1200080994,2024-02-21,2024-W08,8.0,8.0,0.0,63.92
STR_W01,2840016014,2024-02-21,2024-W08,7.0,7.0,0.0,34.93
STR_W01,4900005010,2024-02-21,2024-W08,8.0,8.0,0.0,15.92
STR_E01,1200080994,2024-02-22,2024-W08,10.0,10.0,0.0,79.9
STR_E01,2840016014,2024-02-22,2024-W08,8.0,8.0,0.0,39.92
STR_E01,4900005010,2024-02-22,2024-W08,8.0,8.0,0.0,15.92
STR_E02,1200080994,2024-02-22,2024-W08,8.0,8.0,0.0,63.92
STR_E02,2840016014,2024-02-22,2024-W08,12.0,12.0,0.0,59.88
STR_E02,4900005010,2024-02-22,2024-W08,9.0,9.0,0.0,17.91
STR_W01,1200080994,2024-02-22,2024-W08,9.0,9.0,0.0,71.91
STR_W01,2840016014,2024-02-22,2024-W08,9.0,9.0,0.0,44.910000000000004
STR_W01,4900005010,2024-02-22,2024-W08,10.0,10.0,0.0,19.9
STR_E01,1200080994,2024-02-23,2024-W08,9.0,9.0,0.0,71.91
STR_E01,2840016014,2024-02-23,2024-W08,12.0,12.0,0.0,59.88
STR_E01,4900005010,2024-02-23,2024-W08,8.0,8.0,0.0,15.92
STR_E02,1200080994,2024-02-23,2024-W08,9.0,9.0,0.0,71.91
STR_E02,2840016014,2024-02-23,2024-W08,7.0,7.0,0.0,34.93
STR_E02,4900005010,2024-02-23,2024-W08,9.0,9.0,0.0,17.91
STR_W01,1200080994,2024-02-23,2024-W08,8.0,8.0,0.0,63.92
STR_W01,2840016014,2024-02-23,2024-W08,9.0,9.0,0.0,44.910000000000004
STR_W01,4900005010,2024-02-23,2024-W08,8.0,8.0,0.0,15.92
STR_E01,1200080994,2024-02-24,2024-W08,8.0,8.0,0.0,63.92
STR_E01,2840016014,2024-02-24,2024-W08,11.0,11.0,0.0,54.89
STR_E01,4900005010,2024-02-24,2024-W08,9.0,9.0,0.0,17.91
STR_E02,1200080994,2024-02-24,2024-W08,9.0,9.0,0.0,71.91
STR_E02,2840016014,2024-02-24,2024-W08,7.0,7.0,0.0,34.93
STR_E02,4900005010,2024-02-24,2024-W08,8.0,8.0,0.0,15.92
STR_W01,1200080994,2024-02-24,2024-W08,8.0,8.0,0.0,63.92
STR_W01,2840016014,2024-02-24,2024-W08,7.0,7.0,0.0,34.93
STR_W01,4900005010,2024-02-24,2024-W08,10.0,10.0,0.0,19.9
STR_E01,1200080994,2024-02-25,2024-W08,8.0,8.0,0.0,63.92
STR_E01,2840016014,2024-02-25,2024-W08,8.0,8.0,0.0,39.92
STR_E01,4900005010,2024-02-25,2024-W08,10.0,10.0,0.0,19.9
STR_E02,1200080994,2024-02-25,2024-W08,9.0,9.0,0.0,71.91
STR_E02,2840016014,2024-02-25,2024-W08,8.0,8.0,0.0,39.92
STR_E02,4900005010,2024-02-25,2024-W08,7.0,7.0,0.0,13.93
STR_W01,1200080994,2024-02-25,2024-W08,10.0,10.0,0.0,79.9
STR_W01,2840016014,2024-02-25,2024-W08,10.0,10.0,0.0,49.900000000000006
STR_W01,4900005010,2024-02-25,2024-W08,10.0,10.0,0.0,19.9
STR_E01,1200080994,2024-02-26,2024-W09,8.0,8.0,0.0,63.92
STR_E01,2840016014,2024-02-26,2024-W09,9.0,9.0,0.0,44.910000000000004
STR_E01,4900005010,2024-02-26,2024-W09,9.0,9.0,0.0,17.91
STR_E02,1200080994,2024-02-26,2024-W09,9.0,9.0,0.0,71.91
STR_E02,2840016014,2024-02-26,2024-W09,11.0,11.0,0.0,54.89
STR_E02,4900005010,2024-02-26,2024-W09,8.0,8.0,0.0,15.92
STR_W01,1200080994,2024-02-26,2024-W09,10.0,10.0,0.0,79.9
STR_W01,2840016014,2024-02-26,2024-W09,8.0,8.0,0.0,39.92
STR_W01,4900005010,2024-02-26,2024-W09,11.0,11.0,0.0,21.89
STR_E01,1200080994,2024-02-27,2024-W09,10.0,10.0,0.0,79.9
STR_E01,2840016014,2024-02-27,2024-W09,8.0,8.0,0.0,39.92
STR_E01,4900005010,2024-02-27,2024-W09,11.0,11.0,0.0,21.89
STR_E02,1200080994,2024-02-27,2024-W09,11.0,11.0,0.0,87.89
STR_E02,2840016014,2024-02-27,2024-W09,8.0,8.0,0.0,39.92
STR_E02,4900005010,2024-02-27,2024-W09,9.0,9.0,0.0,17.91
STR_W01,1200080994,2024-02-27,2024-W09,11.0,11.0,0.0,87.89
STR_W01,2840016014,2024-02-27,2024-W09,12.0,12.0,0.0,59.88
STR_W01,4900005010,2024-02-27,2024-W09,10.0,10.0,0.0,19.9
STR_E01,1200080994,2024-02-28,2024-W09,8.0,8.0,0.0,63.92
STR_E01,2840016014,2024-02-28,2024-W09,9.0,9.0,0.0,44.910000000000004
STR_E01,4900005010,2024-02-28,2024-W09,11.0,11.0,0.0,21.89
STR_E02,1200080994,2024-02-28,2024-W09,10.0,10.0,0.0,79.9
STR_E02,2840016014,2024-02-28,2024-W09,11.0,11.0,0.0,54.89
STR_E02,4900005010,2024-02-28,2024-W09,8.0,8.0,0.0,15.92
STR_W01,1200080994,2024-02-28,2024-W09,9.0,9.0,0.0,71.91
STR_W01,2840016014,2024-02-28,2024-W09,9.0,9.0,0.0,44.910000000000004
STR_W01,4900005010,2024-02-28,2024-W09,9.0,9.0,0.0,17.91
STR_E01,1200080994,2024-02-29,2024-W09,8.0,8.0,0.0,63.92
STR_E01,2840016014,2024-02-29,2024-W09,10.0,10.0,0.0,49.900000000000006
STR_E01,4900005010,2024-02-29,2024-W09,8.0,8.0,0.0,15.92
STR_E02,1200080994,2024-02-29,2024-W09,13.0,13.0,0.0,103.87
STR_E02,2840016014,2024-02-29,2024-W09,11.0,11.0,0.0,54.89
STR_E02,4900005010,2024-02-29,2024-W09,8.0,8.0,0.0,15.92
STR_W01,1200080994,2024-02-29,2024-W09,10.0,10.0,0.0,79.9
STR_W01,2840016014,2024-02-29,2024-W09,10.0,10.0,0.0,49.900000000000006
STR_W01,4900005010,2024-02-29,2024-W09,9.0,9.0,0.0,17.91
STR_E01,1200080994,2024-03-01,2024-W09,10.0,10.0,0.0,79.9
STR_E01,2840016014,2024-03-01,2024-W09,10.0,10.0,0.0,49.900000000000006
STR_E01,4900005010,2024-03-01,2024-W09,9.0,9.0,0.0,17.91
STR_E02,1200080994,2024-03-01,2024-W09,12.0,12.0,0.0,95.88
STR_E02,2840016014,2024-03-01,2024-W09,10.0,10.0,0.0,49.900000000000006
STR_E02,4900005010,2024-03-01,2024-W09,8.0,8.0,0.0,15.92
STR_W01,1200080994,2024-03-01,2024-W09,9.0,9.0,0.0,71.91
STR_W01,2840016014,2024-03-01,2024-W09,9.0,9.0,0.0,44.910000000000004
STR_W01,4900005010,2024-03-01,2024-W09,10.0,10.0,0.0,19.9
STR_E01,1200080994,2024-03-02,2024-W09,11.0,11.0,0.0,87.89
STR_E01,2840016014,2024-03-02,2024-W09,12.0,12.0,0.0,59.88
STR_E01,4900005010,2024-03-02,2024-W09,9.0,9.0,0.0,17.91
STR_E02,1200080994,2024-03-02,2024-W09,9.0,9.0,0.0,71.91
STR_E02,2840016014,2024-03-02,2024-W09,8.0,8.0,0.0,39.92
STR_E02,4900005010,2024-03-02,2024-W09,10.0,10.0,0.0,19.9
STR_W01,1200080994,2024-03-02,2024-W09,8.0,8.0,0.0,63.92
STR_W01,2840016014,2024-03-02,2024-W09,11.0,11.0,0.0,54.89
STR_W01,4900005010,2024-03-02,2024-W09,8.0,8.0,0.0,15.92
STR_E01,1200080994,2024-03-03,2024-W09,10.0,10.0,0.0,79.9
STR_E01,2840016014,2024-03-03,2024-W09,8.0,8.0,0.0,39.92
STR_E01,4900005010,2024-03-03,2024-W09,10.0,10.0,0.0,19.9
STR_E02,1200080994,2024-03-03,2024-W09,11.0,11.0,0.0,87.89
STR_E02,2840016014,2024-03-03,2024-W09,10.0,10.0,0.0,49.900000000000006
STR_E02,4900005010,2024-03-03,2024-W09,9.0,9.0,0.0,17.91
STR_W01,1200080994,2024-03-03,2024-W09,8.0,8.0,0.0,63.92
STR_W01,2840016014,2024-03-03,2024-W09,11.0,11.0,0.0,54.89
STR_W01,4900005010,2024-03-03,2024-W09,8.0,8.0,0.0,15.92
STR_E01,1200080994,2024-03-04,2024-W10,9.0,9.0,0.0,71.91
STR_E01,2840016014,2024-03-04,2024-W10,10.0,10.0,0.0,49.900000000000006
STR_E01,4900005010,2024-03-04,2024-W10,11.0,11.0,0.0,21.89
STR_E02,1200080994,2024-03-04,2024-W10,9.0,9.0,0.0,71.91
STR_E02,2840016014,2024-03-04,2024-W10,10.0,10.0,0.0,49.900000000000006
STR_E02,4900005010,2024-03-04,2024-W10,8.0,8.0,0.0,15.92
STR_W01,1200080994,2024-03-04,2024-W10,12.0,12.0,0.0,95.88
STR_W01,2840016014,2024-03-04,2024-W10,7.0,7.0,0.0,34.93
STR_W01,4900005010,2024-03-04,2024-W10,10.0,10.0,0.0,19.9
STR_E01,1200080994,2024-03-05,2024-W10,11.0,11.0,0.0,87.89
STR_E01,2840016014,2024-03-05,2024-W10,9.0,9.0,0.0,44.910000000000004
STR_E01,4900005010,2024-03-05,2024-W10,12.0,12.0,0.0,23.88
STR_E02,1200080994,2024-03-05,2024-W10,11.0,11.0,0.0,87.89
STR_E02,2840016014,2024-03-05,2024-W10,9.0,9.0,0.0,44.910000000000004
STR_E02,4900005010,2024-03-05,2024-W10,9.0,9.0,0.0,17.91
STR_W01,1200080994,2024-03-05,2024-W10,8.0,8.0,0.0,63.92
STR_W01,2840016014,2024-03-05,2024-W10,8.0,8.0,0.0,39.92
STR_W01,4900005010,2024-03-05,2024-W10,8.0,8.0,0.0,15.92
STR_E01,1200080994,2024-03-06,2024-W10,10.0,10.0,0.0,79.9
STR_E01,2840016014,2024-03-06,2024-W10,11.0,11.0,0.0,54.89
STR_E01,4900005010,2024-03-06,2024-W10,7.0,7.0,0.0,13.93
STR_E02,1200080994,2024-03-06,2024-W10,10.0,10.0,0.0,79.9
STR_E02,2840016014,2024-03-06,2024-W10,9.0,9.0,0.0,44.910000000000004
STR_E02,4900005010,2024-03-06,2024-W10,9.0,9.0,0.0,17.91
STR_W01,1200080994,2024-03-06,2024-W10,9.0,9.0,0.0,71.91
STR_W01,2840016014,2024-03-06,2024-W10,7.0,7.0,0.0,34.93
STR_W01,4900005010,2024-03-06,2024-W10,7.0,7.0,0.0,13.93
STR_E01,1200080994,2024-03-07,2024-W10,15.0,15.0,0.0,119.85000000000001
STR_E01,2840016014,2024-03-07,2024-W10,12.0,12.0,0.0,59.88
STR_E01,4900005010,2024-03-07,2024-W10,8.0,8.0,0.0,15.92
STR_E02,1200080994,2024-03-07,2024-W10,9.0,9.0,0.0,71.91
STR_E02,2840016014,2024-03-07,2024-W10,8.0,8.0,0.0,39.92
STR_E02,4900005010,2024-03-07,2024-W10,8.0,8.0,0.0,15.92
STR_W01,1200080994,2024-03-07,2024-W10,11.0,11.0,0.0,87.89
STR_W01,2840016014,2024-03-07,2024-W10,9.0,9.0,0.0,44.910000000000004
STR_W01,4900005010,2024-03-07,2024-W10,7.0,7.0,0.0,13.93
STR_E01,1200080994,2024-03-08,2024-W10,11.0,11.0,0.0,87.89
STR_E01,2840016014,2024-03-08,2024-W10,9.0,9.0,0.0,44.910000000000004
STR_E01,4900005010,2024-03-08,2024-W10,8.0,8.0,0.0,15.92
STR_E02,1200080994,2024-03-08,2024-W10,9.0,9.0,0.0,71.91
STR_E02,2840016014,2024-03-08,2024-W10,9.0,9.0,0.0,44.910000000000004
STR_E02,4900005010,2024-03-08,2024-W10,11.0,11.0,0.0,21.89
STR_W01,1200080994,2024-03-08,2024-W10,8.0,8.0,0.0,63.92
STR_W01,2840016014,2024-03-08,2024-W10,10.0,10.0,0.0,49.900000000000006
STR_W01,4900005010,2024-03-08,2024-W10,10.0,10.0,0.0,19.9
STR_E01,1200080994,2024-03-09,2024-W10,10.0,10.0,0.0,79.9
STR_E01,2840016014,2024-03-09,2024-W10,12.0,12.0,0.0,59.88
STR_E01,4900005010,2024-03-09,2024-W10,8.0,8.0,0.0,15.92
STR_E02,1200080994,2024-03-09,2024-W10,8.0,8.0,0.0,63.92
STR_E02,2840016014,2024-03-09,2024-W10,12.0,12.0,0.0,59.88
STR_E02,4900005010,2024-03-09,2024-W10,10.0,10.0,0.0,19.9
STR_W01,1200080994,2024-03-09,2024-W10,10.0,10.0,0.0,79.9
STR_W01,2840016014,2024-03-09,2024-W10,9.0,9.0,0.0,44.910000000000004
STR_W01,4900005010,2024-03-09,2024-W10,11.0,11.0,0.0,21.89
STR_E01,1200080994,2024-03-10,2024-W10,9.0,9.0,0.0,71.91
STR_E01,2840016014,2024-03-10,2024-W10,12.0,12.0,0.0,59.88
STR_E01,4900005010,2024-03-10,2024-W10,10.0,10.0,0.0,19.9
STR_E02,1200080994,2024-03-10,2024-W10,8.0,8.0,0.0,63.92
STR_E02,2840016014,2024-03-10,2024-W10,7.0,7.0,0.0,34.93
STR_E02,4900005010,2024-03-10,2024-W10,10.0,10.0,0.0,19.9
STR_W01,1200080994,2024-03-10,2024-W10,10.0,10.0,0.0,79.9
STR_W01,2840016014,2024-03-10,2024-W10,8.0,8.0,0.0,39.92
STR_W01,4900005010,2024-03-10,2024-W10,9.0,9.0,0.0,17.91
STR_E01,1200080994,2024-03-11,2024-W11,8.0,8.0,0.0,63.92
STR_E01,2840016014,2024-03-11,2024-W11,11.0,11.0,0.0,54.89
STR_E01,4900005010,2024-03-11,2024-W11,10.0,10.0,0.0,19.9
STR_E02,1200080994,2024-03-11,2024-W11,9.0,9.0,0.0,71.91
STR_E02,2840016014,2024-03-11,2024-W11,9.0,9.0,0.0,44.910000000000004
STR_E02,4900005010,2024-03-11,2024-W11,11.0,11.0,0.0,21.89
STR_W01,1200080994,2024-03-11,2024-W11,11.0,11.0,0.0,87.89
STR_W01,2840016014,2024-03-11,2024-W11,8.0,8.0,0.0,39.92
STR_W01,4900005010,2024-03-11,2024-W11,8.0,8.0,0.0,15.92
STR_E01,1200080994,2024-03-12,2024-W11,12.0,12.0,0.0,95.88
STR_E01,2840016014,2024-03-12,2024-W11,11.0,11.0,0.0,54.89
STR_E01,4900005010,2024-03-12,2024-W11,9.0,9.0,0.0,17.91
STR_E02,1200080994,2024-03-12,2024-W11,10.0,10.0,0.0,79.9
STR_E02,2840016014,2024-03-12,2024-W11,8.0,8.0,0.0,39.92
STR_E02,4900005010,2024-03-12,2024-W11,9.0,9.0,0.0,17.91
STR_W01,1200080994,2024-03-12,2024-W11,9.0,9.0,0.0,71.91
STR_W01,2840016014,2024-03-12,2024-W11,10.0,10.0,0.0,49.900000000000006
STR_W01,4900005010,2024-03-12,2024-W11,8.0,8.0,0.0,15.92
STR_E01,1200080994,2024-03-13,2024-W11,8.0,8.0,0.0,63.92
STR_E01,2840016014,2024-03-13,2024-W11,10.0,10.0,0.0,49.900000000000006
STR_E01,4900005010,2024-03-13,2024-W11,10.0,10.0,0.0,19.9
STR_E02,1200080994,2024-03-13,2024-W11,12.0,12.0,0.0,95.88
STR_E02,2840016014,2024-03-13,2024-W11,8.0,8.0,0.0,39.92
STR_E02,4900005010,2024-03-13,2024-W11,10.0,10.0,0.0,19.9
STR_W01,1200080994,2024-03-13,2024-W11,9.0,9.0,0.0,71.91
STR_W01,2840016014,2024-03-13,2024-W11,10.0,10.0,0.0,49.900000000000006
STR_W01,4900005010,2024-03-13,2024-W11,9.0,9.0,0.0,17.91
STR_E01,1200080994,2024-03-14,2024-W11,11.0,11.0,0.0,87.89
STR_E01,2840016014,2024-03-14,2024-W11,8.0,8.0,0.0,39.92
STR_E01,4900005010,2024-03-14,2024-W11,8.0,8.0,0.0,15.92
STR_E02,1200080994,2024-03-14,2024-W11,10.0,10.0,0.0,79.9
STR_E02,2840016014,2024-03-14,2024-W11,9.0,9.0,0.0,44.910000000000004
STR_E02,4900005010,2024-03-14,2024-W11,9.0,9.0,0.0,17.91
STR_W01,1200080994,2024-03-14,2024-W11,10.0,10.0,0.0,79.9
STR_W01,2840016014,2024-03-14,2024-W11,13.0,13.0,0.0,64.87
STR_W01,4900005010,2024-03-14,2024-W11,9.0,9.0,0.0,17.91
STR_E01,1200080994,2024-03-15,2024-W11,9.0,9.0,0.0,71.91
STR_E01,2840016014,2024-03-15,2024-W11,10.0,10.0,0.0,49.900000000000006
STR_E01,4900005010,2024-03-15,2024-W11,8.0,8.0,0.0,15.92
STR_E02,1200080994,2024-03-15,2024-W11,10.0,10.0,0.0,79.9
STR_E02,2840016014,2024-03-15,2024-W11,10.0,10.0,0.0,49.900000000000006
STR_E02,4900005010,2024-03-15,2024-W11,8.0,8.0,0.0,15.92
STR_W01,1200080994,2024-03-15,2024-W11,6.0,6.0,0.0,47.94
STR_W01,2840016014,2024-03-15,2024-W11,9.0,9.0,0.0,44.910000000000004
STR_W01,4900005010,2024-03-15,2024-W11,9.0,9.0,0.0,17.91
STR_E01,1200080994,2024-03-16,2024-W11,9.0,9.0,0.0,71.91
STR_E01,2840016014,2024-03-16,2024-W11,10.0,10.0,0.0,49.900000000000006
STR_E01,4900005010,2024-03-16,2024-W11,8.0,8.0,0.0,15.92
STR_E02,1200080994,2024-03-16,2024-W11,8.0,8.0,0.0,63.92
STR_E02,2840016014,2024-03-16,2024-W11,9.0,9.0,0.0,44.910000000000004
STR_E02,4900005010,2024-03-16,2024-W11,8.0,8.0,0.0,15.92
STR_W01,1200080994,2024-03-16,2024-W11,8.0,8.0,0.0,63.92
STR_W01,2840016014,2024-03-16,2024-W11,10.0,10.0,0.0,49.900000000000006
STR_W01,4900005010,2024-03-16,2024-W11,7.0,7.0,0.0,13.93
STR_E01,1200080994,2024-03-17,2024-W11,9.0,9.0,0.0,71.91
STR_E01,2840016014,2024-03-17,2024-W11,10.0,10.0,0.0,49.900000000000006
STR_E01,4900005010,2024-03-17,2024-W11,13.0,13.0,0.0,25.87
STR_E02,1200080994,2024-03-17,2024-W11,11.0,11.0,0.0,87.89
STR_E02,2840016014,2024-03-17,2024-W11,9.0,9.0,0.0,44.910000000000004
STR_E02,4900005010,2024-03-17,2024-W11,11.0,11.0,0.0,21.89
STR_W01,1200080994,2024-03-17,2024-W11,10.0,10.0,0.0,79.9
STR_W01,2840016014,2024-03-17,2024-W11,10.0,10.0,0.0,49.900000000000006
STR_W01,4900005010,2024-03-17,2024-W11,9.0,9.0,0.0,17.91
STR_E01,1200080994,2024-03-18,2024-W12,8.0,8.0,0.0,63.92
STR_E01,2840016014,2024-03-18,2024-W12,9.0,9.0,0.0,44.910000000000004
STR_E01,4900005010,2024-03-18,2024-W12,7.0,7.0,0.0,13.93
STR_E02,1200080994,2024-03-18,2024-W12,8.0,8.0,0.0,63.92
STR_E02,2840016014,2024-03-18,2024-W12,9.0,9.0,0.0,44.910000000000004
STR_E02,4900005010,2024-03-18,2024-W12,9.0,9.0,0.0,17.91
STR_W01,1200080994,2024-03-18,2024-W12,12.0,12.0,0.0,95.88
STR_W01,2840016014,2024-03-18,2024-W12,8.0,8.0,0.0,39.92
STR_W01,4900005010,2024-03-18,2024-W12,11.0,11.0,0.0,21.89
STR_E01,1200080994,2024-03-19,2024-W12,9.0,9.0,0.0,71.91
STR_E01,2840016014,2024-03-19,2024-W12,9.0,9.0,0.0,44.910000000000004
STR_E01,4900005010,2024-03-19,2024-W12,11.0,11.0,0.0,21.89
STR_E02,1200080994,2024-03-19,2024-W12,9.0,9.0,0.0,71.91
STR_E02,2840016014,2024-03-19,2024-W12,9.0,9.0,0.0,44.910000000000004
STR_E02,4900005010,2024-03-19,2024-W12,10.0,10.0,0.0,19.9
STR_W01,1200080994,2024-03-19,2024-W12,12.0,12.0,0.0,95.88
STR_W01,2840016014,2024-03-19,2024-W12,9.0,9.0,0.0,44.910000000000004
STR_W01,4900005010,2024-03-19,2024-W12,9.0,9.0,0.0,17.91
STR_E01,1200080994,2024-03-20,2024-W12,9.0,9.0,0.0,71.91
STR_E01,2840016014,2024-03-20,2024-W12,10.0,10.0,0.0,49.900000000000006
STR_E01,4900005010,2024-03-20,2024-W12,10.0,10.0,0.0,19.9
STR_E02,1200080994,2024-03-20,2024-W12,11.0,11.0,0.0,87.89
STR_E02,2840016014,2024-03-20,2024-W12,8.0,8.0,0.0,39.92
STR_E02,4900005010,2024-03-20,2024-W12,11.0,11.0,0.0,21.89
STR_W01,1200080994,2024-03-20,2024-W12,9.0,9.0,0.0,71.91
STR_W01,2840016014,2024-03-20,2024-W12,9.0,9.0,0.0,44.910000000000004
STR_W01,4900005010,2024-03-20,2024-W12,9.0,9.0,0.0,17.91
STR_E01,1200080994,2024-03-21,2024-W12,7.0,7.0,0.0,55.93
STR_E01,2840016014,2024-03-21,2024-W12,8.0,8.0,0.0,39.92
STR_E01,4900005010,2024-03-21,2024-W12,10.0,10.0,0.0,19.9
STR_E02,1200080994,2024-03-21,2024-W12,9.0,9.0,0.0,71.91
STR_E02,2840016014,2024-03-21,2024-W12,11.0,11.0,0.0,54.89
STR_E02,4900005010,2024-03-21,2024-W12,11.0,11.0,0.0,21.89
STR_W01,1200080994,2024-03-21,2024-W12,10.0,10.0,0.0,79.9
STR_W01,2840016014,2024-03-21,2024-W12,7.0,7.0,0.0,34.93
STR_W01,4900005010,2024-03-21,2024-W12,7.0,7.0,0.0,13.93
STR_E01,1200080994,2024-03-22,2024-W12,8.0,8.0,0.0,63.92
STR_E01,2840016014,2024-03-22,2024-W12,9.0,9.0,0.0,44.910000000000004
STR_E01,4900005010,2024-03-22,2024-W12,11.0,11.0,0.0,21.89
STR_E02,1200080994,2024-03-22,2024-W12,9.0,9.0,0.0,71.91
STR_E02,2840016014,2024-03-22,2024-W12,10.0,10.0,0.0,49.900000000000006
STR_E02,4900005010,2024-03-22,2024-W12,7.0,7.0,0.0,13.93
STR_W01,1200080994,2024-03-22,2024-W12,10.0,10.0,0.0,79.9
STR_W01,2840016014,2024-03-22,2024-W12,10.0,10.0,0.0,49.900000000000006
STR_W01,4900005010,2024-03-22,2024-W12,8.0,8.0,0.0,15.92
STR_E01,1200080994,2024-03-23,2024-W12,9.0,9.0,0.0,71.91
STR_E01,2840016014,2024-03-23,2024-W12,9.0,9.0,0.0,44.910000000000004
STR_E01,4900005010,2024-03-23,2024-W12,9.0,9.0,0.0,17.91
STR_E02,1200080994,2024-03-23,2024-W12,9.0,9.0,0.0,71.91
STR_E02,2840016014,2024-03-23,2024-W12,11.0,11.0,0.0,54.89
STR_E02,4900005010,2024-03-23,2024-W12,8.0,8.0,0.0,15.92
STR_W01,1200080994,2024-03-23,2024-W12,8.0,8.0,0.0,63.92
STR_W01,2840016014,2024-03-23,2024-W12,8.0,8.0,0.0,39.92
STR_W01,4900005010,2024-03-23,2024-W12,10.0,10.0,0.0,19.9
STR_E01,1200080994,2024-03-24,2024-W12,7.0,7.0,0.0,55.93
STR_E01,2840016014,2024-03-24,2024-W12,12.0,12.0,0.0,59.88
STR_E01,4900005010,2024-03-24,2024-W12,10.0,10.0,0.0,19.9
STR_E02,1200080994,2024-03-24,2024-W12,12.0,12.0,0.0,95.88
STR_E02,2840016014,2024-03-24,2024-W12,9.0,9.0,0.0,44.910000000000004
STR_E02,4900005010,2024-03-24,2024-W12,7.0,7.0,0.0,13.93
STR_W01,1200080994,2024-03-24,2024-W12,8.0,8.0,0.0,63.92
STR_W01,2840016014,2024-03-24,2024-W12,11.0,11.0,0.0,54.89
STR_W01,4900005010,2024-03-24,2024-W12,10.0,10.0,0.0,19.9
STR_E01,1200080994,2024-03-25,2024-W13,38.0,38.0,0.0,303.62
STR_E01,2840016014,2024-03-25,2024-W13,19.0,19.0,0.0,94.81
STR_E01,4900005010,2024-03-25,2024-W13,29.0,29.0,0.0,57.71
STR_E02,1200080994,2024-03-25,2024-W13,43.0,43.0,0.0,343.57
STR_E02,2840016014,2024-03-25,2024-W13,22.0,22.0,0.0,109.78
STR_E02,4900005010,2024-03-25,2024-W13,30.0,30.0,0.0,59.7
STR_W01,1200080994,2024-03-25,2024-W13,46.0,46.0,0.0,367.54
STR_W01,2840016014,2024-03-25,2024-W13,23.0,23.0,0.0,114.77000000000001
STR_W01,4900005010,2024-03-25,2024-W13,29.0,29.0,0.0,57.71
STR_E01,1200080994,2024-03-26,2024-W13,30.0,30.0,0.0,239.70000000000002
STR_E01,2840016014,2024-03-26,2024-W13,25.0,25.0,0.0,124.75
STR_E01,4900005010,2024-03-26,2024-W13,24.0,24.0,0.0,47.76
STR_E02,1200080994,2024-03-26,2024-W13,53.0,53.0,0.0,423.47
STR_E02,2840016014,2024-03-26,2024-W13,25.0,25.0,0.0,124.75
STR_E02,4900005010,2024-03-26,2024-W13,31.0,31.0,0.0,61.69
STR_W01,1200080994,2024-03-26,2024-W13,39.0,39.0,0.0,311.61
STR_W01,2840016014,2024-03-26,2024-W13,18.0,18.0,0.0,89.82000000000001
STR_W01,4900005010,2024-03-26,2024-W13,26.0,26.0,0.0,51.74
STR_E01,1200080994,2024-03-27,2024-W13,40.0,40.0,0.0,319.6
STR_E01,2840016014,2024-03-27,2024-W13,20.0,20.0,0.0,99.80000000000001
STR_E01,4900005010,2024-03-27,2024-W13,31.0,31.0,0.0,61.69
STR_E02,1200080994,2024-03-27,2024-W13,41.0,41.0,0.0,327.59000000000003
STR_E02,2840016014,2024-03-27,2024-W13,18.0,18.0,0.0,89.82000000000001
STR_E02,4900005010,2024-03-27,2024-W13,22.0,22.0,0.0,43.78
STR_W01,1200080994,2024-03-27,2024-W13,41.0,41.0,0.0,327.59000000000003
STR_W01,2840016014,2024-03-27,2024-W13,20.0,20.0,0.0,99.80000000000001
STR_W01,4900005010,2024-03-27,2024-W13,35.0,35.0,0.0,69.65
STR_E01,1200080994,2024-03-28,2024-W13,38.0,38.0,0.0,303.62
STR_E01,2840016014,2024-03-28,2024-W13,29.0,29.0,0.0,144.71
STR_E01,4900005010,2024-03-28,2024-W13,36.0,36.0,0.0,71.64
STR_E02,1200080994,2024-03-28,2024-W13,38.0,38.0,0.0,303.62
STR_E02,2840016014,2024-03-28,2024-W13,24.0,24.0,0.0,119.76
STR_E02,4900005010,2024-03-28,2024-W13,29.0,29.0,0.0,57.71
STR_W01,1200080994,2024-03-28,2024-W13,43.0,43.0,0.0,343.57
STR_W01,2840016014,2024-03-28,2024-W13,22.0,22.0,0.0,109.78
STR_W01,4900005010,2024-03-28,2024-W13,29.0,29.0,0.0,57.71
STR_E01,1200080994,2024-03-29,2024-W13,39.0,39.0,0.0,311.61
STR_E01,2840016014,2024-03-29,2024-W13,16.0,16.0,0.0,79.84
STR_E01,4900005010,2024-03-29,2024-W13,34.0,34.0,0.0,67.66
STR_E02,1200080994,2024-03-29,2024-W13,39.0,39.0,0.0,311.61
STR_E02,2840016014,2024-03-29,2024-W13,26.0,26.0,0.0,129.74
STR_E02,4900005010,2024-03-29,2024-W13,25.0,25.0,0.0,49.75
STR_W01,1200080994,2024-03-29,2024-W13,47.0,47.0,0.0,375.53000000000003
STR_W01,2840016014,2024-03-29,2024-W13,23.0,23.0,0.0,114.77000000000001
STR_W01,4900005010,2024-03-29,2024-W13,23.0,23.0,0.0,45.77
STR_E01,1200080994,2024-03-30,2024-W13,38.0,38.0,0.0,303.62
STR_E01,2840016014,2024-03-30,2024-W13,22.0,22.0,0.0,109.78
STR_E01,4900005010,2024-03-30,2024-W13,34.0,34.0,0.0,67.66
STR_E02,1200080994,2024-03-30,2024-W13,36.0,36.0,0.0,287.64
STR_E02,2840016014,2024-03-30,2024-W13,29.0,29.0,0.0,144.71
STR_E02,4900005010,2024-03-30,2024-W13,30.0,30.0,0.0,59.7
STR_W01,1200080994,2024-03-30,2024-W13,42.0,42.0,0.0,335.58
STR_W01,2840016014,2024-03-30,2024-W13,19.0,19.0,0.0,94.81
STR_W01,4900005010,2024-03-30,2024-W13,31.0,31.0,0.0,61.69
STR_E01,1200080994,2024-03-31,2024-W13,40.0,35.0,5.0,279.65000000000003
STR_E01,2840016014,2024-03-31,2024-W13,19.0,19.0,0.0,94.81
STR_E01,4900005010,2024-03-31,2024-W13,28.0,28.0,0.0,55.72
STR_E02,1200080994,2024-03-31,2024-W13,45.0,25.0,20.0,199.75
STR_E02,2840016014,2024-03-31,2024-W13,17.0,17.0,0.0,84.83
STR_E02,4900005010,2024-03-31,2024-W13,29.0,29.0,0.0,57.71
STR_W01,1200080994,2024-03-31,2024-W13,38.0,14.0,24.0,111.86
STR_W01,2840016014,2024-03-31,2024-W13,18.0,18.0,0.0,89.82000000000001
STR_W01,4900005010,2024-03-31,2024-W13,28.0,28.0,0.0,55.72
STR_E01,1200080994,2024-04-01,2024-W14,28.0,0.0,28.0,0.0
STR_E01,2840016014,2024-04-01,2024-W14,18.0,18.0,0.0,89.82000000000001
STR_E01,4900005010,2024-04-01,2024-W14,27.0,27.0,0.0,53.73
STR_E02,1200080994,2024-04-01,2024-W14,42.0,0.0,42.0,0.0
STR_E02,2840016014,2024-04-01,2024-W14,18.0,18.0,0.0,89.82000000000001
STR_E02,4900005010,2024-04-01,2024-W14,30.0,30.0,0.0,59.7
STR_W01,1200080994,2024-04-01,2024-W14,30.0,0.0,30.0,0.0
STR_W01,2840016014,2024-04-01,2024-W14,21.0,21.0,0.0,104.79
STR_W01,4900005010,2024-04-01,2024-W14,26.0,26.0,0.0,51.74
STR_E01,1200080994,2024-04-02,2024-W14,33.0,0.0,33.0,0.0
STR_E01,2840016014,2024-04-02,2024-W14,17.0,17.0,0.0,84.83
STR_E01,4900005010,2024-04-02,2024-W14,19.0,0.0,19.0,0.0
STR_E02,1200080994,2024-04-02,2024-W14,31.0,0.0,31.0,0.0
STR_E02,2840016014,2024-04-02,2024-W14,13.0,13.0,0.0,64.87
STR_E02,4900005010,2024-04-02,2024-W14,25.0,11.0,14.0,21.89
STR_W01,1200080994,2024-04-02,2024-W14,31.0,0.0,31.0,0.0
STR_W01,2840016014,2024-04-02,2024-W14,15.0,15.0,0.0,74.85000000000001
STR_W01,4900005010,2024-04-02,2024-W14,25.0,3.0,22.0,5.97
STR_E01,1200080994,2024-04-03,2024-W14,24.0,24.0,0.0,191.76
STR_E01,2840016014,2024-04-03,2024-W14,11.0,11.0,0.0,54.89
STR_E01,4900005010,2024-04-03,2024-W14,22.0,22.0,0.0,43.78
STR_E02,1200080994,2024-04-03,2024-W14,35.0,35.0,0.0,279.65000000000003
STR_E02,2840016014,2024-04-03,2024-W14,11.0,11.0,0.0,54.89
STR_E02,4900005010,2024-04-03,2024-W14,22.0,22.0,0.0,43.78
STR_W01,1200080994,2024-04-03,2024-W14,20.0,0.0,20.0,0.0
STR_W01,2840016014,2024-04-03,2024-W14,12.0,12.0,0.0,59.88
STR_W01,4900005010,2024-04-03,2024-W14,19.0,19.0,0.0,37.81
STR_E01,1200080994,2024-04-04,2024-W14,17.0,17.0,0.0,135.83
STR_E01,2840016014,2024-04-04,2024-W14,10.0,10.0,0.0,49.900000000000006
STR_E01,4900005010,2024-04-04,2024-W14,14.0,14.0,0.0,27.86
STR_E02,1200080994,2024-04-04,2024-W14,19.0,19.0,0.0,151.81
STR_E02,2840016014,2024-04-04,2024-W14,8.0,8.0,0.0,39.92
STR_E02,4900005010,2024-04-04,2024-W14,13.0,13.0,0.0,25.87
STR_W01,1200080994,2024-04-04,2024-W14,17.0,0.0,17.0,0.0
STR_W01,2840016014,2024-04-04,2024-W14,11.0,11.0,0.0,54.89
STR_W01,4900005010,2024-04-04,2024-W14,13.0,13.0,0.0,25.87
STR_E01,1200080994,2024-04-05,2024-W14,10.0,10.0,0.0,79.9
STR_E01,2840016014,2024-04-05,2024-W14,11.0,11.0,0.0,54.89
STR_E01,4900005010,2024-04-05,2024-W14,10.0,10.0,0.0,19.9
STR_E02,1200080994,2024-04-05,2024-W14,10.0,10.0,0.0,79.9
STR_E02,2840016014,2024-04-05,2024-W14,10.0,10.0,0.0,49.900000000000006
STR_E02,4900005010,2024-04-05,2024-W14,9.0,9.0,0.0,17.91
STR_W01,1200080994,2024-04-05,2024-W14,12.0,12.0,0.0,95.88
STR_W01,2840016014,2024-04-05,2024-W14,10.0,10.0,0.0,49.900000000000006
STR_W01,4900005010,2024-04-05,2024-W14,9.0,9.0,0.0,17.91
STR_E01,1200080994,2024-04-06,2024-W14,8.0,8.0,0.0,63.92
STR_E01,2840016014,2024-04-06,2024-W14,11.0,11.0,0.0,54.89
STR_E01,4900005010,2024-04-06,2024-W14,9.0,9.0,0.0,17.91
STR_E02,1200080994,2024-04-06,2024-W14,11.0,11.0,0.0,87.89
STR_E02,2840016014,2024-04-06,2024-W14,12.0,12.0,0.0,59.88
STR_E02,4900005010,2024-04-06,2024-W14,10.0,10.0,0.0,19.9
STR_W01,1200080994,2024-04-06,2024-W14,10.0,10.0,0.0,79.9
STR_W01,2840016014,2024-04-06,2024-W14,9.0,9.0,0.0,44.910000000000004
STR_W01,4900005010,2024-04-06,2024-W14,11.0,11.0,0.0,21.89
STR_E01,1200080994,2024-04-07,2024-W14,9.0,9.0,0.0,71.91
STR_E01,2840016014,2024-04-07,2024-W14,10.0,10.0,0.0,49.900000000000006
STR_E01,4900005010,2024-04-07,2024-W14,9.0,9.0,0.0,17.91
STR_E02,1200080994,2024-04-07,2024-W14,10.0,3.0,7.0,23.97
STR_E02,2840016014,2024-04-07,2024-W14,11.0,11.0,0.0,54.89
STR_E02,4900005010,2024-04-07,2024-W14,11.0,11.0,0.0,21.89
STR_W01,1200080994,2024-04-07,2024-W14,9.0,9.0,0.0,71.91
STR_W01,2840016014,2024-04-07,2024-W14,12.0,12.0,0.0,59.88
STR_W01,4900005010,2024-04-07,2024-W14,8.0,8.0,0.0,15.92
STR_E01,1200080994,2024-04-08,2024-W15,8.0,8.0,0.0,63.92
STR_E01,2840016014,2024-04-08,2024-W15,10.0,10.0,0.0,49.900000000000006
STR_E01,4900005010,2024-04-08,2024-W15,13.0,13.0,0.0,25.87
STR_E02,1200080994,2024-04-08,2024-W15,11.0,0.0,11.0,0.0
STR_E02,2840016014,2024-04-08,2024-W15,9.0,9.0,0.0,44.910000000000004
STR_E02,4900005010,2024-04-08,2024-W15,11.0,11.0,0.0,21.89
STR_W01,1200080994,2024-04-08,2024-W15,11.0,11.0,0.0,87.89
STR_W01,2840016014,2024-04-08,2024-W15,13.0,13.0,0.0,64.87
STR_W01,4900005010,2024-04-08,2024-W15,9.0,9.0,0.0,17.91
STR_E01,1200080994,2024-04-09,2024-W15,8.0,8.0,0.0,63.92
STR_E01,2840016014,2024-04-09,2024-W15,8.0,8.0,0.0,39.92
STR_E01,4900005010,2024-04-09,2024-W15,10.0,10.0,0.0,19.9
STR_E02,1200080994,2024-04-09,2024-W15,8.0,0.0,8.0,0.0
STR_E02,2840016014,2024-04-09,2024-W15,8.0,8.0,0.0,39.92
STR_E02,4900005010,2024-04-09,2024-W15,13.0,13.0,0.0,25.87
STR_W01,1200080994,2024-04-09,2024-W15,13.0,13.0,0.0,103.87
STR_W01,2840016014,2024-04-09,2024-W15,11.0,11.0,0.0,54.89
STR_W01,4900005010,2024-04-09,2024-W15,11.0,11.0,0.0,21.89
STR_E01,1200080994,2024-04-10,2024-W15,10.0,10.0,0.0,79.9
STR_E01,2840016014,2024-04-10,2024-W15,12.0,12.0,0.0,59.88
STR_E01,4900005010,2024-04-10,2024-W15,9.0,9.0,0.0,17.91
STR_E02,1200080994,2024-04-10,2024-W15,8.0,8.0,0.0,63.92
STR_E02,2840016014,2024-04-10,2024-W15,12.0,12.0,0.0,59.88
STR_E02,4900005010,2024-04-10,2024-W15,12.0,12.0,0.0,23.88
STR_W01,1200080994,2024-04-10,2024-W15,10.0,10.0,0.0,79.9
STR_W01,2840016014,2024-04-10,2024-W15,11.0,11.0,0.0,54.89
STR_W01,4900005010,2024-04-10,2024-W15,10.0,10.0,0.0,19.9
STR_E01,1200080994,2024-04-11,2024-W15,8.0,8.0,0.0,63.92
STR_E01,2840016014,2024-04-11,2024-W15,9.0,9.0,0.0,44.910000000000004
STR_E01,4900005010,2024-04-11,2024-W15,8.0,8.0,0.0,15.92
STR_E02,1200080994,2024-04-11,2024-W15,9.0,9.0,0.0,71.91
STR_E02,2840016014,2024-04-11,2024-W15,10.0,10.0,0.0,49.900000000000006
STR_E02,4900005010,2024-04-11,2024-W15,10.0,10.0,0.0,19.9
STR_W01,1200080994,2024-04-11,2024-W15,11.0,11.0,0.0,87.89
STR_W01,2840016014,2024-04-11,2024-W15,9.0,9.0,0.0,44.910000000000004
STR_W01,4900005010,2024-04-11,2024-W15,13.0,13.0,0.0,25.87
STR_E01,1200080994,2024-04-12,2024-W15,9.0,9.0,0.0,71.91
STR_E01,2840016014,2024-04-12,2024-W15,8.0,8.0,0.0,39.92
STR_E01,4900005010,2024-04-12,2024-W15,11.0,11.0,0.0,21.89
STR_E02,1200080994,2024-04-12,2024-W15,9.0,9.0,0.0,71.91
STR_E02,2840016014,2024-04-12,2024-W15,11.0,11.0,0.0,54.89
STR_E02,4900005010,2024-04-12,2024-W15,11.0,11.0,0.0,21.89
STR_W01,1200080994,2024-04-12,2024-W15,9.0,9.0,0.0,71.91
STR_W01,2840016014,2024-04-12,2024-W15,10.0,10.0,0.0,49.900000000000006
STR_W01,4900005010,2024-04-12,2024-W15,9.0,9.0,0.0,17.91
STR_E01,1200080994,2024-04-13,2024-W15,8.0,8.0,0.0,63.92
STR_E01,2840016014,2024-04-13,2024-W15,12.0,12.0,0.0,59.88
STR_E01,4900005010,2024-04-13,2024-W15,11.0,11.0,0.0,21.89
STR_E02,1200080994,2024-04-13,2024-W15,11.0,11.0,0.0,87.89
STR_E02,2840016014,2024-04-13,2024-W15,11.0,11.0,0.0,54.89
STR_E02,4900005010,2024-04-13,2024-W15,10.0,10.0,0.0,19.9
STR_W01,1200080994,2024-04-13,2024-W15,10.0,10.0,0.0,79.9
STR_W01,2840016014,2024-04-13,2024-W15,12.0,12.0,0.0,59.88
STR_W01,4900005010,2024-04-13,2024-W15,10.0,10.0,0.0,19.9
STR_E01,1200080994,2024-04-14,2024-W15,9.0,9.0,0.0,71.91
STR_E01,2840016014,2024-04-14,2024-W15,9.0,9.0,0.0,44.910000000000004
STR_E01,4900005010,2024-04-14,2024-W15,11.0,11.0,0.0,21.89
STR_E02,1200080994,2024-04-14,2024-W15,10.0,10.0,0.0,79.9
STR_E02,2840016014,2024-04-14,2024-W15,7.0,7.0,0.0,34.93
STR_E02,4900005010,2024-04-14,2024-W15,7.0,7.0,0.0,13.93
STR_W01,1200080994,2024-04-14,2024-W15,12.0,12.0,0.0,95.88
STR_W01,2840016014,2024-04-14,2024-W15,11.0,11.0,0.0,54.89
STR_W01,4900005010,2024-04-14,2024-W15,10.0,10.0,0.0,19.9
STR_E01,1200080994,2024-04-15,2024-W16,8.0,8.0,0.0,63.92
STR_E01,2840016014,2024-04-15,2024-W16,8.0,8.0,0.0,39.92
STR_E01,4900005010,2024-04-15,2024-W16,11.0,11.0,0.0,21.89
STR_E02,1200080994,2024-04-15,2024-W16,10.0,10.0,0.0,79.9
STR_E02,2840016014,2024-04-15,2024-W16,10.0,10.0,0.0,49.900000000000006
STR_E02,4900005010,2024-04-15,2024-W16,9.0,9.0,0.0,17.91
STR_W01,1200080994,2024-04-15,2024-W16,9.0,9.0,0.0,71.91
STR_W01,2840016014,2024-04-15,2024-W16,9.0,9.0,0.0,44.910000000000004
STR_W01,4900005010,2024-04-15,2024-W16,10.0,10.0,0.0,19.9
STR_E01,1200080994,2024-04-16,2024-W16,10.0,10.0,0.0,79.9
STR_E01,2840016014,2024-04-16,2024-W16,13.0,13.0,0.0,64.87
STR_E01,4900005010,2024-04-16,2024-W16,11.0,11.0,0.0,21.89
STR_E02,1200080994,2024-04-16,2024-W16,11.0,11.0,0.0,87.89
STR_E02,2840016014,2024-04-16,2024-W16,10.0,10.0,0.0,49.900000000000006
STR_E02,4900005010,2024-04-16,2024-W16,9.0,9.0,0.0,17.91
STR_W01,1200080994,2024-04-16,2024-W16,11.0,11.0,0.0,87.89
STR_W01,2840016014,2024-04-16,2024-W16,13.0,13.0,0.0,64.87
STR_W01,4900005010,2024-04-16,2024-W16,11.0,11.0,0.0,21.89
STR_E01,1200080994,2024-04-17,2024-W16,13.0,13.0,0.0,103.87
STR_E01,2840016014,2024-04-17,2024-W16,12.0,12.0,0.0,59.88
STR_E01,4900005010,2024-04-17,2024-W16,9.0,9.0,0.0,17.91
STR_E02,1200080994,2024-04-17,2024-W16,8.0,8.0,0.0,63.92
STR_E02,2840016014,2024-04-17,2024-W16,10.0,10.0,0.0,49.900000000000006
STR_E02,4900005010,2024-04-17,2024-W16,12.0,12.0,0.0,23.88
STR_W01,1200080994,2024-04-17,2024-W16,9.0,9.0,0.0,71.91
STR_W01,2840016014,2024-04-17,2024-W16,10.0,10.0,0.0,49.900000000000006
STR_W01,4900005010,2024-04-17,2024-W16,8.0,8.0,0.0,15.92
STR_E01,1200080994,2024-04-18,2024-W16,10.0,10.0,0.0,79.9
STR_E01,2840016014,2024-04-18,2024-W16,14.0,14.0,0.0,69.86
STR_E01,4900005010,2024-04-18,2024-W16,8.0,8.0,0.0,15.92
STR_E02,1200080994,2024-04-18,2024-W16,9.0,9.0,0.0,71.91
STR_E02,2840016014,2024-04-18,2024-W16,10.0,10.0,0.0,49.900000000000006
STR_E02,4900005010,2024-04-18,2024-W16,10.0,10.0,0.0,19.9
STR_W01,1200080994,2024-04-18,2024-W16,10.0,10.0,0.0,79.9
STR_W01,2840016014,2024-04-18,2024-W16,10.0,10.0,0.0,49.900000000000006
STR_W01,4900005010,2024-04-18,2024-W16,9.0,9.0,0.0,17.91
STR_E01,1200080994,2024-04-19,2024-W16,7.0,7.0,0.0,55.93
STR_E01,2840016014,2024-04-19,2024-W16,10.0,10.0,0.0,49.900000000000006
STR_E01,4900005010,2024-04-19,2024-W16,8.0,8.0,0.0,15.92
STR_E02,1200080994,2024-04-19,2024-W16,9.0,9.0,0.0,71.91
STR_E02,2840016014,2024-04-19,2024-W16,11.0,11.0,0.0,54.89
STR_E02,4900005010,2024-04-19,2024-W16,12.0,12.0,0.0,23.88
STR_W01,1200080994,2024-04-19,2024-W16,10.0,10.0,0.0,79.9
STR_W01,2840016014,2024-04-19,2024-W16,11.0,11.0,0.0,54.89
STR_W01,4900005010,2024-04-19,2024-W16,9.0,9.0,0.0,17.91
STR_E01,1200080994,2024-04-20,2024-W16,9.0,9.0,0.0,71.91
STR_E01,2840016014,2024-04-20,2024-W16,14.0,14.0,0.0,69.86
STR_E01,4900005010,2024-04-20,2024-W16,9.0,9.0,0.0,17.91
STR_E02,1200080994,2024-04-20,2024-W16,9.0,9.0,0.0,71.91
STR_E02,2840016014,2024-04-20,2024-W16,10.0,10.0,0.0,49.900000000000006
STR_E02,4900005010,2024-04-20,2024-W16,12.0,12.0,0.0,23.88
STR_W01,1200080994,2024-04-20,2024-W16,9.0,9.0,0.0,71.91
STR_W01,2840016014,2024-04-20,2024-W16,10.0,10.0,0.0,49.900000000000006
STR_W01,4900005010,2024-04-20,2024-W16,11.0,11.0,0.0,21.89
STR_E01,1200080994,2024-04-21,2024-W16,12.0,12.0,0.0,95.88
STR_E01,2840016014,2024-04-21,2024-W16,12.0,12.0,0.0,59.88
STR_E01,4900005010,2024-04-21,2024-W16,9.0,9.0,0.0,17.91
STR_E02,1200080994,2024-04-21,2024-W16,10.0,10.0,0.0,79.9
STR_E02,2840016014,2024-04-21,2024-W16,12.0,12.0,0.0,59.88
STR_E02,4900005010,2024-04-21,2024-W16,10.0,10.0,0.0,19.9
STR_W01,1200080994,2024-04-21,2024-W16,11.0,11.0,0.0,87.89
STR_W01,2840016014,2024-04-21,2024-W16,8.0,8.0,0.0,39.92
STR_W01,4900005010,2024-04-21,2024-W16,10.0,10.0,0.0,19.9
STR_E01,1200080994,2024-04-22,2024-W17,11.0,11.0,0.0,87.89
STR_E01,2840016014,2024-04-22,2024-W17,9.0,9.0,0.0,44.910000000000004
STR_E01,4900005010,2024-04-22,2024-W17,15.0,15.0,0.0,29.85
STR_E02,1200080994,2024-04-22,2024-W17,11.0,11.0,0.0,87.89
STR_E02,2840016014,2024-04-22,2024-W17,10.0,10.0,0.0,49.900000000000006
STR_E02,4900005010,2024-04-22,2024-W17,10.0,10.0,0.0,19.9
STR_W01,1200080994,2024-04-22,2024-W17,8.0,8.0,0.0,63.92
STR_W01,2840016014,2024-04-22,2024-W17,14.0,14.0,0.0,69.86
STR_W01,4900005010,2024-04-22,2024-W17,9.0,9.0,0.0,17.91
STR_E01,1200080994,2024-04-23,2024-W17,11.0,11.0,0.0,87.89
STR_E01,2840016014,2024-04-23,2024-W17,11.0,11.0,0.0,54.89
STR_E01,4900005010,2024-04-23,2024-W17,9.0,9.0,0.0,17.91
STR_E02,1200080994,2024-04-23,2024-W17,11.0,11.0,0.0,87.89
STR_E02,2840016014,2024-04-23,2024-W17,9.0,9.0,0.0,44.910000000000004
STR_E02,4900005010,2024-04-23,2024-W17,9.0,9.0,0.0,17.91
STR_W01,1200080994,2024-04-23,2024-W17,9.0,9.0,0.0,71.91
STR_W01,2840016014,2024-04-23,2024-W17,8.0,8.0,0.0,39.92
STR_W01,4900005010,2024-04-23,2024-W17,10.0,10.0,0.0,19.9
STR_E01,1200080994,2024-04-24,2024-W17,10.0,10.0,0.0,79.9
STR_E01,2840016014,2024-04-24,2024-W17,9.0,9.0,0.0,44.910000000000004
STR_E01,4900005010,2024-04-24,2024-W17,10.0,10.0,0.0,19.9
STR_E02,1200080994,2024-04-24,2024-W17,11.0,11.0,0.0,87.89
STR_E02,2840016014,2024-04-24,2024-W17,9.0,9.0,0.0,44.910000000000004
STR_E02,4900005010,2024-04-24,2024-W17,11.0,11.0,0.0,21.89
STR_W01,1200080994,2024-04-24,2024-W17,10.0,10.0,0.0,79.9
STR_W01,2840016014,2024-04-24,2024-W17,10.0,10.0,0.0,49.900000000000006
STR_W01,4900005010,2024-04-24,2024-W17,9.0,9.0,0.0,17.91
STR_E01,1200080994,2024-04-25,2024-W17,10.0,10.0,0.0,79.9
STR_E01,2840016014,2024-04-25,2024-W17,11.0,11.0,0.0,54.89
STR_E01,4900005010,2024-04-25,2024-W17,15.0,15.0,0.0,29.85
STR_E02,1200080994,2024-04-25,2024-W17,11.0,11.0,0.0,87.89
STR_E02,2840016014,2024-04-25,2024-W17,10.0,10.0,0.0,49.900000000000006
STR_E02,4900005010,2024-04-25,2024-W17,14.0,14.0,0.0,27.86
STR_W01,1200080994,2024-04-25,2024-W17,9.0,9.0,0.0,71.91
STR_W01,2840016014,2024-04-25,2024-W17,10.0,10.0,0.0,49.900000000000006
STR_W01,4900005010,2024-04-25,2024-W17,12.0,12.0,0.0,23.88
STR_E01,1200080994,2024-04-26,2024-W17,14.0,14.0,0.0,111.86
STR_E01,2840016014,2024-04-26,2024-W17,10.0,10.0,0.0,49.900000000000006
STR_E01,4900005010,2024-04-26,2024-W17,9.0,9.0,0.0,17.91
STR_E02,1200080994,2024-04-26,2024-W17,11.0,11.0,0.0,87.89
STR_E02,2840016014,2024-04-26,2024-W17,12.0,12.0,0.0,59.88
STR_E02,4900005010,2024-04-26,2024-W17,10.0,10.0,0.0,19.9
STR_W01,1200080994,2024-04-26,2024-W17,13.0,13.0,0.0,103.87
STR_W01,2840016014,2024-04-26,2024-W17,9.0,9.0,0.0,44.910000000000004
STR_W01,4900005010,2024-04-26,2024-W17,9.0,9.0,0.0,17.91
STR_E01,1200080994,2024-04-27,2024-W17,9.0,9.0,0.0,71.91
STR_E01,2840016014,2024-04-27,2024-W17,13.0,13.0,0.0,64.87
STR_E01,4900005010,2024-04-27,2024-W17,10.0,10.0,0.0,19.9
STR_E02,1200080994,2024-04-27,2024-W17,13.0,13.0,0.0,103.87
STR_E02,2840016014,2024-04-27,2024-W17,10.0,10.0,0.0,49.900000000000006
STR_E02,4900005010,2024-04-27,2024-W17,8.0,8.0,0.0,15.92
STR_W01,1200080994,2024-04-27,2024-W17,11.0,11.0,0.0,87.89
STR_W01,2840016014,2024-04-27,2024-W17,12.0,12.0,0.0,59.88
STR_W01,4900005010,2024-04-27,2024-W17,10.0,10.0,0.0,19.9
STR_E01,1200080994,2024-04-28,2024-W17,8.0,8.0,0.0,63.92
STR_E01,2840016014,2024-04-28,2024-W17,11.0,11.0,0.0,54.89
STR_E01,4900005010,2024-04-28,2024-W17,11.0,11.0,0.0,21.89
STR_E02,1200080994,2024-04-28,2024-W17,9.0,9.0,0.0,71.91
STR_E02,2840016014,2024-04-28,2024-W17,8.0,8.0,0.0,39.92
STR_E02,4900005010,2024-04-28,2024-W17,12.0,12.0,0.0,23.88
STR_W01,1200080994,2024-04-28,2024-W17,11.0,11.0,0.0,87.89
STR_W01,2840016014,2024-04-28,2024-W17,11.0,11.0,0.0,54.89
STR_W01,4900005010,2024-04-28,2024-W17,11.0,11.0,0.0,21.89
STR_E01,1200080994,2024-04-29,2024-W18,14.0,14.0,0.0,111.86
STR_E01,2840016014,2024-04-29,2024-W18,13.0,13.0,0.0,64.87
STR_E01,4900005010,2024-04-29,2024-W18,9.0,9.0,0.0,17.91
STR_E02,1200080994,2024-04-29,2024-W18,9.0,9.0,0.0,71.91
STR_E02,2840016014,2024-04-29,2024-W18,12.0,12.0,0.0,59.88
STR_E02,4900005010,2024-04-29,2024-W18,11.0,11.0,0.0,21.89
STR_W01,1200080994,2024-04-29,2024-W18,11.0,11.0,0.0,87.89
STR_W01,2840016014,2024-04-29,2024-W18,13.0,13.0,0.0,64.87
STR_W01,4900005010,2024-04-29,2024-W18,12.0,12.0,0.0,23.88
STR_E01,1200080994,2024-04-30,2024-W18,11.0,11.0,0.0,87.89
STR_E01,2840016014,2024-04-30,2024-W18,11.0,11.0,0.0,54.89
STR_E01,4900005010,2024-04-30,2024-W18,10.0,10.0,0.0,19.9
STR_E02,1200080994,2024-04-30,2024-W18,12.0,12.0,0.0,95.88
STR_E02,2840016014,2024-04-30,2024-W18,12.0,12.0,0.0,59.88
STR_E02,4900005010,2024-04-30,2024-W18,9.0,9.0,0.0,17.91
STR_W01,1200080994,2024-04-30,2024-W18,10.0,10.0,0.0,79.9
STR_W01,2840016014,2024-04-30,2024-W18,10.0,10.0,0.0,49.900000000000006
STR_W01,4900005010,2024-04-30,2024-W18,9.0,9.0,0.0,17.91
STR_E01,1200080994,2024-05-01,2024-W18,11.0,11.0,0.0,87.89
STR_E01,2840016014,2024-05-01,2024-W18,10.0,10.0,0.0,49.900000000000006
STR_E01,4900005010,2024-05-01,2024-W18,11.0,11.0,0.0,21.89
STR_E02,1200080994,2024-05-01,2024-W18,9.0,9.0,0.0,71.91
STR_E02,2840016014,2024-05-01,2024-W18,15.0,15.0,0.0,74.85000000000001
STR_E02,4900005010,2024-05-01,2024-W18,13.0,13.0,0.0,25.87
STR_W01,1200080994,2024-05-01,2024-W18,10.0,10.0,0.0,79.9
STR_W01,2840016014,2024-05-01,2024-W18,9.0,9.0,0.0,44.910000000000004
STR_W01,4900005010,2024-05-01,2024-W18,9.0,9.0,0.0,17.91
STR_E01,1200080994,2024-05-02,2024-W18,13.0,13.0,0.0,103.87
STR_E01,2840016014,2024-05-02,2024-W18,9.0,9.0,0.0,44.910000000000004
STR_E01,4900005010,2024-05-02,2024-W18,11.0,11.0,0.0,21.89
STR_E02,1200080994,2024-05-02,2024-W18,11.0,11.0,0.0,87.89
STR_E02,2840016014,2024-05-02,2024-W18,10.0,10.0,0.0,49.900000000000006
STR_E02,4900005010,2024-05-02,2024-W18,11.0,11.0,0.0,21.89
STR_W01,1200080994,2024-05-02,2024-W18,10.0,10.0,0.0,79.9
STR_W01,2840016014,2024-05-02,2024-W18,8.0,8.0,0.0,39.92
STR_W01,4900005010,2024-05-02,2024-W18,12.0,12.0,0.0,23.88
STR_E01,1200080994,2024-05-03,2024-W18,14.0,14.0,0.0,111.86
STR_E01,2840016014,2024-05-03,2024-W18,9.0,9.0,0.0,44.910000000000004
STR_E01,4900005010,2024-05-03,2024-W18,9.0,9.0,0.0,17.91
STR_E02,1200080994,2024-05-03,2024-W18,10.0,10.0,0.0,79.9
STR_E02,2840016014,2024-05-03,2024-W18,15.0,15.0,0.0,74.85000000000001
STR_E02,4900005010,2024-05-03,2024-W18,11.0,11.0,0.0,21.89
STR_W01,1200080994,2024-05-03,2024-W18,10.0,10.0,0.0,79.9
STR_W01,2840016014,2024-05-03,2024-W18,9.0,9.0,0.0,44.910000000000004
STR_W01,4900005010,2024-05-03,2024-W18,9.0,9.0,0.0,17.91
STR_E01,1200080994,2024-05-04,2024-W18,10.0,10.0,0.0,79.9
STR_E01,2840016014,2024-05-04,2024-W18,9.0,9.0,0.0,44.910000000000004
STR_E01,4900005010,2024-05-04,2024-W18,12.0,12.0,0.0,23.88
STR_E02,1200080994,2024-05-04,2024-W18,13.0,13.0,0.0,103.87
STR_E02,2840016014,2024-05-04,2024-W18,11.0,11.0,0.0,54.89
STR_E02,4900005010,2024-05-04,2024-W18,8.0,8.0,0.0,15.92
STR_W01,1200080994,2024-05-04,2024-W18,11.0,11.0,0.0,87.89
STR_W01,2840016014,2024-05-04,2024-W18,8.0,8.0,0.0,39.92
STR_W01,4900005010,2024-05-04,2024-W18,10.0,10.0,0.0,19.9
STR_E01,1200080994,2024-05-05,2024-W18,13.0,13.0,0.0,103.87
STR_E01,2840016014,2024-05-05,2024-W18,9.0,9.0,0.0,44.910000000000004
STR_E01,4900005010,2024-05-05,2024-W18,9.0,9.0,0.0,17.91
STR_E02,1200080994,2024-05-05,2024-W18,11.0,11.0,0.0,87.89
STR_E02,2840016014,2024-05-05,2024-W18,10.0,10.0,0.0,49.900000000000006
STR_E02,4900005010,2024-05-05,2024-W18,11.0,11.0,0.0,21.89
STR_W01,1200080994,2024-05-05,2024-W18,11.0,11.0,0.0,87.89
STR_W01,2840016014,2024-05-05,2024-W18,13.0,13.0,0.0,64.87
STR_W01,4900005010,2024-05-05,2024-W18,8.0,8.0,0.0,15.92
STR_E01,1200080994,2024-05-06,2024-W19,10.0,10.0,0.0,79.9
STR_E01,2840016014,2024-05-06,2024-W19,10.0,10.0,0.0,49.900000000000006
STR_E01,4900005010,2024-05-06,2024-W19,11.0,11.0,0.0,21.89
STR_E02,1200080994,2024-05-06,2024-W19,13.0,13.0,0.0,103.87
STR_E02,2840016014,2024-05-06,2024-W19,11.0,11.0,0.0,54.89
STR_E02,4900005010,2024-05-06,2024-W19,10.0,10.0,0.0,19.9
STR_W01,1200080994,2024-05-06,2024-W19,9.0,9.0,0.0,71.91
STR_W01,2840016014,2024-05-06,2024-W19,10.0,10.0,0.0,49.900000000000006
STR_W01,4900005010,2024-05-06,2024-W19,13.0,13.0,0.0,25.87
STR_E01,1200080994,2024-05-07,2024-W19,12.0,12.0,0.0,95.88
STR_E01,2840016014,2024-05-07,2024-W19,10.0,10.0,0.0,49.900000000000006
STR_E01,4900005010,2024-05-07,2024-W19,13.0,13.0,0.0,25.87
STR_E02,1200080994,2024-05-07,2024-W19,12.0,12.0,0.0,95.88
STR_E02,2840016014,2024-05-07,2024-W19,11.0,11.0,0.0,54.89
STR_E02,4900005010,2024-05-07,2024-W19,12.0,12.0,0.0,23.88
STR_W01,1200080994,2024-05-07,2024-W19,11.0,11.0,0.0,87.89
STR_W01,2840016014,2024-05-07,2024-W19,10.0,10.0,0.0,49.900000000000006
STR_W01,4900005010,2024-05-07,2024-W19,11.0,11.0,0.0,21.89
STR_E01,1200080994,2024-05-08,2024-W19,10.0,10.0,0.0,79.9
STR_E01,2840016014,2024-05-08,2024-W19,13.0,13.0,0.0,64.87
STR_E01,4900005010,2024-05-08,2024-W19,12.0,12.0,0.0,23.88
STR_E02,1200080994,2024-05-08,2024-W19,10.0,10.0,0.0,79.9
STR_E02,2840016014,2024-05-08,2024-W19,9.0,9.0,0.0,44.910000000000004
STR_E02,4900005010,2024-05-08,2024-W19,10.0,10.0,0.0,19.9
STR_W01,1200080994,2024-05-08,2024-W19,13.0,13.0,0.0,103.87
STR_W01,2840016014,2024-05-08,2024-W19,12.0,12.0,0.0,59.88
STR_W01,4900005010,2024-05-08,2024-W19,13.0,13.0,0.0,25.87
STR_E01,1200080994,2024-05-09,2024-W19,12.0,12.0,0.0,95.88
STR_E01,2840016014,2024-05-09,2024-W19,11.0,11.0,0.0,54.89
STR_E01,4900005010,2024-05-09,2024-W19,12.0,12.0,0.0,23.88
STR_E02,1200080994,2024-05-09,2024-W19,10.0,10.0,0.0,79.9
STR_E02,2840016014,2024-05-09,2024-W19,10.0,10.0,0.0,49.900000000000006
STR_E02,4900005010,2024-05-09,2024-W19,11.0,11.0,0.0,21.89
STR_W01,1200080994,2024-05-09,2024-W19,12.0,12.0,0.0,95.88
STR_W01,2840016014,2024-05-09,2024-W19,11.0,11.0,0.0,54.89
STR_W01,4900005010,2024-05-09,2024-W19,10.0,10.0,0.0,19.9
STR_E01,1200080994,2024-05-10,2024-W19,10.0,10.0,0.0,79.9
STR_E01,2840016014,2024-05-10,2024-W19,11.0,11.0,0.0,54.89
STR_E01,4900005010,2024-05-10,2024-W19,11.0,11.0,0.0,21.89
STR_E02,1200080994,2024-05-10,2024-W19,9.0,9.0,0.0,71.91
STR_E02,2840016014,2024-05-10,2024-W19,10.0,10.0,0.0,49.900000000000006
STR_E02,4900005010,2024-05-10,2024-W19,10.0,10.0,0.0,19.9
STR_W01,1200080994,2024-05-10,2024-W19,11.0,11.0,0.0,87.89
STR_W01,2840016014,2024-05-10,2024-W19,10.0,10.0,0.0,49.900000000000006
STR_W01,4900005010,2024-05-10,2024-W19,11.0,11.0,0.0,21.89
STR_E01,1200080994,2024-05-11,2024-W19,12.0,12.0,0.0,95.88
STR_E01,2840016014,2024-05-11,2024-W19,11.0,11.0,0.0,54.89
STR_E01,4900005010,2024-05-11,2024-W19,9.0,9.0,0.0,17.91
STR_E02,1200080994,2024-05-11,2024-W19,12.0,12.0,0.0,95.88
STR_E02,2840016014,2024-05-11,2024-W19,8.0,8.0,0.0,39.92
STR_E02,4900005010,2024-05-11,2024-W19,13.0,13.0,0.0,25.87
STR_W01,1200080994,2024-05-11,2024-W19,12.0,12.0,0.0,95.88
STR_W01,2840016014,2024-05-11,2024-W19,10.0,10.0,0.0,49.900000000000006
STR_W01,4900005010,2024-05-11,2024-W19,10.0,10.0,0.0,19.9
STR_E01,1200080994,2024-05-12,2024-W19,11.0,11.0,0.0,87.89
STR_E01,2840016014,2024-05-12,2024-W19,11.0,11.0,0.0,54.89
STR_E01,4900005010,2024-05-12,2024-W19,9.0,9.0,0.0,17.91
STR_E02,1200080994,2024-05-12,2024-W19,10.0,10.0,0.0,79.9
STR_E02,2840016014,2024-05-12,2024-W19,13.0,13.0,0.0,64.87
STR_E02,4900005010,2024-05-12,2024-W19,13.0,13.0,0.0,25.87
STR_W01,1200080994,2024-05-12,2024-W19,16.0,16.0,0.0,127.84
STR_W01,2840016014,2024-05-12,2024-W19,9.0,9.0,0.0,44.910000000000004
STR_W01,4900005010,2024-05-12,2024-W19,11.0,11.0,0.0,21.89
STR_E01,1200080994,2024-05-13,2024-W20,12.0,12.0,0.0,95.88
STR_E01,2840016014,2024-05-13,2024-W20,12.0,12.0,0.0,59.88
STR_E01,4900005010,2024-05-13,2024-W20,13.0,13.0,0.0,25.87
STR_E02,1200080994,2024-05-13,2024-W20,9.0,9.0,0.0,71.91
STR_E02,2840016014,2024-05-13,2024-W20,10.0,10.0,0.0,49.900000000000006
STR_E02,4900005010,2024-05-13,2024-W20,11.0,11.0,0.0,21.89
STR_W01,1200080994,2024-05-13,2024-W20,9.0,9.0,0.0,71.91
STR_W01,2840016014,2024-05-13,2024-W20,10.0,10.0,0.0,49.900000000000006
STR_W01,4900005010,2024-05-13,2024-W20,8.0,8.0,0.0,15.92
STR_E01,1200080994,2024-05-14,2024-W20,10.0,10.0,0.0,79.9
STR_E01,2840016014,2024-05-14,2024-W20,12.0,12.0,0.0,59.88
STR_E01,4900005010,2024-05-14,2024-W20,11.0,11.0,0.0,21.89
STR_E02,1200080994,2024-05-14,2024-W20,10.0,10.0,0.0,79.9
STR_E02,2840016014,2024-05-14,2024-W20,12.0,12.0,0.0,59.88
STR_E02,4900005010,2024-05-14,2024-W20,11.0,11.0,0.0,21.89
STR_W01,1200080994,2024-05-14,2024-W20,12.0,12.0,0.0,95.88
STR_W01,2840016014,2024-05-14,2024-W20,13.0,13.0,0.0,64.87
STR_W01,4900005010,2024-05-14,2024-W20,11.0,11.0,0.0,21.89
STR_E01,1200080994,2024-05-15,2024-W20,13.0,13.0,0.0,103.87
STR_E01,2840016014,2024-05-15,2024-W20,11.0,11.0,0.0,54.89
STR_E01,4900005010,2024-05-15,2024-W20,10.0,10.0,0.0,19.9
STR_E02,1200080994,2024-05-15,2024-W20,10.0,10.0,0.0,79.9
STR_E02,2840016014,2024-05-15,2024-W20,13.0,13.0,0.0,64.87
STR_E02,4900005010,2024-05-15,2024-W20,10.0,10.0,0.0,19.9
STR_W01,1200080994,2024-05-15,2024-W20,12.0,12.0,0.0,95.88
STR_W01,2840016014,2024-05-15,2024-W20,9.0,9.0,0.0,44.910000000000004
STR_W01,4900005010,2024-05-15,2024-W20,12.0,12.0,0.0,23.88
STR_E01,1200080994,2024-05-16,2024-W20,10.0,10.0,0.0,79.9
STR_E01,2840016014,2024-05-16,2024-W20,9.0,9.0,0.0,44.910000000000004
STR_E01,4900005010,2024-05-16,2024-W20,14.0,14.0,0.0,27.86
STR_E02,1200080994,2024-05-16,2024-W20,12.0,12.0,0.0,95.88
STR_E02,2840016014,2024-05-16,2024-W20,10.0,10.0,0.0,49.900000000000006
STR_E02,4900005010,2024-05-16,2024-W20,14.0,14.0,0.0,27.86
STR_W01,1200080994,2024-05-16,2024-W20,11.0,11.0,0.0,87.89
STR_W01,2840016014,2024-05-16,2024-W20,9.0,9.0,0.0,44.910000000000004
STR_W01,4900005010,2024-05-16,2024-W20,11.0,11.0,0.0,21.89
STR_E01,1200080994,2024-05-17,2024-W20,11.0,11.0,0.0,87.89
STR_E01,2840016014,2024-05-17,2024-W20,10.0,10.0,0.0,49.900000000000006
STR_E01,4900005010,2024-05-17,2024-W20,9.0,9.0,0.0,17.91
STR_E02,1200080994,2024-05-17,2024-W20,12.0,12.0,0.0,95.88
STR_E02,2840016014,2024-05-17,2024-W20,8.0,8.0,0.0,39.92
STR_E02,4900005010,2024-05-17,2024-W20,15.0,15.0,0.0,29.85
STR_W01,1200080994,2024-05-17,2024-W20,13.0,13.0,0.0,103.87
STR_W01,2840016014,2024-05-17,2024-W20,10.0,10.0,0.0,49.900000000000006
STR_W01,4900005010,2024-05-17,2024-W20,10.0,10.0,0.0,19.9
STR_E01,1200080994,2024-05-18,2024-W20,11.0,11.0,0.0,87.89
STR_E01,2840016014,2024-05-18,2024-W20,12.0,12.0,0.0,59.88
STR_E01,4900005010,2024-05-18,2024-W20,11.0,11.0,0.0,21.89
STR_E02,1200080994,2024-05-18,2024-W20,12.0,12.0,0.0,95.88
STR_E02,2840016014,2024-05-18,2024-W20,8.0,8.0,0.0,39.92
STR_E02,4900005010,2024-05-18,2024-W20,12.0,12.0,0.0,23.88
STR_W01,1200080994,2024-05-18,2024-W20,12.0,12.0,0.0,95.88
STR_W01,2840016014,2024-05-18,2024-W20,12.0,12.0,0.0,59.88
STR_W01,4900005010,2024-05-18,2024-W20,11.0,11.0,0.0,21.89
STR_E01,1200080994,2024-05-19,2024-W20,10.0,10.0,0.0,79.9
STR_E01,2840016014,2024-05-19,2024-W20,13.0,13.0,0.0,64.87
STR_E01,4900005010,2024-05-19,2024-W20,11.0,11.0,0.0,21.89
STR_E02,1200080994,2024-05-19,2024-W20,11.0,11.0,0.0,87.89
STR_E02,2840016014,2024-05-19,2024-W20,9.0,9.0,0.0,44.910000000000004
STR_E02,4900005010,2024-05-19,2024-W20,13.0,13.0,0.0,25.87
STR_W01,1200080994,2024-05-19,2024-W20,12.0,12.0,0.0,95.88
STR_W01,2840016014,2024-05-19,2024-W20,11.0,11.0,0.0,54.89
STR_W01,4900005010,2024-05-19,2024-W20,7.0,7.0,0.0,13.93
STR_E01,1200080994,2024-05-20,2024-W21,10.0,10.0,0.0,79.9
STR_E01,2840016014,2024-05-20,2024-W21,10.0,10.0,0.0,49.900000000000006
STR_E01,4900005010,2024-05-20,2024-W21,10.0,10.0,0.0,19.9
STR_E02,1200080994,2024-05-20,2024-W21,13.0,13.0,0.0,103.87
STR_E02,2840016014,2024-05-20,2024-W21,8.0,8.0,0.0,39.92
STR_E02,4900005010,2024-05-20,2024-W21,10.0,10.0,0.0,19.9
STR_W01,1200080994,2024-05-20,2024-W21,11.0,11.0,0.0,87.89
STR_W01,2840016014,2024-05-20,2024-W21,13.0,13.0,0.0,64.87
STR_W01,4900005010,2024-05-20,2024-W21,8.0,8.0,0.0,15.92
STR_E01,1200080994,2024-05-21,2024-W21,13.0,13.0,0.0,103.87
STR_E01,2840016014,2024-05-21,2024-W21,10.0,10.0,0.0,49.900000000000006
STR_E01,4900005010,2024-05-21,2024-W21,10.0,10.0,0.0,19.9
STR_E02,1200080994,2024-05-21,2024-W21,12.0,12.0,0.0,95.88
STR_E02,2840016014,2024-05-21,2024-W21,12.0,12.0,0.0,59.88
STR_E02,4900005010,2024-05-21,2024-W21,9.0,9.0,0.0,17.91
STR_W01,1200080994,2024-05-21,2024-W21,11.0,11.0,0.0,87.89
STR_W01,2840016014,2024-05-21,2024-W21,9.0,9.0,0.0,44.910000000000004
STR_W01,4900005010,2024-05-21,2024-W21,10.0,10.0,0.0,19.9
STR_E01,1200080994,2024-05-22,2024-W21,10.0,10.0,0.0,79.9
STR_E01,2840016014,2024-05-22,2024-W21,11.0,11.0,0.0,54.89
STR_E01,4900005010,2024-05-22,2024-W21,12.0,12.0,0.0,23.88
STR_E02,1200080994,2024-05-22,2024-W21,11.0,11.0,0.0,87.89
STR_E02,2840016014,2024-05-22,2024-W21,8.0,8.0,0.0,39.92
STR_E02,4900005010,2024-05-22,2024-W21,11.0,11.0,0.0,21.89
STR_W01,1200080994,2024-05-22,2024-W21,10.0,10.0,0.0,79.9
STR_W01,2840016014,2024-05-22,2024-W21,13.0,13.0,0.0,64.87
STR_W01,4900005010,2024-05-22,2024-W21,9.0,9.0,0.0,17.91
STR_E01,1200080994,2024-05-23,2024-W21,13.0,13.0,0.0,103.87
STR_E01,2840016014,2024-05-23,2024-W21,15.0,15.0,0.0,74.85000000000001
STR_E01,4900005010,2024-05-23,2024-W21,12.0,12.0,0.0,23.88
STR_E02,1200080994,2024-05-23,2024-W21,10.0,10.0,0.0,79.9
STR_E02,2840016014,2024-05-23,2024-W21,11.0,11.0,0.0,54.89
STR_E02,4900005010,2024-05-23,2024-W21,14.0,14.0,0.0,27.86
STR_W01,1200080994,2024-05-23,2024-W21,11.0,11.0,0.0,87.89
STR_W01,2840016014,2024-05-23,2024-W21,12.0,12.0,0.0,59.88
STR_W01,4900005010,2024-05-23,2024-W21,10.0,10.0,0.0,19.9
STR_E01,1200080994,2024-05-24,2024-W21,10.0,10.0,0.0,79.9
STR_E01,2840016014,2024-05-24,2024-W21,13.0,13.0,0.0,64.87
STR_E01,4900005010,2024-05-24,2024-W21,9.0,9.0,0.0,17.91
STR_E02,1200080994,2024-05-24,2024-W21,12.0,12.0,0.0,95.88
STR_E02,2840016014,2024-05-24,2024-W21,11.0,11.0,0.0,54.89
STR_E02,4900005010,2024-05-24,2024-W21,10.0,10.0,0.0,19.9
STR_W01,1200080994,2024-05-24,2024-W21,8.0,8.0,0.0,63.92
STR_W01,2840016014,2024-05-24,2024-W21,14.0,14.0,0.0,69.86
STR_W01,4900005010,2024-05-24,2024-W21,9.0,9.0,0.0,17.91
STR_E01,1200080994,2024-05-25,2024-W21,11.0,11.0,0.0,87.89
STR_E01,2840016014,2024-05-25,2024-W21,11.0,11.0,0.0,54.89
STR_E01,4900005010,2024-05-25,2024-W21,11.0,11.0,0.0,21.89
STR_E02,1200080994,2024-05-25,2024-W21,8.0,8.0,0.0,63.92
STR_E02,2840016014,2024-05-25,2024-W21,14.0,14.0,0.0,69.86
STR_E02,4900005010,2024-05-25,2024-W21,11.0,11.0,0.0,21.89
STR_W01,1200080994,2024-05-25,2024-W21,8.0,8.0,0.0,63.92
STR_W01,2840016014,2024-05-25,2024-W21,11.0,11.0,0.0,54.89
STR_W01,4900005010,2024-05-25,2024-W21,10.0,10.0,0.0,19.9
STR_E01,1200080994,2024-05-26,2024-W21,13.0,13.0,0.0,103.87
STR_E01,2840016014,2024-05-26,2024-W21,10.0,10.0,0.0,49.900000000000006
STR_E01,4900005010,2024-05-26,2024-W21,10.0,10.0,0.0,19.9
STR_E02,1200080994,2024-05-26,2024-W21,12.0,12.0,0.0,95.88
STR_E02,2840016014,2024-05-26,2024-W21,13.0,13.0,0.0,64.87
STR_E02,4900005010,2024-05-26,2024-W21,10.0,10.0,0.0,19.9
STR_W01,1200080994,2024-05-26,2024-W21,12.0,12.0,0.0,95.88
STR_W01,2840016014,2024-05-26,2024-W21,11.0,11.0,0.0,54.89
STR_W01,4900005010,2024-05-26,2024-W21,10.0,10.0,0.0,19.9
STR_E01,1200080994,2024-05-27,2024-W22,46.0,46.0,0.0,367.54
STR_E01,2840016014,2024-05-27,2024-W22,19.0,19.0,0.0,94.81
STR_E01,4900005010,2024-05-27,2024-W22,31.0,31.0,0.0,61.69
STR_E02,1200080994,2024-05-27,2024-W22,48.0,48.0,0.0,383.52
STR_E02,2840016014,2024-05-27,2024-W22,25.0,25.0,0.0,124.75
STR_E02,4900005010,2024-05-27,2024-W22,28.0,28.0,0.0,55.72
STR_W01,1200080994,2024-05-27,2024-W22,43.0,43.0,0.0,343.57
STR_W01,2840016014,2024-05-27,2024-W22,26.0,26.0,0.0,129.74
STR_W01,4900005010,2024-05-27,2024-W22,28.0,28.0,0.0,55.72
STR_E01,1200080994,2024-05-28,2024-W22,39.0,39.0,0.0,311.61
STR_E01,2840016014,2024-05-28,2024-W22,20.0,20.0,0.0,99.80000000000001
STR_E01,4900005010,2024-05-28,2024-W22,28.0,28.0,0.0,55.72
STR_E02,1200080994,2024-05-28,2024-W22,43.0,43.0,0.0,343.57
STR_E02,2840016014,2024-05-28,2024-W22,24.0,24.0,0.0,119.76
STR_E02,4900005010,2024-05-28,2024-W22,41.0,41.0,0.0,81.59
STR_W01,1200080994,2024-05-28,2024-W22,43.0,43.0,0.0,343.57
STR_W01,2840016014,2024-05-28,2024-W22,27.0,27.0,0.0,134.73000000000002
STR_W01,4900005010,2024-05-28,2024-W22,36.0,36.0,0.0,71.64
STR_E01,1200080994,2024-05-29,2024-W22,47.0,47.0,0.0,375.53000000000003
STR_E01,2840016014,2024-05-29,2024-W22,24.0,24.0,0.0,119.76
STR_E01,4900005010,2024-05-29,2024-W22,34.0,34.0,0.0,67.66
STR_E02,1200080994,2024-05-29,2024-W22,38.0,38.0,0.0,303.62
STR_E02,2840016014,2024-05-29,2024-W22,23.0,23.0,0.0,114.77000000000001
STR_E02,4900005010,2024-05-29,2024-W22,34.0,34.0,0.0,67.66
STR_W01,1200080994,2024-05-29,2024-W22,42.0,42.0,0.0,335.58
STR_W01,2840016014,2024-05-29,2024-W22,26.0,26.0,0.0,129.74
STR_W01,4900005010,2024-05-29,2024-W22,37.0,37.0,0.0,73.63
STR_E01,1200080994,2024-05-30,2024-W22,39.0,39.0,0.0,311.61
STR_E01,2840016014,2024-05-30,2024-W22,27.0,27.0,0.0,134.73000000000002
STR_E01,4900005010,2024-05-30,2024-W22,29.0,29.0,0.0,57.71
STR_E02,1200080994,2024-05-30,2024-W22,39.0,39.0,0.0,311.61
STR_E02,2840016014,2024-05-30,2024-W22,28.0,28.0,0.0,139.72
STR_E02,4900005010,2024-05-30,2024-W22,36.0,36.0,0.0,71.64
STR_W01,1200080994,2024-05-30,2024-W22,42.0,42.0,0.0,335.58
STR_W01,2840016014,2024-05-30,2024-W22,23.0,23.0,0.0,114.77000000000001
STR_W01,4900005010,2024-05-30,2024-W22,40.0,40.0,0.0,79.6
STR_E01,1200080994,2024-05-31,2024-W22,41.0,41.0,0.0,327.59000000000003
STR_E01,2840016014,2024-05-31,2024-W22,27.0,27.0,0.0,134.73000000000002
STR_E01,4900005010,2024-05-31,2024-W22,33.0,33.0,0.0,65.67
STR_E02,1200080994,2024-05-31,2024-W22,38.0,38.0,0.0,303.62
STR_E02,2840016014,2024-05-31,2024-W22,18.0,18.0,0.0,89.82000000000001
STR_E02,4900005010,2024-05-31,2024-W22,31.0,31.0,0.0,61.69
STR_W01,1200080994,2024-05-31,2024-W22,41.0,41.0,0.0,327.59000000000003
STR_W01,2840016014,2024-05-31,2024-W22,22.0,22.0,0.0,109.78
STR_W01,4900005010,2024-05-31,2024-W22,38.0,38.0,0.0,75.62
STR_E01,1200080994,2024-06-01,2024-W22,37.0,37.0,0.0,295.63
STR_E01,2840016014,2024-06-01,2024-W22,32.0,32.0,0.0,159.68
STR_E01,4900005010,2024-06-01,2024-W22,36.0,36.0,0.0,71.64
STR_E02,1200080994,2024-06-01,2024-W22,45.0,23.0,22.0,183.77
STR_E02,2840016014,2024-06-01,2024-W22,24.0,24.0,0.0,119.76
STR_E02,4900005010,2024-06-01,2024-W22,38.0,38.0,0.0,75.62
STR_W01,1200080994,2024-06-01,2024-W22,38.0,38.0,0.0,303.62
STR_W01,2840016014,2024-06-01,2024-W22,22.0,22.0,0.0,109.78
STR_W01,4900005010,2024-06-01,2024-W22,31.0,31.0,0.0,61.69
STR_E01,1200080994,2024-06-02,2024-W22,45.0,45.0,0.0,359.55
STR_E01,2840016014,2024-06-02,2024-W22,20.0,20.0,0.0,99.80000000000001
STR_E01,4900005010,2024-06-02,2024-W22,34.0,34.0,0.0,67.66
STR_E02,1200080994,2024-06-02,2024-W22,40.0,0.0,40.0,0.0
STR_E02,2840016014,2024-06-02,2024-W22,25.0,25.0,0.0,124.75
STR_E02,4900005010,2024-06-02,2024-W22,30.0,30.0,0.0,59.7
STR_W01,1200080994,2024-06-02,2024-W22,38.0,38.0,0.0,303.62
STR_W01,2840016014,2024-06-02,2024-W22,30.0,30.0,0.0,149.70000000000002
STR_W01,4900005010,2024-06-02,2024-W22,32.0,32.0,0.0,63.68
STR_E01,1200080994,2024-06-03,2024-W23,37.0,16.0,21.0,127.84
STR_E01,2840016014,2024-06-03,2024-W23,18.0,18.0,0.0,89.82000000000001
STR_E01,4900005010,2024-06-03,2024-W23,27.0,27.0,0.0,53.73
STR_E02,1200080994,2024-06-03,2024-W23,32.0,0.0,32.0,0.0
STR_E02,2840016014,2024-06-03,2024-W23,17.0,17.0,0.0,84.83
STR_E02,4900005010,2024-06-03,2024-W23,32.0,32.0,0.0,63.68
STR_W01,1200080994,2024-06-03,2024-W23,36.0,12.0,24.0,95.88
STR_W01,2840016014,2024-06-03,2024-W23,22.0,22.0,0.0,109.78
STR_W01,4900005010,2024-06-03,2024-W23,34.0,11.0,23.0,21.89
STR_E01,1200080994,2024-06-04,2024-W23,33.0,0.0,33.0,0.0
STR_E01,2840016014,2024-06-04,2024-W23,16.0,16.0,0.0,79.84
STR_E01,4900005010,2024-06-04,2024-W23,19.0,19.0,0.0,37.81
STR_E02,1200080994,2024-06-04,2024-W23,36.0,0.0,36.0,0.0
STR_E02,2840016014,2024-06-04,2024-W23,20.0,20.0,0.0,99.80000000000001
STR_E02,4900005010,2024-06-04,2024-W23,28.0,6.0,22.0,11.94
STR_W01,1200080994,2024-06-04,2024-W23,34.0,0.0,34.0,0.0
STR_W01,2840016014,2024-06-04,2024-W23,22.0,22.0,0.0,109.78
STR_W01,4900005010,2024-06-04,2024-W23,25.0,0.0,25.0,0.0
STR_E01,1200080994,2024-06-05,2024-W23,23.0,23.0,0.0,183.77
STR_E01,2840016014,2024-06-05,2024-W23,17.0,17.0,0.0,84.83
STR_E01,4900005010,2024-06-05,2024-W23,17.0,17.0,0.0,33.83
STR_E02,1200080994,2024-06-05,2024-W23,25.0,25.0,0.0,199.75
STR_E02,2840016014,2024-06-05,2024-W23,11.0,11.0,0.0,54.89
STR_E02,4900005010,2024-06-05,2024-W23,22.0,22.0,0.0,43.78
STR_W01,1200080994,2024-06-05,2024-W23,21.0,21.0,0.0,167.79
STR_W01,2840016014,2024-06-05,2024-W23,15.0,15.0,0.0,74.85000000000001
STR_W01,4900005010,2024-06-05,2024-W23,17.0,17.0,0.0,33.83
STR_E01,1200080994,2024-06-06,2024-W23,21.0,21.0,0.0,167.79
STR_E01,2840016014,2024-06-06,2024-W23,9.0,9.0,0.0,44.910000000000004
STR_E01,4900005010,2024-06-06,2024-W23,14.0,14.0,0.0,27.86
STR_E02,1200080994,2024-06-06,2024-W23,21.0,21.0,0.0,167.79
STR_E02,2840016014,2024-06-06,2024-W23,13.0,13.0,0.0,64.87
STR_E02,4900005010,2024-06-06,2024-W23,15.0,15.0,0.0,29.85
STR_W01,1200080994,2024-06-06,2024-W23,16.0,16.0,0.0,127.84
STR_W01,2840016014,2024-06-06,2024-W23,10.0,10.0,0.0,49.900000000000006
STR_W01,4900005010,2024-06-06,2024-W23,13.0,13.0,0.0,25.87
STR_E01,1200080994,2024-06-07,2024-W23,13.0,13.0,0.0,103.87
STR_E01,2840016014,2024-06-07,2024-W23,12.0,12.0,0.0,59.88
STR_E01,4900005010,2024-06-07,2024-W23,9.0,9.0,0.0,17.91
STR_E02,1200080994,2024-06-07,2024-W23,12.0,12.0,0.0,95.88
STR_E02,2840016014,2024-06-07,2024-W23,10.0,10.0,0.0,49.900000000000006
STR_E02,4900005010,2024-06-07,2024-W23,10.0,10.0,0.0,19.9
STR_W01,1200080994,2024-06-07,2024-W23,11.0,11.0,0.0,87.89
STR_W01,2840016014,2024-06-07,2024-W23,10.0,10.0,0.0,49.900000000000006
STR_W01,4900005010,2024-06-07,2024-W23,10.0,10.0,0.0,19.9
STR_E01,1200080994,2024-06-08,2024-W23,14.0,14.0,0.0,111.86
STR_E01,2840016014,2024-06-08,2024-W23,13.0,13.0,0.0,64.87
STR_E01,4900005010,2024-06-08,2024-W23,9.0,9.0,0.0,17.91
STR_E02,1200080994,2024-06-08,2024-W23,11.0,11.0,0.0,87.89
STR_E02,2840016014,2024-06-08,2024-W23,12.0,12.0,0.0,59.88
STR_E02,4900005010,2024-06-08,2024-W23,10.0,10.0,0.0,19.9
STR_W01,1200080994,2024-06-08,2024-W23,10.0,10.0,0.0,79.9
STR_W01,2840016014,2024-06-08,2024-W23,11.0,11.0,0.0,54.89
STR_W01,4900005010,2024-06-08,2024-W23,12.0,12.0,0.0,23.88
STR_E01,1200080994,2024-06-09,2024-W23,14.0,14.0,0.0,111.86
STR_E01,2840016014,2024-06-09,2024-W23,12.0,12.0,0.0,59.88
STR_E01,4900005010,2024-06-09,2024-W23,10.0,10.0,0.0,19.9
STR_E02,1200080994,2024-06-09,2024-W23,11.0,3.0,8.0,23.97
STR_E02,2840016014,2024-06-09,2024-W23,11.0,11.0,0.0,54.89
STR_E02,4900005010,2024-06-09,2024-W23,12.0,12.0,0.0,23.88
STR_W01,1200080994,2024-06-09,2024-W23,11.0,11.0,0.0,87.89
STR_W01,2840016014,2024-06-09,2024-W23,9.0,9.0,0.0,44.910000000000004
STR_W01,4900005010,2024-06-09,2024-W23,11.0,11.0,0.0,21.89
STR_E01,1200080994,2024-06-10,2024-W24,10.0,10.0,0.0,79.9
STR_E01,2840016014,2024-06-10,2024-W24,9.0,9.0,0.0,44.910000000000004
STR_E01,4900005010,2024-06-10,2024-W24,12.0,12.0,0.0,23.88
STR_E02,1200080994,2024-06-10,2024-W24,10.0,0.0,10.0,0.0
STR_E02,2840016014,2024-06-10,2024-W24,12.0,2.0,10.0,9.98
STR_E02,4900005010,2024-06-10,2024-W24,9.0,9.0,0.0,17.91
STR_W01,1200080994,2024-06-10,2024-W24,12.0,12.0,0.0,95.88
STR_W01,2840016014,2024-06-10,2024-W24,11.0,11.0,0.0,54.89
STR_W01,4900005010,2024-06-10,2024-W24,11.0,11.0,0.0,21.89
STR_E01,1200080994,2024-06-11,2024-W24,12.0,12.0,0.0,95.88
STR_E01,2840016014,2024-06-11,2024-W24,12.0,12.0,0.0,59.88
STR_E01,4900005010,2024-06-11,2024-W24,10.0,10.0,0.0,19.9
STR_E02,1200080994,2024-06-11,2024-W24,9.0,0.0,9.0,0.0
STR_E02,2840016014,2024-06-11,2024-W24,13.0,0.0,13.0,0.0
STR_E02,4900005010,2024-06-11,2024-W24,9.0,9.0,0.0,17.91
STR_W01,1200080994,2024-06-11,2024-W24,11.0,11.0,0.0,87.89
STR_W01,2840016014,2024-06-11,2024-W24,15.0,15.0,0.0,74.85000000000001
STR_W01,4900005010,2024-06-11,2024-W24,11.0,11.0,0.0,21.89
STR_E01,1200080994,2024-06-12,2024-W24,10.0,10.0,0.0,79.9
STR_E01,2840016014,2024-06-12,2024-W24,11.0,11.0,0.0,54.89
STR_E01,4900005010,2024-06-12,2024-W24,9.0,9.0,0.0,17.91
STR_E02,1200080994,2024-06-12,2024-W24,14.0,14.0,0.0,111.86
STR_E02,2840016014,2024-06-12,2024-W24,8.0,8.0,0.0,39.92
STR_E02,4900005010,2024-06-12,2024-W24,12.0,12.0,0.0,23.88
STR_W01,1200080994,2024-06-12,2024-W24,11.0,11.0,0.0,87.89
STR_W01,2840016014,2024-06-12,2024-W24,9.0,9.0,0.0,44.910000000000004
STR_W01,4900005010,2024-06-12,2024-W24,14.0,14.0,0.0,27.86
STR_E01,1200080994,2024-06-13,2024-W24,12.0,12.0,0.0,95.88
STR_E01,2840016014,2024-06-13,2024-W24,10.0,10.0,0.0,49.900000000000006
STR_E01,4900005010,2024-06-13,2024-W24,11.0,11.0,0.0,21.89
STR_E02,1200080994,2024-06-13,2024-W24,9.0,9.0,0.0,71.91
STR_E02,2840016014,2024-06-13,2024-W24,9.0,9.0,0.0,44.910000000000004
STR_E02,4900005010,2024-06-13,2024-W24,10.0,10.0,0.0,19.9
STR_W01,1200080994,2024-06-13,2024-W24,14.0,14.0,0.0,111.86
STR_W01,2840016014,2024-06-13,2024-W24,12.0,12.0,0.0,59.88
STR_W01,4900005010,2024-06-13,2024-W24,9.0,9.0,0.0,17.91
STR_E01,1200080994,2024-06-14,2024-W24,12.0,12.0,0.0,95.88
STR_E01,2840016014,2024-06-14,2024-W24,10.0,10.0,0.0,49.900000000000006
STR_E01,4900005010,2024-06-14,2024-W24,10.0,10.0,0.0,19.9
STR_E02,1200080994,2024-06-14,2024-W24,10.0,10.0,0.0,79.9
STR_E02,2840016014,2024-06-14,2024-W24,8.0,8.0,0.0,39.92
STR_E02,4900005010,2024-06-14,2024-W24,8.0,8.0,0.0,15.92
STR_W01,1200080994,2024-06-14,2024-W24,12.0,12.0,0.0,95.88
STR_W01,2840016014,2024-06-14,2024-W24,11.0,11.0,0.0,54.89
STR_W01,4900005010,2024-06-14,2024-W24,11.0,11.0,0.0,21.89
STR_E01,1200080994,2024-06-15,2024-W24,10.0,10.0,0.0,79.9
STR_E01,2840016014,2024-06-15,2024-W24,9.0,9.0,0.0,44.910000000000004
STR_E01,4900005010,2024-06-15,2024-W24,9.0,9.0,0.0,17.91
STR_E02,1200080994,2024-06-15,2024-W24,13.0,13.0,0.0,103.87
STR_E02,2840016014,2024-06-15,2024-W24,11.0,11.0,0.0,54.89
STR_E02,4900005010,2024-06-15,2024-W24,8.0,8.0,0.0,15.92
STR_W01,1200080994,2024-06-15,2024-W24,10.0,10.0,0.0,79.9
STR_W01,2840016014,2024-06-15,2024-W24,14.0,14.0,0.0,69.86
STR_W01,4900005010,2024-06-15,2024-W24,12.0,12.0,0.0,23.88
STR_E01,1200080994,2024-06-16,2024-W24,10.0,10.0,0.0,79.9
STR_E01,2840016014,2024-06-16,2024-W24,10.0,10.0,0.0,49.900000000000006
STR_E01,4900005010,2024-06-16,2024-W24,13.0,13.0,0.0,25.87
STR_E02,1200080994,2024-06-16,2024-W24,9.0,9.0,0.0,71.91
STR_E02,2840016014,2024-06-16,2024-W24,11.0,11.0,0.0,54.89
STR_E02,4900005010,2024-06-16,2024-W24,11.0,11.0,0.0,21.89
STR_W01,1200080994,2024-06-16,2024-W24,10.0,10.0,0.0,79.9
STR_W01,2840016014,2024-06-16,2024-W24,10.0,10.0,0.0,49.900000000000006
STR_W01,4900005010,2024-06-16,2024-W24,14.0,14.0,0.0,27.86
STR_E01,1200080994,2024-06-17,2024-W25,9.0,9.0,0.0,71.91
STR_E01,2840016014,2024-06-17,2024-W25,13.0,13.0,0.0,64.87
STR_E01,4900005010,2024-06-17,2024-W25,11.0,11.0,0.0,21.89
STR_E02,1200080994,2024-06-17,2024-W25,11.0,11.0,0.0,87.89
STR_E02,2840016014,2024-06-17,2024-W25,10.0,10.0,0.0,49.900000000000006
STR_E02,4900005010,2024-06-17,2024-W25,12.0,12.0,0.0,23.88
STR_W01,1200080994,2024-06-17,2024-W25,10.0,10.0,0.0,79.9
STR_W01,2840016014,2024-06-17,2024-W25,12.0,12.0,0.0,59.88
STR_W01,4900005010,2024-06-17,2024-W25,10.0,10.0,0.0,19.9
STR_E01,1200080994,2024-06-18,2024-W25,9.0,9.0,0.0,71.91
STR_E01,2840016014,2024-06-18,2024-W25,8.0,8.0,0.0,39.92
STR_E01,4900005010,2024-06-18,2024-W25,11.0,11.0,0.0,21.89
STR_E02,1200080994,2024-06-18,2024-W25,12.0,12.0,0.0,95.88
STR_E02,2840016014,2024-06-18,2024-W25,9.0,9.0,0.0,44.910000000000004
STR_E02,4900005010,2024-06-18,2024-W25,10.0,10.0,0.0,19.9
STR_W01,1200080994,2024-06-18,2024-W25,10.0,10.0,0.0,79.9
STR_W01,2840016014,2024-06-18,2024-W25,10.0,10.0,0.0,49.900000000000006
STR_W01,4900005010,2024-06-18,2024-W25,10.0,10.0,0.0,19.9
STR_E01,1200080994,2024-06-19,2024-W25,10.0,10.0,0.0,79.9
STR_E01,2840016014,2024-06-19,2024-W25,10.0,10.0,0.0,49.900000000000006
STR_E01,4900005010,2024-06-19,2024-W25,13.0,13.0,0.0,25.87
STR_E02,1200080994,2024-06-19,2024-W25,12.0,12.0,0.0,95.88
STR_E02,2840016014,2024-06-19,2024-W25,10.0,10.0,0.0,49.900000000000006
STR_E02,4900005010,2024-06-19,2024-W25,9.0,9.0,0.0,17.91
STR_W01,1200080994,2024-06-19,2024-W25,9.0,9.0,0.0,71.91
STR_W01,2840016014,2024-06-19,2024-W25,8.0,8.0,0.0,39.92
STR_W01,4900005010,2024-06-19,2024-W25,12.0,12.0,0.0,23.88
STR_E01,1200080994,2024-06-20,2024-W25,11.0,11.0,0.0,87.89
STR_E01,2840016014,2024-06-20,2024-W25,10.0,10.0,0.0,49.900000000000006
STR_E01,4900005010,2024-06-20,2024-W25,10.0,10.0,0.0,19.9
STR_E02,1200080994,2024-06-20,2024-W25,11.0,11.0,0.0,87.89
STR_E02,2840016014,2024-06-20,2024-W25,11.0,11.0,0.0,54.89
STR_E02,4900005010,2024-06-20,2024-W25,10.0,10.0,0.0,19.9
STR_W01,1200080994,2024-06-20,2024-W25,13.0,13.0,0.0,103.87
STR_W01,2840016014,2024-06-20,2024-W25,9.0,9.0,0.0,44.910000000000004
STR_W01,4900005010,2024-06-20,2024-W25,8.0,8.0,0.0,15.92
STR_E01,1200080994,2024-06-21,2024-W25,14.0,14.0,0.0,111.86
STR_E01,2840016014,2024-06-21,2024-W25,9.0,9.0,0.0,44.910000000000004
STR_E01,4900005010,2024-06-21,2024-W25,11.0,11.0,0.0,21.89
STR_E02,1200080994,2024-06-21,2024-W25,10.0,10.0,0.0,79.9
STR_E02,2840016014,2024-06-21,2024-W25,11.0,11.0,0.0,54.89
STR_E02,4900005010,2024-06-21,2024-W25,10.0,10.0,0.0,19.9
STR_W01,1200080994,2024-06-21,2024-W25,9.0,9.0,0.0,71.91
STR_W01,2840016014,2024-06-21,2024-W25,13.0,13.0,0.0,64.87
STR_W01,4900005010,2024-06-21,2024-W25,12.0,12.0,0.0,23.88
STR_E01,1200080994,2024-06-22,2024-W25,11.0,11.0,0.0,87.89
STR_E01,2840016014,2024-06-22,2024-W25,10.0,10.0,0.0,49.900000000000006
STR_E01,4900005010,2024-06-22,2024-W25,11.0,11.0,0.0,21.89
STR_E02,1200080994,2024-06-22,2024-W25,12.0,12.0,0.0,95.88
STR_E02,2840016014,2024-06-22,2024-W25,15.0,15.0,0.0,74.85000000000001
STR_E02,4900005010,2024-06-22,2024-W25,10.0,10.0,0.0,19.9
STR_W01,1200080994,2024-06-22,2024-W25,11.0,11.0,0.0,87.89
STR_W01,2840016014,2024-06-22,2024-W25,14.0,14.0,0.0,69.86
STR_W01,4900005010,2024-06-22,2024-W25,8.0,8.0,0.0,15.92
STR_E01,1200080994,2024-06-23,2024-W25,11.0,11.0,0.0,87.89
STR_E01,2840016014,2024-06-23,2024-W25,12.0,12.0,0.0,59.88
STR_E01,4900005010,2024-06-23,2024-W25,9.0,9.0,0.0,17.91
STR_E02,1200080994,2024-06-23,2024-W25,7.0,7.0,0.0,55.93
STR_E02,2840016014,2024-06-23,2024-W25,11.0,11.0,0.0,54.89
STR_E02,4900005010,2024-06-23,2024-W25,11.0,11.0,0.0,21.89
STR_W01,1200080994,2024-06-23,2024-W25,11.0,11.0,0.0,87.89
STR_W01,2840016014,2024-06-23,2024-W25,13.0,13.0,0.0,64.87
STR_W01,4900005010,2024-06-23,2024-W25,11.0,11.0,0.0,21.89
STR_E01,1200080994,2024-06-24,2024-W26,9.0,9.0,0.0,71.91
STR_E01,2840016014,2024-06-24,2024-W26,11.0,11.0,0.0,54.89
STR_E01,4900005010,2024-06-24,2024-W26,9.0,9.0,0.0,17.91
STR_E02,1200080994,2024-06-24,2024-W26,10.0,10.0,0.0,79.9
STR_E02,2840016014,2024-06-24,2024-W26,12.0,12.0,0.0,59.88
STR_E02,4900005010,2024-06-24,2024-W26,8.0,8.0,0.0,15.92
STR_W01,1200080994,2024-06-24,2024-W26,12.0,12.0,0.0,95.88
STR_W01,2840016014,2024-06-24,2024-W26,11.0,11.0,0.0,54.89
STR_W01,4900005010,2024-06-24,2024-W26,10.0,10.0,0.0,19.9
STR_E01,1200080994,2024-06-25,2024-W26,13.0,13.0,0.0,103.87
STR_E01,2840016014,2024-06-25,2024-W26,10.0,10.0,0.0,49.900000000000006
STR_E01,4900005010,2024-06-25,2024-W26,12.0,12.0,0.0,23.88
STR_E02,1200080994,2024-06-25,2024-W26,12.0,12.0,0.0,95.88
STR_E02,2840016014,2024-06-25,2024-W26,12.0,12.0,0.0,59.88
STR_E02,4900005010,2024-06-25,2024-W26,10.0,10.0,0.0,19.9
STR_W01,1200080994,2024-06-25,2024-W26,9.0,9.0,0.0,71.91
STR_W01,2840016014,2024-06-25,2024-W26,14.0,14.0,0.0,69.86
STR_W01,4900005010,2024-06-25,2024-W26,10.0,10.0,0.0,19.9
STR_E01,1200080994,2024-06-26,2024-W26,9.0,9.0,0.0,71.91
STR_E01,2840016014,2024-06-26,2024-W26,11.0,11.0,0.0,54.89
STR_E01,4900005010,2024-06-26,2024-W26,10.0,10.0,0.0,19.9
STR_E02,1200080994,2024-06-26,2024-W26,13.0,13.0,0.0,103.87
STR_E02,2840016014,2024-06-26,2024-W26,9.0,9.0,0.0,44.910000000000004
STR_E02,4900005010,2024-06-26,2024-W26,13.0,13.0,0.0,25.87
STR_W01,1200080994,2024-06-26,2024-W26,9.0,9.0,0.0,71.91
STR_W01,2840016014,2024-06-26,2024-W26,9.0,9.0,0.0,44.910000000000004
STR_W01,4900005010,2024-06-26,2024-W26,10.0,10.0,0.0,19.9
STR_E01,1200080994,2024-06-27,2024-W26,10.0,10.0,0.0,79.9
STR_E01,2840016014,2024-06-27,2024-W26,11.0,11.0,0.0,54.89
STR_E01,4900005010,2024-06-27,2024-W26,11.0,11.0,0.0,21.89
STR_E02,1200080994,2024-06-27,2024-W26,13.0,13.0,0.0,103.87
STR_E02,2840016014,2024-06-27,2024-W26,11.0,11.0,0.0,54.89
STR_E02,4900005010,2024-06-27,2024-W26,11.0,11.0,0.0,21.89
STR_W01,1200080994,2024-06-27,2024-W26,10.0,10.0,0.0,79.9
STR_W01,2840016014,2024-06-27,2024-W26,13.0,13.0,0.0,64.87
STR_W01,4900005010,2024-06-27,2024-W26,9.0,9.0,0.0,17.91
STR_E01,1200080994,2024-06-28,2024-W26,12.0,12.0,0.0,95.88
STR_E01,2840016014,2024-06-28,2024-W26,9.0,9.0,0.0,44.910000000000004
STR_E01,4900005010,2024-06-28,2024-W26,13.0,13.0,0.0,25.87
STR_E02,1200080994,2024-06-28,2024-W26,10.0,10.0,0.0,79.9
STR_E02,2840016014,2024-06-28,2024-W26,11.0,11.0,0.0,54.89
STR_E02,4900005010,2024-06-28,2024-W26,10.0,10.0,0.0,19.9
STR_W01,1200080994,2024-06-28,2024-W26,13.0,13.0,0.0,103.87
STR_W01,2840016014,2024-06-28,2024-W26,8.0,8.0,0.0,39.92
STR_W01,4900005010,2024-06-28,2024-W26,11.0,11.0,0.0,21.89
STR_E01,1200080994,2024-06-29,2024-W26,11.0,11.0,0.0,87.89
STR_E01,2840016014,2024-06-29,2024-W26,12.0,12.0,0.0,59.88
STR_E01,4900005010,2024-06-29,2024-W26,13.0,13.0,0.0,25.87
STR_E02,1200080994,2024-06-29,2024-W26,12.0,12.0,0.0,95.88
STR_E02,2840016014,2024-06-29,2024-W26,8.0,8.0,0.0,39.92
STR_E02,4900005010,2024-06-29,2024-W26,8.0,8.0,0.0,15.92
STR_W01,1200080994,2024-06-29,2024-W26,15.0,15.0,0.0,119.85000000000001
STR_W01,2840016014,2024-06-29,2024-W26,12.0,12.0,0.0,59.88
STR_W01,4900005010,2024-06-29,2024-W26,12.0,12.0,0.0,23.88
STR_E01,1200080994,2024-06-30,2024-W26,11.0,11.0,0.0,87.89
STR_E01,2840016014,2024-06-30,2024-W26,11.0,11.0,0.0,54.89
STR_E01,4900005010,2024-06-30,2024-W26,8.0,8.0,0.0,15.92
STR_E02,1200080994,2024-06-30,2024-W26,12.0,12.0,0.0,95.88
STR_E02,2840016014,2024-06-30,2024-W26,12.0,12.0,0.0,59.88
STR_E02,4900005010,2024-06-30,2024-W26,9.0,9.0,0.0,17.91
STR_W01,1200080994,2024-06-30,2024-W26,12.0,12.0,0.0,95.88
STR_W01,2840016014,2024-06-30,2024-W26,11.0,11.0,0.0,54.89
STR_W01,4900005010,2024-06-30,2024-W26,13.0,13.0,0.0,25.87
STR_E01,1200080994,2024-07-01,2024-W27,40.0,40.0,0.0,319.6
STR_E01,2840016014,2024-07-01,2024-W27,28.0,28.0,0.0,139.72
STR_E01,4900005010,2024-07-01,2024-W27,29.0,29.0,0.0,57.71
STR_E02,1200080994,2024-07-01,2024-W27,34.0,34.0,0.0,271.66
STR_E02,2840016014,2024-07-01,2024-W27,20.0,20.0,0.0,99.80000000000001
STR_E02,4900005010,2024-07-01,2024-W27,35.0,35.0,0.0,69.65
STR_W01,1200080994,2024-07-01,2024-W27,32.0,32.0,0.0,255.68
STR_W01,2840016014,2024-07-01,2024-W27,22.0,22.0,0.0,109.78
STR_W01,4900005010,2024-07-01,2024-W27,25.0,25.0,0.0,49.75
STR_E01,1200080994,2024-07-02,2024-W27,53.0,53.0,0.0,423.47
STR_E01,2840016014,2024-07-02,2024-W27,23.0,23.0,0.0,114.77000000000001
STR_E01,4900005010,2024-07-02,2024-W27,25.0,25.0,0.0,49.75
STR_E02,1200080994,2024-07-02,2024-W27,38.0,38.0,0.0,303.62
STR_E02,2840016014,2024-07-02,2024-W27,29.0,29.0,0.0,144.71
STR_E02,4900005010,2024-07-02,2024-W27,34.0,34.0,0.0,67.66
STR_W01,1200080994,2024-07-02,2024-W27,55.0,55.0,0.0,439.45
STR_W01,2840016014,2024-07-02,2024-W27,20.0,20.0,0.0,99.80000000000001
STR_W01,4900005010,2024-07-02,2024-W27,31.0,31.0,0.0,61.69
STR_E01,1200080994,2024-07-03,2024-W27,48.0,48.0,0.0,383.52
STR_E01,2840016014,2024-07-03,2024-W27,24.0,24.0,0.0,119.76
STR_E01,4900005010,2024-07-03,2024-W27,33.0,33.0,0.0,65.67
STR_E02,1200080994,2024-07-03,2024-W27,51.0,51.0,0.0,407.49
STR_E02,2840016014,2024-07-03,2024-W27,26.0,26.0,0.0,129.74
STR_E02,4900005010,2024-07-03,2024-W27,32.0,32.0,0.0,63.68
STR_W01,1200080994,2024-07-03,2024-W27,43.0,43.0,0.0,343.57
STR_W01,2840016014,2024-07-03,2024-W27,26.0,26.0,0.0,129.74
STR_W01,4900005010,2024-07-03,2024-W27,27.0,27.0,0.0,53.73
STR_E01,1200080994,2024-07-04,2024-W27,58.0,58.0,0.0,463.42
STR_E01,2840016014,2024-07-04,2024-W27,28.0,28.0,0.0,139.72
STR_E01,4900005010,2024-07-04,2024-W27,34.0,34.0,0.0,67.66
STR_E02,1200080994,2024-07-04,2024-W27,43.0,43.0,0.0,343.57
STR_E02,2840016014,2024-07-04,2024-W27,20.0,20.0,0.0,99.80000000000001
STR_E02,4900005010,2024-07-04,2024-W27,29.0,29.0,0.0,57.71
STR_W01,1200080994,2024-07-04,2024-W27,45.0,45.0,0.0,359.55
STR_W01,2840016014,2024-07-04,2024-W27,21.0,21.0,0.0,104.79
STR_W01,4900005010,2024-07-04,2024-W27,38.0,38.0,0.0,75.62
STR_E01,1200080994,2024-07-05,2024-W27,46.0,46.0,0.0,367.54
STR_E01,2840016014,2024-07-05,2024-W27,19.0,19.0,0.0,94.81
STR_E01,4900005010,2024-07-05,2024-W27,24.0,24.0,0.0,47.76
STR_E02,1200080994,2024-07-05,2024-W27,46.0,46.0,0.0,367.54
STR_E02,2840016014,2024-07-05,2024-W27,22.0,22.0,0.0,109.78
STR_E02,4900005010,2024-07-05,2024-W27,39.0,39.0,0.0,77.61
STR_W01,1200080994,2024-07-05,2024-W27,43.0,43.0,0.0,343.57
STR_W01,2840016014,2024-07-05,2024-W27,19.0,19.0,0.0,94.81
STR_W01,4900005010,2024-07-05,2024-W27,30.0,30.0,0.0,59.7
STR_E01,1200080994,2024-07-06,2024-W27,43.0,43.0,0.0,343.57
STR_E01,2840016014,2024-07-06,2024-W27,26.0,26.0,0.0,129.74
STR_E01,4900005010,2024-07-06,2024-W27,32.0,32.0,0.0,63.68
STR_E02,1200080994,2024-07-06,2024-W27,48.0,22.0,26.0,175.78
STR_E02,2840016014,2024-07-06,2024-W27,24.0,24.0,0.0,119.76
STR_E02,4900005010,2024-07-06,2024-W27,32.0,32.0,0.0,63.68
STR_W01,1200080994,2024-07-06,2024-W27,47.0,47.0,0.0,375.53000000000003
STR_W01,2840016014,2024-07-06,2024-W27,21.0,21.0,0.0,104.79
STR_W01,4900005010,2024-07-06,2024-W27,58.0,58.0,0.0,115.42
STR_E01,1200080994,2024-07-07,2024-W27,43.0,24.0,19.0,191.76
STR_E01,2840016014,2024-07-07,2024-W27,29.0,29.0,0.0,144.71
STR_E01,4900005010,2024-07-07,2024-W27,28.0,28.0,0.0,55.72
STR_E02,1200080994,2024-07-07,2024-W27,52.0,0.0,52.0,0.0
STR_E02,2840016014,2024-07-07,2024-W27,26.0,26.0,0.0,129.74
STR_E02,4900005010,2024-07-07,2024-W27,26.0,26.0,0.0,51.74
STR_W01,1200080994,2024-07-07,2024-W27,65.0,43.0,22.0,343.57
STR_W01,2840016014,2024-07-07,2024-W27,25.0,25.0,0.0,124.75
STR_W01,4900005010,2024-07-07,2024-W27,27.0,27.0,0.0,53.73
STR_E01,1200080994,2024-07-08,2024-W28,34.0,0.0,34.0,0.0
STR_E01,2840016014,2024-07-08,2024-W28,28.0,28.0,0.0,139.72
STR_E01,4900005010,2024-07-08,2024-W28,29.0,13.0,16.0,25.87
STR_E02,1200080994,2024-07-08,2024-W28,39.0,0.0,39.0,0.0
STR_E02,2840016014,2024-07-08,2024-W28,18.0,18.0,0.0,89.82000000000001
STR_E02,4900005010,2024-07-08,2024-W28,29.0,29.0,0.0,57.71
STR_W01,1200080994,2024-07-08,2024-W28,39.0,0.0,39.0,0.0
STR_W01,2840016014,2024-07-08,2024-W28,19.0,19.0,0.0,94.81
STR_W01,4900005010,2024-07-08,2024-W28,21.0,21.0,0.0,41.79
STR_E01,1200080994,2024-07-09,2024-W28,35.0,0.0,35.0,0.0
STR_E01,2840016014,2024-07-09,2024-W28,14.0,14.0,0.0,69.86
STR_E01,4900005010,2024-07-09,2024-W28,23.0,0.0,23.0,0.0
STR_E02,1200080994,2024-07-09,2024-W28,30.0,0.0,30.0,0.0
STR_E02,2840016014,2024-07-09,2024-W28,14.0,14.0,0.0,69.86
STR_E02,4900005010,2024-07-09,2024-W28,22.0,22.0,0.0,43.78
STR_W01,1200080994,2024-07-09,2024-W28,33.0,0.0,33.0,0.0
STR_W01,2840016014,2024-07-09,2024-W28,18.0,18.0,0.0,89.82000000000001
STR_W01,4900005010,2024-07-09,2024-W28,26.0,26.0,0.0,51.74
STR_E01,1200080994,2024-07-10,2024-W28,30.0,30.0,0.0,239.70000000000002
STR_E01,2840016014,2024-07-10,2024-W28,13.0,13.0,0.0,64.87
STR_E01,4900005010,2024-07-10,2024-W28,21.0,21.0,0.0,41.79
STR_E02,1200080994,2024-07-10,2024-W28,21.0,21.0,0.0,167.79
STR_E02,2840016014,2024-07-10,2024-W28,15.0,15.0,0.0,74.85000000000001
STR_E02,4900005010,2024-07-10,2024-W28,18.0,18.0,0.0,35.82
STR_W01,1200080994,2024-07-10,2024-W28,34.0,34.0,0.0,271.66
STR_W01,2840016014,2024-07-10,2024-W28,15.0,15.0,0.0,74.85000000000001
STR_W01,4900005010,2024-07-10,2024-W28,16.0,16.0,0.0,31.84
STR_E01,1200080994,2024-07-11,2024-W28,19.0,19.0,0.0,151.81
STR_E01,2840016014,2024-07-11,2024-W28,8.0,8.0,0.0,39.92
STR_E01,4900005010,2024-07-11,2024-W28,16.0,16.0,0.0,31.84
STR_E02,1200080994,2024-07-11,2024-W28,20.0,20.0,0.0,159.8
STR_E02,2840016014,2024-07-11,2024-W28,10.0,10.0,0.0,49.900000000000006
STR_E02,4900005010,2024-07-11,2024-W28,16.0,16.0,0.0,31.84
STR_W01,1200080994,2024-07-11,2024-W28,14.0,14.0,0.0,111.86
STR_W01,2840016014,2024-07-11,2024-W28,10.0,10.0,0.0,49.900000000000006
STR_W01,4900005010,2024-07-11,2024-W28,14.0,14.0,0.0,27.86
STR_E01,1200080994,2024-07-12,2024-W28,18.0,18.0,0.0,143.82
STR_E01,2840016014,2024-07-12,2024-W28,9.0,9.0,0.0,44.910000000000004
STR_E01,4900005010,2024-07-12,2024-W28,13.0,13.0,0.0,25.87
STR_E02,1200080994,2024-07-12,2024-W28,11.0,11.0,0.0,87.89
STR_E02,2840016014,2024-07-12,2024-W28,9.0,9.0,0.0,44.910000000000004
STR_E02,4900005010,2024-07-12,2024-W28,11.0,11.0,0.0,21.89
STR_W01,1200080994,2024-07-12,2024-W28,12.0,12.0,0.0,95.88
STR_W01,2840016014,2024-07-12,2024-W28,9.0,9.0,0.0,44.910000000000004
STR_W01,4900005010,2024-07-12,2024-W28,11.0,11.0,0.0,21.89
STR_E01,1200080994,2024-07-13,2024-W28,12.0,12.0,0.0,95.88
STR_E01,2840016014,2024-07-13,2024-W28,9.0,9.0,0.0,44.910000000000004
STR_E01,4900005010,2024-07-13,2024-W28,10.0,10.0,0.0,19.9
STR_E02,1200080994,2024-07-13,2024-W28,10.0,10.0,0.0,79.9
STR_E02,2840016014,2024-07-13,2024-W28,12.0,12.0,0.0,59.88
STR_E02,4900005010,2024-07-13,2024-W28,10.0,10.0,0.0,19.9
STR_W01,1200080994,2024-07-13,2024-W28,10.0,10.0,0.0,79.9
STR_W01,2840016014,2024-07-13,2024-W28,11.0,11.0,0.0,54.89
STR_W01,4900005010,2024-07-13,2024-W28,10.0,10.0,0.0,19.9
STR_E01,1200080994,2024-07-14,2024-W28,9.0,9.0,0.0,71.91
STR_E01,2840016014,2024-07-14,2024-W28,11.0,11.0,0.0,54.89
STR_E01,4900005010,2024-07-14,2024-W28,10.0,10.0,0.0,19.9
STR_E02,1200080994,2024-07-14,2024-W28,11.0,11.0,0.0,87.89
STR_E02,2840016014,2024-07-14,2024-W28,11.0,11.0,0.0,54.89
STR_E02,4900005010,2024-07-14,2024-W28,9.0,9.0,0.0,17.91
STR_W01,1200080994,2024-07-14,2024-W28,12.0,12.0,0.0,95.88
STR_W01,2840016014,2024-07-14,2024-W28,11.0,11.0,0.0,54.89
STR_W01,4900005010,2024-07-14,2024-W28,11.0,11.0,0.0,21.89
STR_E01,1200080994,2024-07-15,2024-W29,12.0,12.0,0.0,95.88
STR_E01,2840016014,2024-07-15,2024-W29,12.0,12.0,0.0,59.88
STR_E01,4900005010,2024-07-15,2024-W29,11.0,11.0,0.0,21.89
STR_E02,1200080994,2024-07-15,2024-W29,11.0,11.0,0.0,87.89
STR_E02,2840016014,2024-07-15,2024-W29,10.0,10.0,0.0,49.900000000000006
STR_E02,4900005010,2024-07-15,2024-W29,11.0,11.0,0.0,21.89
STR_W01,1200080994,2024-07-15,2024-W29,12.0,12.0,0.0,95.88
STR_W01,2840016014,2024-07-15,2024-W29,12.0,12.0,0.0,59.88
STR_W01,4900005010,2024-07-15,2024-W29,10.0,10.0,0.0,19.9
STR_E01,1200080994,2024-07-16,2024-W29,10.0,10.0,0.0,79.9
STR_E01,2840016014,2024-07-16,2024-W29,12.0,12.0,0.0,59.88
STR_E01,4900005010,2024-07-16,2024-W29,11.0,11.0,0.0,21.89
STR_E02,1200080994,2024-07-16,2024-W29,10.0,10.0,0.0,79.9
STR_E02,2840016014,2024-07-16,2024-W29,12.0,12.0,0.0,59.88
STR_E02,4900005010,2024-07-16,2024-W29,9.0,9.0,0.0,17.91
STR_W01,1200080994,2024-07-16,2024-W29,9.0,9.0,0.0,71.91
STR_W01,2840016014,2024-07-16,2024-W29,10.0,10.0,0.0,49.900000000000006
STR_W01,4900005010,2024-07-16,2024-W29,9.0,9.0,0.0,17.91
STR_E01,1200080994,2024-07-17,2024-W29,11.0,11.0,0.0,87.89
STR_E01,2840016014,2024-07-17,2024-W29,10.0,10.0,0.0,49.900000000000006
STR_E01,4900005010,2024-07-17,2024-W29,11.0,11.0,0.0,21.89
STR_E02,1200080994,2024-07-17,2024-W29,12.0,12.0,0.0,95.88
STR_E02,2840016014,2024-07-17,2024-W29,13.0,13.0,0.0,64.87
STR_E02,4900005010,2024-07-17,2024-W29,9.0,9.0,0.0,17.91
STR_W01,1200080994,2024-07-17,2024-W29,9.0,9.0,0.0,71.91
STR_W01,2840016014,2024-07-17,2024-W29,11.0,11.0,0.0,54.89
STR_W01,4900005010,2024-07-17,2024-W29,9.0,9.0,0.0,17.91
STR_E01,1200080994,2024-07-18,2024-W29,8.0,8.0,0.0,63.92
STR_E01,2840016014,2024-07-18,2024-W29,8.0,8.0,0.0,39.92
STR_E01,4900005010,2024-07-18,2024-W29,14.0,14.0,0.0,27.86
STR_E02,1200080994,2024-07-18,2024-W29,13.0,13.0,0.0,103.87
STR_E02,2840016014,2024-07-18,2024-W29,12.0,12.0,0.0,59.88
STR_E02,4900005010,2024-07-18,2024-W29,11.0,11.0,0.0,21.89
STR_W01,1200080994,2024-07-18,2024-W29,8.0,8.0,0.0,63.92
STR_W01,2840016014,2024-07-18,2024-W29,10.0,10.0,0.0,49.900000000000006
STR_W01,4900005010,2024-07-18,2024-W29,9.0,9.0,0.0,17.91
STR_E01,1200080994,2024-07-19,2024-W29,9.0,9.0,0.0,71.91
STR_E01,2840016014,2024-07-19,2024-W29,12.0,12.0,0.0,59.88
STR_E01,4900005010,2024-07-19,2024-W29,12.0,12.0,0.0,23.88
STR_E02,1200080994,2024-07-19,2024-W29,11.0,11.0,0.0,87.89
STR_E02,2840016014,2024-07-19,2024-W29,12.0,12.0,0.0,59.88
STR_E02,4900005010,2024-07-19,2024-W29,10.0,10.0,0.0,19.9
STR_W01,1200080994,2024-07-19,2024-W29,9.0,9.0,0.0,71.91
STR_W01,2840016014,2024-07-19,2024-W29,13.0,13.0,0.0,64.87
STR_W01,4900005010,2024-07-19,2024-W29,12.0,12.0,0.0,23.88
STR_E01,1200080994,2024-07-20,2024-W29,9.0,9.0,0.0,71.91
STR_E01,2840016014,2024-07-20,2024-W29,11.0,11.0,0.0,54.89
STR_E01,4900005010,2024-07-20,2024-W29,11.0,11.0,0.0,21.89
STR_E02,1200080994,2024-07-20,2024-W29,11.0,11.0,0.0,87.89
STR_E02,2840016014,2024-07-20,2024-W29,9.0,9.0,0.0,44.910000000000004
STR_E02,4900005010,2024-07-20,2024-W29,14.0,14.0,0.0,27.86
STR_W01,1200080994,2024-07-20,2024-W29,13.0,13.0,0.0,103.87
STR_W01,2840016014,2024-07-20,2024-W29,13.0,13.0,0.0,64.87
STR_W01,4900005010,2024-07-20,2024-W29,12.0,12.0,0.0,23.88
STR_E01,1200080994,2024-07-21,2024-W29,10.0,10.0,0.0,79.9
STR_E01,2840016014,2024-07-21,2024-W29,12.0,12.0,0.0,59.88
STR_E01,4900005010,2024-07-21,2024-W29,11.0,11.0,0.0,21.89
STR_E02,1200080994,2024-07-21,2024-W29,9.0,9.0,0.0,71.91
STR_E02,2840016014,2024-07-21,2024-W29,11.0,11.0,0.0,54.89
STR_E02,4900005010,2024-07-21,2024-W29,10.0,10.0,0.0,19.9
STR_W01,1200080994,2024-07-21,2024-W29,9.0,9.0,0.0,71.91
STR_W01,2840016014,2024-07-21,2024-W29,10.0,10.0,0.0,49.900000000000006
STR_W01,4900005010,2024-07-21,2024-W29,11.0,11.0,0.0,21.89
STR_E01,1200080994,2024-07-22,2024-W30,11.0,11.0,0.0,87.89
STR_E01,2840016014,2024-07-22,2024-W30,12.0,12.0,0.0,59.88
STR_E01,4900005010,2024-07-22,2024-W30,10.0,10.0,0.0,19.9
STR_E02,1200080994,2024-07-22,2024-W30,11.0,11.0,0.0,87.89
STR_E02,2840016014,2024-07-22,2024-W30,13.0,13.0,0.0,64.87
STR_E02,4900005010,2024-07-22,2024-W30,10.0,10.0,0.0,19.9
STR_W01,1200080994,2024-07-22,2024-W30,10.0,10.0,0.0,79.9
STR_W01,2840016014,2024-07-22,2024-W30,10.0,10.0,0.0,49.900000000000006
STR_W01,4900005010,2024-07-22,2024-W30,8.0,8.0,0.0,15.92
STR_E01,1200080994,2024-07-23,2024-W30,11.0,11.0,0.0,87.89
STR_E01,2840016014,2024-07-23,2024-W30,8.0,8.0,0.0,39.92
STR_E01,4900005010,2024-07-23,2024-W30,8.0,8.0,0.0,15.92
STR_E02,1200080994,2024-07-23,2024-W30,13.0,13.0,0.0,103.87
STR_E02,2840016014,2024-07-23,2024-W30,11.0,11.0,0.0,54.89
STR_E02,4900005010,2024-07-23,2024-W30,11.0,11.0,0.0,21.89
STR_W01,1200080994,2024-07-23,2024-W30,13.0,13.0,0.0,103.87
STR_W01,2840016014,2024-07-23,2024-W30,10.0,10.0,0.0,49.900000000000006
STR_W01,4900005010,2024-07-23,2024-W30,12.0,12.0,0.0,23.88
STR_E01,1200080994,2024-07-24,2024-W30,10.0,10.0,0.0,79.9
STR_E01,2840016014,2024-07-24,2024-W30,10.0,10.0,0.0,49.900000000000006
STR_E01,4900005010,2024-07-24,2024-W30,9.0,9.0,0.0,17.91
STR_E02,1200080994,2024-07-24,2024-W30,10.0,10.0,0.0,79.9
STR_E02,2840016014,2024-07-24,2024-W30,10.0,10.0,0.0,49.900000000000006
STR_E02,4900005010,2024-07-24,2024-W30,11.0,11.0,0.0,21.89
STR_W01,1200080994,2024-07-24,2024-W30,11.0,11.0,0.0,87.89
STR_W01,2840016014,2024-07-24,2024-W30,9.0,9.0,0.0,44.910000000000004
STR_W01,4900005010,2024-07-24,2024-W30,9.0,9.0,0.0,17.91
STR_E01,1200080994,2024-07-25,2024-W30,11.0,11.0,0.0,87.89
STR_E01,2840016014,2024-07-25,2024-W30,11.0,11.0,0.0,54.89
STR_E01,4900005010,2024-07-25,2024-W30,9.0,9.0,0.0,17.91
STR_E02,1200080994,2024-07-25,2024-W30,12.0,12.0,0.0,95.88
STR_E02,2840016014,2024-07-25,2024-W30,13.0,13.0,0.0,64.87
STR_E02,4900005010,2024-07-25,2024-W30,11.0,11.0,0.0,21.89
STR_W01,1200080994,2024-07-25,2024-W30,11.0,11.0,0.0,87.89
STR_W01,2840016014,2024-07-25,2024-W30,9.0,9.0,0.0,44.910000000000004
STR_W01,4900005010,2024-07-25,2024-W30,12.0,12.0,0.0,23.88
STR_E01,1200080994,2024-07-26,2024-W30,9.0,9.0,0.0,71.91
STR_E01,2840016014,2024-07-26,2024-W30,10.0,10.0,0.0,49.900000000000006
STR_E01,4900005010,2024-07-26,2024-W30,13.0,13.0,0.0,25.87
STR_E02,1200080994,2024-07-26,2024-W30,9.0,9.0,0.0,71.91
STR_E02,2840016014,2024-07-26,2024-W30,10.0,10.0,0.0,49.900000000000006
STR_E02,4900005010,2024-07-26,2024-W30,9.0,9.0,0.0,17.91
STR_W01,1200080994,2024-07-26,2024-W30,11.0,11.0,0.0,87.89
STR_W01,2840016014,2024-07-26,2024-W30,15.0,15.0,0.0,74.85000000000001
STR_W01,4900005010,2024-07-26,2024-W30,10.0,10.0,0.0,19.9
STR_E01,1200080994,2024-07-27,2024-W30,9.0,9.0,0.0,71.91
STR_E01,2840016014,2024-07-27,2024-W30,10.0,10.0,0.0,49.900000000000006
STR_E01,4900005010,2024-07-27,2024-W30,11.0,11.0,0.0,21.89
STR_E02,1200080994,2024-07-27,2024-W30,10.0,10.0,0.0,79.9
STR_E02,2840016014,2024-07-27,2024-W30,10.0,10.0,0.0,49.900000000000006
STR_E02,4900005010,2024-07-27,2024-W30,10.0,10.0,0.0,19.9
STR_W01,1200080994,2024-07-27,2024-W30,7.0,7.0,0.0,55.93
STR_W01,2840016014,2024-07-27,2024-W30,7.0,7.0,0.0,34.93
STR_W01,4900005010,2024-07-27,2024-W30,11.0,11.0,0.0,21.89
STR_E01,1200080994,2024-07-28,2024-W30,10.0,10.0,0.0,79.9
STR_E01,2840016014,2024-07-28,2024-W30,11.0,11.0,0.0,54.89
STR_E01,4900005010,2024-07-28,2024-W30,13.0,13.0,0.0,25.87
STR_E02,1200080994,2024-07-28,2024-W30,11.0,11.0,0.0,87.89
STR_E02,2840016014,2024-07-28,2024-W30,11.0,11.0,0.0,54.89
STR_E02,4900005010,2024-07-28,2024-W30,9.0,9.0,0.0,17.91
STR_W01,1200080994,2024-07-28,2024-W30,11.0,11.0,0.0,87.89
STR_W01,2840016014,2024-07-28,2024-W30,10.0,10.0,0.0,49.900000000000006
STR_W01,4900005010,2024-07-28,2024-W30,11.0,11.0,0.0,21.89
STR_E01,1200080994,2024-07-29,2024-W31,9.0,9.0,0.0,71.91
STR_E01,2840016014,2024-07-29,2024-W31,10.0,10.0,0.0,49.900000000000006
STR_E01,4900005010,2024-07-29,2024-W31,12.0,12.0,0.0,23.88
STR_E02,1200080994,2024-07-29,2024-W31,9.0,9.0,0.0,71.91
STR_E02,2840016014,2024-07-29,2024-W31,10.0,10.0,0.0,49.900000000000006
STR_E02,4900005010,2024-07-29,2024-W31,11.0,11.0,0.0,21.89
STR_W01,1200080994,2024-07-29,2024-W31,9.0,9.0,0.0,71.91
STR_W01,2840016014,2024-07-29,2024-W31,10.0,10.0,0.0,49.900000000000006
STR_W01,4900005010,2024-07-29,2024-W31,12.0,12.0,0.0,23.88
STR_E01,1200080994,2024-07-30,2024-W31,10.0,10.0,0.0,79.9
STR_E01,2840016014,2024-07-30,2024-W31,12.0,12.0,0.0,59.88
STR_E01,4900005010,2024-07-30,2024-W31,10.0,10.0,0.0,19.9
STR_E02,1200080994,2024-07-30,2024-W31,11.0,11.0,0.0,87.89
STR_E02,2840016014,2024-07-30,2024-W31,8.0,8.0,0.0,39.92
STR_E02,4900005010,2024-07-30,2024-W31,10.0,10.0,0.0,19.9
STR_W01,1200080994,2024-07-30,2024-W31,12.0,12.0,0.0,95.88
STR_W01,2840016014,2024-07-30,2024-W31,10.0,10.0,0.0,49.900000000000006
STR_W01,4900005010,2024-07-30,2024-W31,9.0,9.0,0.0,17.91
STR_E01,1200080994,2024-07-31,2024-W31,11.0,11.0,0.0,87.89
STR_E01,2840016014,2024-07-31,2024-W31,10.0,10.0,0.0,49.900000000000006
STR_E01,4900005010,2024-07-31,2024-W31,10.0,10.0,0.0,19.9
STR_E02,1200080994,2024-07-31,2024-W31,8.0,8.0,0.0,63.92
STR_E02,2840016014,2024-07-31,2024-W31,14.0,14.0,0.0,69.86
STR_E02,4900005010,2024-07-31,2024-W31,9.0,9.0,0.0,17.91
STR_W01,1200080994,2024-07-31,2024-W31,11.0,11.0,0.0,87.89
STR_W01,2840016014,2024-07-31,2024-W31,9.0,9.0,0.0,44.910000000000004
STR_W01,4900005010,2024-07-31,2024-W31,13.0,13.0,0.0,25.87
STR_E01,1200080994,2024-08-01,2024-W31,11.0,11.0,0.0,87.89
STR_E01,2840016014,2024-08-01,2024-W31,9.0,9.0,0.0,44.910000000000004
STR_E01,4900005010,2024-08-01,2024-W31,9.0,9.0,0.0,17.91
STR_E02,1200080994,2024-08-01,2024-W31,9.0,9.0,0.0,71.91
STR_E02,2840016014,2024-08-01,2024-W31,8.0,8.0,0.0,39.92
STR_E02,4900005010,2024-08-01,2024-W31,10.0,10.0,0.0,19.9
STR_W01,1200080994,2024-08-01,2024-W31,10.0,10.0,0.0,79.9
STR_W01,2840016014,2024-08-01,2024-W31,11.0,11.0,0.0,54.89
STR_W01,4900005010,2024-08-01,2024-W31,10.0,10.0,0.0,19.9
STR_E01,1200080994,2024-08-02,2024-W31,11.0,11.0,0.0,87.89
STR_E01,2840016014,2024-08-02,2024-W31,9.0,9.0,0.0,44.910000000000004
STR_E01,4900005010,2024-08-02,2024-W31,11.0,11.0,0.0,21.89
STR_E02,1200080994,2024-08-02,2024-W31,10.0,10.0,0.0,79.9
STR_E02,2840016014,2024-08-02,2024-W31,10.0,10.0,0.0,49.900000000000006
STR_E02,4900005010,2024-08-02,2024-W31,9.0,9.0,0.0,17.91
STR_W01,1200080994,2024-08-02,2024-W31,11.0,11.0,0.0,87.89
STR_W01,2840016014,2024-08-02,2024-W31,10.0,10.0,0.0,49.900000000000006
STR_W01,4900005010,2024-08-02,2024-W31,10.0,10.0,0.0,19.9
STR_E01,1200080994,2024-08-03,2024-W31,11.0,11.0,0.0,87.89
STR_E01,2840016014,2024-08-03,2024-W31,10.0,10.0,0.0,49.900000000000006
STR_E01,4900005010,2024-08-03,2024-W31,14.0,14.0,0.0,27.86
STR_E02,1200080994,2024-08-03,2024-W31,9.0,9.0,0.0,71.91
STR_E02,2840016014,2024-08-03,2024-W31,10.0,10.0,0.0,49.900000000000006
STR_E02,4900005010,2024-08-03,2024-W31,12.0,12.0,0.0,23.88
STR_W01,1200080994,2024-08-03,2024-W31,10.0,10.0,0.0,79.9
STR_W01,2840016014,2024-08-03,2024-W31,12.0,12.0,0.0,59.88
STR_W01,4900005010,2024-08-03,2024-W31,14.0,14.0,0.0,27.86
STR_E01,1200080994,2024-08-04,2024-W31,11.0,11.0,0.0,87.89
STR_E01,2840016014,2024-08-04,2024-W31,12.0,12.0,0.0,59.88
STR_E01,4900005010,2024-08-04,2024-W31,10.0,10.0,0.0,19.9
STR_E02,1200080994,2024-08-04,2024-W31,13.0,13.0,0.0,103.87
STR_E02,2840016014,2024-08-04,2024-W31,9.0,9.0,0.0,44.910000000000004
STR_E02,4900005010,2024-08-04,2024-W31,9.0,9.0,0.0,17.91
STR_W01,1200080994,2024-08-04,2024-W31,13.0,13.0,0.0,103.87
STR_W01,2840016014,2024-08-04,2024-W31,8.0,8.0,0.0,39.92
STR_W01,4900005010,2024-08-04,2024-W31,8.0,8.0,0.0,15.92
STR_E01,1200080994,2024-08-05,2024-W32,13.0,13.0,0.0,103.87
STR_E01,2840016014,2024-08-05,2024-W32,10.0,10.0,0.0,49.900000000000006
STR_E01,4900005010,2024-08-05,2024-W32,8.0,8.0,0.0,15.92
STR_E02,1200080994,2024-08-05,2024-W32,11.0,11.0,0.0,87.89
STR_E02,2840016014,2024-08-05,2024-W32,12.0,12.0,0.0,59.88
STR_E02,4900005010,2024-08-05,2024-W32,10.0,10.0,0.0,19.9
STR_W01,1200080994,2024-08-05,2024-W32,9.0,9.0,0.0,71.91
STR_W01,2840016014,2024-08-05,2024-W32,10.0,10.0,0.0,49.900000000000006
STR_W01,4900005010,2024-08-05,2024-W32,9.0,9.0,0.0,17.91
STR_E01,1200080994,2024-08-06,2024-W32,9.0,9.0,0.0,71.91
STR_E01,2840016014,2024-08-06,2024-W32,8.0,8.0,0.0,39.92
STR_E01,4900005010,2024-08-06,2024-W32,12.0,12.0,0.0,23.88
STR_E02,1200080994,2024-08-06,2024-W32,11.0,11.0,0.0,87.89
STR_E02,2840016014,2024-08-06,2024-W32,11.0,11.0,0.0,54.89
STR_E02,4900005010,2024-08-06,2024-W32,11.0,11.0,0.0,21.89
STR_W01,1200080994,2024-08-06,2024-W32,10.0,10.0,0.0,79.9
STR_W01,2840016014,2024-08-06,2024-W32,9.0,9.0,0.0,44.910000000000004
STR_W01,4900005010,2024-08-06,2024-W32,13.0,13.0,0.0,25.87
STR_E01,1200080994,2024-08-07,2024-W32,8.0,8.0,0.0,63.92
STR_E01,2840016014,2024-08-07,2024-W32,11.0,11.0,0.0,54.89
STR_E01,4900005010,2024-08-07,2024-W32,10.0,10.0,0.0,19.9
STR_E02,1200080994,2024-08-07,2024-W32,10.0,10.0,0.0,79.9
STR_E02,2840016014,2024-08-07,2024-W32,13.0,13.0,0.0,64.87
STR_E02,4900005010,2024-08-07,2024-W32,11.0,11.0,0.0,21.89
STR_W01,1200080994,2024-08-07,2024-W32,11.0,11.0,0.0,87.89
STR_W01,2840016014,2024-08-07,2024-W32,10.0,10.0,0.0,49.900000000000006
STR_W01,4900005010,2024-08-07,2024-W32,9.0,9.0,0.0,17.91
STR_E01,1200080994,2024-08-08,2024-W32,11.0,11.0,0.0,87.89
STR_E01,2840016014,2024-08-08,2024-W32,11.0,11.0,0.0,54.89
STR_E01,4900005010,2024-08-08,2024-W32,9.0,9.0,0.0,17.91
STR_E02,1200080994,2024-08-08,2024-W32,10.0,10.0,0.0,79.9
STR_E02,2840016014,2024-08-08,2024-W32,10.0,10.0,0.0,49.900000000000006
STR_E02,4900005010,2024-08-08,2024-W32,9.0,9.0,0.0,17.91
STR_W01,1200080994,2024-08-08,2024-W32,10.0,10.0,0.0,79.9
STR_W01,2840016014,2024-08-08,2024-W32,11.0,11.0,0.0,54.89
STR_W01,4900005010,2024-08-08,2024-W32,9.0,9.0,0.0,17.91
STR_E01,1200080994,2024-08-09,2024-W32,8.0,8.0,0.0,63.92
STR_E01,2840016014,2024-08-09,2024-W32,15.0,15.0,0.0,74.85000000000001
STR_E01,4900005010,2024-08-09,2024-W32,12.0,12.0,0.0,23.88
STR_E02,1200080994,2024-08-09,2024-W32,9.0,9.0,0.0,71.91
STR_E02,2840016014,2024-08-09,2024-W32,9.0,9.0,0.0,44.910000000000004
STR_E02,4900005010,2024-08-09,2024-W32,9.0,9.0,0.0,17.91
STR_W01,1200080994,2024-08-09,2024-W32,9.0,9.0,0.0,71.91
STR_W01,2840016014,2024-08-09,2024-W32,11.0,11.0,0.0,54.89
STR_W01,4900005010,2024-08-09,2024-W32,9.0,9.0,0.0,17.91
STR_E01,1200080994,2024-08-10,2024-W32,10.0,10.0,0.0,79.9
STR_E01,2840016014,2024-08-10,2024-W32,9.0,9.0,0.0,44.910000000000004
STR_E01,4900005010,2024-08-10,2024-W32,10.0,10.0,0.0,19.9
STR_E02,1200080994,2024-08-10,2024-W32,9.0,9.0,0.0,71.91
STR_E02,2840016014,2024-08-10,2024-W32,8.0,8.0,0.0,39.92
STR_E02,4900005010,2024-08-10,2024-W32,11.0,11.0,0.0,21.89
STR_W01,1200080994,2024-08-10,2024-W32,11.0,11.0,0.0,87.89
STR_W01,2840016014,2024-08-10,2024-W32,10.0,10.0,0.0,49.900000000000006
STR_W01,4900005010,2024-08-10,2024-W32,12.0,12.0,0.0,23.88
STR_E01,1200080994,2024-08-11,2024-W32,9.0,9.0,0.0,71.91
STR_E01,2840016014,2024-08-11,2024-W32,14.0,14.0,0.0,69.86
STR_E01,4900005010,2024-08-11,2024-W32,10.0,10.0,0.0,19.9
STR_E02,1200080994,2024-08-11,2024-W32,10.0,10.0,0.0,79.9
STR_E02,2840016014,2024-08-11,2024-W32,9.0,9.0,0.0,44.910000000000004
STR_E02,4900005010,2024-08-11,2024-W32,9.0,9.0,0.0,17.91
STR_W01,1200080994,2024-08-11,2024-W32,10.0,10.0,0.0,79.9
STR_W01,2840016014,2024-08-11,2024-W32,10.0,10.0,0.0,49.900000000000006
STR_W01,4900005010,2024-08-11,2024-W32,10.0,10.0,0.0,19.9
STR_E01,1200080994,2024-08-12,2024-W33,50.0,50.0,0.0,399.5
STR_E01,2840016014,2024-08-12,2024-W33,25.0,25.0,0.0,124.75
STR_E01,4900005010,2024-08-12,2024-W33,25.0,25.0,0.0,49.75
STR_E02,1200080994,2024-08-12,2024-W33,41.0,41.0,0.0,327.59000000000003
STR_E02,2840016014,2024-08-12,2024-W33,19.0,19.0,0.0,94.81
STR_E02,4900005010,2024-08-12,2024-W33,31.0,31.0,0.0,61.69
STR_W01,1200080994,2024-08-12,2024-W33,47.0,47.0,0.0,375.53000000000003
STR_W01,2840016014,2024-08-12,2024-W33,22.0,22.0,0.0,109.78
STR_W01,4900005010,2024-08-12,2024-W33,24.0,24.0,0.0,47.76
STR_E01,1200080994,2024-08-13,2024-W33,42.0,42.0,0.0,335.58
STR_E01,2840016014,2024-08-13,2024-W33,22.0,22.0,0.0,109.78
STR_E01,4900005010,2024-08-13,2024-W33,32.0,32.0,0.0,63.68
STR_E02,1200080994,2024-08-13,2024-W33,44.0,44.0,0.0,351.56
STR_E02,2840016014,2024-08-13,2024-W33,28.0,28.0,0.0,139.72
STR_E02,4900005010,2024-08-13,2024-W33,25.0,25.0,0.0,49.75
STR_W01,1200080994,2024-08-13,2024-W33,41.0,41.0,0.0,327.59000000000003
STR_W01,2840016014,2024-08-13,2024-W33,27.0,27.0,0.0,134.73000000000002
STR_W01,4900005010,2024-08-13,2024-W33,32.0,32.0,0.0,63.68
STR_E01,1200080994,2024-08-14,2024-W33,50.0,50.0,0.0,399.5
STR_E01,2840016014,2024-08-14,2024-W33,24.0,24.0,0.0,119.76
STR_E01,4900005010,2024-08-14,2024-W33,30.0,30.0,0.0,59.7
STR_E02,1200080994,2024-08-14,2024-W33,36.0,36.0,0.0,287.64
STR_E02,2840016014,2024-08-14,2024-W33,23.0,23.0,0.0,114.77000000000001
STR_E02,4900005010,2024-08-14,2024-W33,39.0,39.0,0.0,77.61
STR_W01,1200080994,2024-08-14,2024-W33,37.0,37.0,0.0,295.63
STR_W01,2840016014,2024-08-14,2024-W33,26.0,26.0,0.0,129.74
STR_W01,4900005010,2024-08-14,2024-W33,29.0,29.0,0.0,57.71
STR_E01,1200080994,2024-08-15,2024-W33,45.0,45.0,0.0,359.55
STR_E01,2840016014,2024-08-15,2024-W33,25.0,25.0,0.0,124.75
STR_E01,4900005010,2024-08-15,2024-W33,37.0,37.0,0.0,73.63
STR_E02,1200080994,2024-08-15,2024-W33,41.0,41.0,0.0,327.59000000000003
STR_E02,2840016014,2024-08-15,2024-W33,21.0,21.0,0.0,104.79
STR_E02,4900005010,2024-08-15,2024-W33,34.0,34.0,0.0,67.66
STR_W01,1200080994,2024-08-15,2024-W33,41.0,41.0,0.0,327.59000000000003
STR_W01,2840016014,2024-08-15,2024-W33,23.0,23.0,0.0,114.77000000000001
STR_W01,4900005010,2024-08-15,2024-W33,27.0,27.0,0.0,53.73
STR_E01,1200080994,2024-08-16,2024-W33,39.0,39.0,0.0,311.61
STR_E01,2840016014,2024-08-16,2024-W33,20.0,20.0,0.0,99.80000000000001
STR_E01,4900005010,2024-08-16,2024-W33,30.0,30.0,0.0,59.7
STR_E02,1200080994,2024-08-16,2024-W33,48.0,48.0,0.0,383.52
STR_E02,2840016014,2024-08-16,2024-W33,26.0,26.0,0.0,129.74
STR_E02,4900005010,2024-08-16,2024-W33,39.0,39.0,0.0,77.61
STR_W01,1200080994,2024-08-16,2024-W33,49.0,49.0,0.0,391.51
STR_W01,2840016014,2024-08-16,2024-W33,26.0,26.0,0.0,129.74
STR_W01,4900005010,2024-08-16,2024-W33,35.0,35.0,0.0,69.65
STR_E01,1200080994,2024-08-17,2024-W33,38.0,38.0,0.0,303.62
STR_E01,2840016014,2024-08-17,2024-W33,21.0,21.0,0.0,104.79
STR_E01,4900005010,2024-08-17,2024-W33,33.0,33.0,0.0,65.67
STR_E02,1200080994,2024-08-17,2024-W33,47.0,47.0,0.0,375.53000000000003
STR_E02,2840016014,2024-08-17,2024-W33,23.0,23.0,0.0,114.77000000000001
STR_E02,4900005010,2024-08-17,2024-W33,30.0,30.0,0.0,59.7
STR_W01,1200080994,2024-08-17,2024-W33,42.0,42.0,0.0,335.58
STR_W01,2840016014,2024-08-17,2024-W33,18.0,18.0,0.0,89.82000000000001
STR_W01,4900005010,2024-08-17,2024-W33,30.0,30.0,0.0,59.7
STR_E01,1200080994,2024-08-18,2024-W33,36.0,10.0,26.0,79.9
STR_E01,2840016014,2024-08-18,2024-W33,23.0,23.0,0.0,114.77000000000001
STR_E01,4900005010,2024-08-18,2024-W33,30.0,30.0,0.0,59.7
STR_E02,1200080994,2024-08-18,2024-W33,42.0,26.0,16.0,207.74
STR_E02,2840016014,2024-08-18,2024-W33,22.0,22.0,0.0,109.78
STR_E02,4900005010,2024-08-18,2024-W33,33.0,33.0,0.0,65.67
STR_W01,1200080994,2024-08-18,2024-W33,36.0,33.0,3.0,263.67
STR_W01,2840016014,2024-08-18,2024-W33,32.0,32.0,0.0,159.68
STR_W01,4900005010,2024-08-18,2024-W33,34.0,34.0,0.0,67.66
STR_E01,1200080994,2024-08-19,2024-W34,40.0,0.0,40.0,0.0
STR_E01,2840016014,2024-08-19,2024-W34,15.0,15.0,0.0,74.85000000000001
STR_E01,4900005010,2024-08-19,2024-W34,33.0,33.0,0.0,65.67
STR_E02,1200080994,2024-08-19,2024-W34,38.0,0.0,38.0,0.0
STR_E02,2840016014,2024-08-19,2024-W34,19.0,19.0,0.0,94.81
STR_E02,4900005010,2024-08-19,2024-W34,26.0,26.0,0.0,51.74
STR_W01,1200080994,2024-08-19,2024-W34,32.0,0.0,32.0,0.0
STR_W01,2840016014,2024-08-19,2024-W34,20.0,20.0,0.0,99.80000000000001
STR_W01,4900005010,2024-08-19,2024-W34,26.0,12.0,14.0,23.88
STR_E01,1200080994,2024-08-20,2024-W34,26.0,0.0,26.0,0.0
STR_E01,2840016014,2024-08-20,2024-W34,20.0,20.0,0.0,99.80000000000001
STR_E01,4900005010,2024-08-20,2024-W34,29.0,11.0,18.0,21.89
STR_E02,1200080994,2024-08-20,2024-W34,42.0,0.0,42.0,0.0
STR_E02,2840016014,2024-08-20,2024-W34,14.0,14.0,0.0,69.86
STR_E02,4900005010,2024-08-20,2024-W34,25.0,3.0,22.0,5.97
STR_W01,1200080994,2024-08-20,2024-W34,32.0,0.0,32.0,0.0
STR_W01,2840016014,2024-08-20,2024-W34,21.0,21.0,0.0,104.79
STR_W01,4900005010,2024-08-20,2024-W34,22.0,0.0,22.0,0.0
STR_E01,1200080994,2024-08-21,2024-W34,21.0,21.0,0.0,167.79
STR_E01,2840016014,2024-08-21,2024-W34,12.0,12.0,0.0,59.88
STR_E01,4900005010,2024-08-21,2024-W34,19.0,19.0,0.0,37.81
STR_E02,1200080994,2024-08-21,2024-W34,19.0,19.0,0.0,151.81
STR_E02,2840016014,2024-08-21,2024-W34,13.0,13.0,0.0,64.87
STR_E02,4900005010,2024-08-21,2024-W34,15.0,15.0,0.0,29.85
STR_W01,1200080994,2024-08-21,2024-W34,24.0,24.0,0.0,191.76
STR_W01,2840016014,2024-08-21,2024-W34,13.0,13.0,0.0,64.87
STR_W01,4900005010,2024-08-21,2024-W34,22.0,22.0,0.0,43.78
STR_E01,1200080994,2024-08-22,2024-W34,16.0,16.0,0.0,127.84
STR_E01,2840016014,2024-08-22,2024-W34,12.0,12.0,0.0,59.88
STR_E01,4900005010,2024-08-22,2024-W34,14.0,14.0,0.0,27.86
STR_E02,1200080994,2024-08-22,2024-W34,20.0,20.0,0.0,159.8
STR_E02,2840016014,2024-08-22,2024-W34,12.0,12.0,0.0,59.88
STR_E02,4900005010,2024-08-22,2024-W34,14.0,14.0,0.0,27.86
STR_W01,1200080994,2024-08-22,2024-W34,15.0,15.0,0.0,119.85000000000001
STR_W01,2840016014,2024-08-22,2024-W34,11.0,11.0,0.0,54.89
STR_W01,4900005010,2024-08-22,2024-W34,13.0,13.0,0.0,25.87
STR_E01,1200080994,2024-08-23,2024-W34,11.0,11.0,0.0,87.89
STR_E01,2840016014,2024-08-23,2024-W34,12.0,12.0,0.0,59.88
STR_E01,4900005010,2024-08-23,2024-W34,10.0,10.0,0.0,19.9
STR_E02,1200080994,2024-08-23,2024-W34,13.0,13.0,0.0,103.87
STR_E02,2840016014,2024-08-23,2024-W34,9.0,9.0,0.0,44.910000000000004
STR_E02,4900005010,2024-08-23,2024-W34,11.0,11.0,0.0,21.89
STR_W01,1200080994,2024-08-23,2024-W34,14.0,14.0,0.0,111.86
STR_W01,2840016014,2024-08-23,2024-W34,9.0,9.0,0.0,44.910000000000004
STR_W01,4900005010,2024-08-23,2024-W34,10.0,10.0,0.0,19.9
STR_E01,1200080994,2024-08-24,2024-W34,11.0,11.0,0.0,87.89
STR_E01,2840016014,2024-08-24,2024-W34,9.0,9.0,0.0,44.910000000000004
STR_E01,4900005010,2024-08-24,2024-W34,14.0,14.0,0.0,27.86
STR_E02,1200080994,2024-08-24,2024-W34,11.0,11.0,0.0,87.89
STR_E02,2840016014,2024-08-24,2024-W34,9.0,9.0,0.0,44.910000000000004
STR_E02,4900005010,2024-08-24,2024-W34,10.0,10.0,0.0,19.9
STR_W01,1200080994,2024-08-24,2024-W34,12.0,12.0,0.0,95.88
STR_W01,2840016014,2024-08-24,2024-W34,11.0,11.0,0.0,54.89
STR_W01,4900005010,2024-08-24,2024-W34,7.0,7.0,0.0,13.93
STR_E01,1200080994,2024-08-25,2024-W34,11.0,11.0,0.0,87.89
STR_E01,2840016014,2024-08-25,2024-W34,8.0,8.0,0.0,39.92
STR_E01,4900005010,2024-08-25,2024-W34,14.0,14.0,0.0,27.86
STR_E02,1200080994,2024-08-25,2024-W34,12.0,12.0,0.0,95.88
STR_E02,2840016014,2024-08-25,2024-W34,9.0,9.0,0.0,44.910000000000004
STR_E02,4900005010,2024-08-25,2024-W34,9.0,9.0,0.0,17.91
STR_W01,1200080994,2024-08-25,2024-W34,10.0,10.0,0.0,79.9
STR_W01,2840016014,2024-08-25,2024-W34,8.0,8.0,0.0,39.92
STR_W01,4900005010,2024-08-25,2024-W34,9.0,9.0,0.0,17.91
STR_E01,1200080994,2024-08-26,2024-W35,12.0,12.0,0.0,95.88
STR_E01,2840016014,2024-08-26,2024-W35,8.0,8.0,0.0,39.92
STR_E01,4900005010,2024-08-26,2024-W35,12.0,12.0,0.0,23.88
STR_E02,1200080994,2024-08-26,2024-W35,12.0,12.0,0.0,95.88
STR_E02,2840016014,2024-08-26,2024-W35,11.0,11.0,0.0,54.89
STR_E02,4900005010,2024-08-26,2024-W35,11.0,11.0,0.0,21.89
STR_W01,1200080994,2024-08-26,2024-W35,9.0,9.0,0.0,71.91
STR_W01,2840016014,2024-08-26,2024-W35,9.0,9.0,0.0,44.910000000000004
STR_W01,4900005010,2024-08-26,2024-W35,10.0,10.0,0.0,19.9
STR_E01,1200080994,2024-08-27,2024-W35,10.0,10.0,0.0,79.9
STR_E01,2840016014,2024-08-27,2024-W35,8.0,8.0,0.0,39.92
STR_E01,4900005010,2024-08-27,2024-W35,12.0,12.0,0.0,23.88
STR_E02,1200080994,2024-08-27,2024-W35,11.0,11.0,0.0,87.89
STR_E02,2840016014,2024-08-27,2024-W35,11.0,11.0,0.0,54.89
STR_E02,4900005010,2024-08-27,2024-W35,7.0,7.0,0.0,13.93
STR_W01,1200080994,2024-08-27,2024-W35,15.0,15.0,0.0,119.85000000000001
STR_W01,2840016014,2024-08-27,2024-W35,14.0,14.0,0.0,69.86
STR_W01,4900005010,2024-08-27,2024-W35,12.0,12.0,0.0,23.88
STR_E01,1200080994,2024-08-28,2024-W35,13.0,13.0,0.0,103.87
STR_E01,2840016014,2024-08-28,2024-W35,8.0,8.0,0.0,39.92
STR_E01,4900005010,2024-08-28,2024-W35,10.0,10.0,0.0,19.9
STR_E02,1200080994,2024-08-28,2024-W35,10.0,10.0,0.0,79.9
STR_E02,2840016014,2024-08-28,2024-W35,12.0,12.0,0.0,59.88
STR_E02,4900005010,2024-08-28,2024-W35,8.0,8.0,0.0,15.92
STR_W01,1200080994,2024-08-28,2024-W35,11.0,11.0,0.0,87.89
STR_W01,2840016014,2024-08-28,2024-W35,9.0,9.0,0.0,44.910000000000004
STR_W01,4900005010,2024-08-28,2024-W35,10.0,10.0,0.0,19.9
STR_E01,1200080994,2024-08-29,2024-W35,11.0,11.0,0.0,87.89
STR_E01,2840016014,2024-08-29,2024-W35,12.0,12.0,0.0,59.88
STR_E01,4900005010,2024-08-29,2024-W35,9.0,9.0,0.0,17.91
STR_E02,1200080994,2024-08-29,2024-W35,10.0,10.0,0.0,79.9
STR_E02,2840016014,2024-08-29,2024-W35,8.0,8.0,0.0,39.92
STR_E02,4900005010,2024-08-29,2024-W35,10.0,10.0,0.0,19.9
STR_W01,1200080994,2024-08-29,2024-W35,14.0,14.0,0.0,111.86
STR_W01,2840016014,2024-08-29,2024-W35,10.0,10.0,0.0,49.900000000000006
STR_W01,4900005010,2024-08-29,2024-W35,8.0,8.0,0.0,15.92
STR_E01,1200080994,2024-08-30,2024-W35,10.0,10.0,0.0,79.9
STR_E01,2840016014,2024-08-30,2024-W35,8.0,8.0,0.0,39.92
STR_E01,4900005010,2024-08-30,2024-W35,10.0,10.0,0.0,19.9
STR_E02,1200080994,2024-08-30,2024-W35,9.0,9.0,0.0,71.91
STR_E02,2840016014,2024-08-30,2024-W35,12.0,12.0,0.0,59.88
STR_E02,4900005010,2024-08-30,2024-W35,9.0,9.0,0.0,17.91
STR_W01,1200080994,2024-08-30,2024-W35,11.0,11.0,0.0,87.89
STR_W01,2840016014,2024-08-30,2024-W35,7.0,7.0,0.0,34.93
STR_W01,4900005010,2024-08-30,2024-W35,7.0,7.0,0.0,13.93
STR_E01,1200080994,2024-08-31,2024-W35,9.0,9.0,0.0,71.91
STR_E01,2840016014,2024-08-31,2024-W35,10.0,10.0,0.0,49.900000000000006
STR_E01,4900005010,2024-08-31,2024-W35,13.0,13.0,0.0,25.87
STR_E02,1200080994,2024-08-31,2024-W35,11.0,11.0,0.0,87.89
STR_E02,2840016014,2024-08-31,2024-W35,12.0,12.0,0.0,59.88
STR_E02,4900005010,2024-08-31,2024-W35,9.0,9.0,0.0,17.91
STR_W01,1200080994,2024-08-31,2024-W35,11.0,11.0,0.0,87.89
STR_W01,2840016014,2024-08-31,2024-W35,14.0,14.0,0.0,69.86
STR_W01,4900005010,2024-08-31,2024-W35,10.0,10.0,0.0,19.9
STR_E01,1200080994,2024-09-01,2024-W35,12.0,12.0,0.0,95.88
STR_E01,2840016014,2024-09-01,2024-W35,10.0,10.0,0.0,49.900000000000006
STR_E01,4900005010,2024-09-01,2024-W35,10.0,10.0,0.0,19.9
STR_E02,1200080994,2024-09-01,2024-W35,8.0,8.0,0.0,63.92
STR_E02,2840016014,2024-09-01,2024-W35,14.0,14.0,0.0,69.86
STR_E02,4900005010,2024-09-01,2024-W35,9.0,9.0,0.0,17.91
STR_W01,1200080994,2024-09-01,2024-W35,12.0,12.0,0.0,95.88
STR_W01,2840016014,2024-09-01,2024-W35,11.0,11.0,0.0,54.89
STR_W01,4900005010,2024-09-01,2024-W35,10.0,10.0,0.0,19.9
STR_E01,1200080994,2024-09-02,2024-W36,31.0,31.0,0.0,247.69
STR_E01,2840016014,2024-09-02,2024-W36,30.0,30.0,0.0,149.70000000000002
STR_E01,4900005010,2024-09-02,2024-W36,31.0,31.0,0.0,61.69
STR_E02,1200080994,2024-09-02,2024-W36,28.0,28.0,0.0,223.72
STR_E02,2840016014,2024-09-02,2024-W36,22.0,22.0,0.0,109.78
STR_E02,4900005010,2024-09-02,2024-W36,29.0,29.0,0.0,57.71
STR_W01,1200080994,2024-09-02,2024-W36,40.0,40.0,0.0,319.6
STR_W01,2840016014,2024-09-02,2024-W36,22.0,22.0,0.0,109.78
STR_W01,4900005010,2024-09-02,2024-W36,27.0,27.0,0.0,53.73
STR_E01,1200080994,2024-09-03,2024-W36,44.0,44.0,0.0,351.56
STR_E01,2840016014,2024-09-03,2024-W36,27.0,27.0,0.0,134.73000000000002
STR_E01,4900005010,2024-09-03,2024-W36,30.0,30.0,0.0,59.7
STR_E02,1200080994,2024-09-03,2024-W36,45.0,45.0,0.0,359.55
STR_E02,2840016014,2024-09-03,2024-W36,23.0,23.0,0.0,114.77000000000001
STR_E02,4900005010,2024-09-03,2024-W36,29.0,29.0,0.0,57.71
STR_W01,1200080994,2024-09-03,2024-W36,39.0,39.0,0.0,311.61
STR_W01,2840016014,2024-09-03,2024-W36,22.0,22.0,0.0,109.78
STR_W01,4900005010,2024-09-03,2024-W36,30.0,30.0,0.0,59.7
STR_E01,1200080994,2024-09-04,2024-W36,44.0,44.0,0.0,351.56
STR_E01,2840016014,2024-09-04,2024-W36,23.0,23.0,0.0,114.77000000000001
STR_E01,4900005010,2024-09-04,2024-W36,25.0,25.0,0.0,49.75
STR_E02,1200080994,2024-09-04,2024-W36,39.0,39.0,0.0,311.61
STR_E02,2840016014,2024-09-04,2024-W36,23.0,23.0,0.0,114.77000000000001
STR_E02,4900005010,2024-09-04,2024-W36,26.0,26.0,0.0,51.74
STR_W01,1200080994,2024-09-04,2024-W36,37.0,37.0,0.0,295.63
STR_W01,2840016014,2024-09-04,2024-W36,21.0,21.0,0.0,104.79
STR_W01,4900005010,2024-09-04,2024-W36,23.0,23.0,0.0,45.77
STR_E01,1200080994,2024-09-05,2024-W36,39.0,39.0,0.0,311.61
STR_E01,2840016014,2024-09-05,2024-W36,21.0,21.0,0.0,104.79
STR_E01,4900005010,2024-09-05,2024-W36,37.0,37.0,0.0,73.63
STR_E02,1200080994,2024-09-05,2024-W36,39.0,39.0,0.0,311.61
STR_E02,2840016014,2024-09-05,2024-W36,25.0,25.0,0.0,124.75
STR_E02,4900005010,2024-09-05,2024-W36,33.0,33.0,0.0,65.67
STR_W01,1200080994,2024-09-05,2024-W36,35.0,35.0,0.0,279.65000000000003
STR_W01,2840016014,2024-09-05,2024-W36,27.0,27.0,0.0,134.73000000000002
STR_W01,4900005010,2024-09-05,2024-W36,42.0,42.0,0.0,83.58
STR_E01,1200080994,2024-09-06,2024-W36,35.0,35.0,0.0,279.65000000000003
STR_E01,2840016014,2024-09-06,2024-W36,21.0,21.0,0.0,104.79
STR_E01,4900005010,2024-09-06,2024-W36,31.0,31.0,0.0,61.69
STR_E02,1200080994,2024-09-06,2024-W36,38.0,38.0,0.0,303.62
STR_E02,2840016014,2024-09-06,2024-W36,24.0,24.0,0.0,119.76
STR_E02,4900005010,2024-09-06,2024-W36,34.0,34.0,0.0,67.66
STR_W01,1200080994,2024-09-06,2024-W36,38.0,38.0,0.0,303.62
STR_W01,2840016014,2024-09-06,2024-W36,23.0,23.0,0.0,114.77000000000001
STR_W01,4900005010,2024-09-06,2024-W36,32.0,32.0,0.0,63.68
STR_E01,1200080994,2024-09-07,2024-W36,35.0,35.0,0.0,279.65000000000003
STR_E01,2840016014,2024-09-07,2024-W36,26.0,26.0,0.0,129.74
STR_E01,4900005010,2024-09-07,2024-W36,32.0,32.0,0.0,63.68
STR_E02,1200080994,2024-09-07,2024-W36,38.0,38.0,0.0,303.62
STR_E02,2840016014,2024-09-07,2024-W36,21.0,21.0,0.0,104.79
STR_E02,4900005010,2024-09-07,2024-W36,37.0,37.0,0.0,73.63
STR_W01,1200080994,2024-09-07,2024-W36,34.0,34.0,0.0,271.66
STR_W01,2840016014,2024-09-07,2024-W36,23.0,23.0,0.0,114.77000000000001
STR_W01,4900005010,2024-09-07,2024-W36,29.0,29.0,0.0,57.71
STR_E01,1200080994,2024-09-08,2024-W36,35.0,35.0,0.0,279.65000000000003
STR_E01,2840016014,2024-09-08,2024-W36,17.0,17.0,0.0,84.83
STR_E01,4900005010,2024-09-08,2024-W36,28.0,28.0,0.0,55.72
STR_E02,1200080994,2024-09-08,2024-W36,38.0,38.0,0.0,303.62
STR_E02,2840016014,2024-09-08,2024-W36,20.0,20.0,0.0,99.80000000000001
STR_E02,4900005010,2024-09-08,2024-W36,34.0,34.0,0.0,67.66
STR_W01,1200080994,2024-09-08,2024-W36,47.0,47.0,0.0,375.53000000000003
STR_W01,2840016014,2024-09-08,2024-W36,26.0,26.0,0.0,129.74
STR_W01,4900005010,2024-09-08,2024-W36,32.0,32.0,0.0,63.68
STR_E01,1200080994,2024-09-09,2024-W37,35.0,35.0,0.0,279.65000000000003
STR_E01,2840016014,2024-09-09,2024-W37,19.0,19.0,0.0,94.81
STR_E01,4900005010,2024-09-09,2024-W37,30.0,30.0,0.0,59.7
STR_E02,1200080994,2024-09-09,2024-W37,30.0,30.0,0.0,239.70000000000002
STR_E02,2840016014,2024-09-09,2024-W37,17.0,17.0,0.0,84.83
STR_E02,4900005010,2024-09-09,2024-W37,24.0,24.0,0.0,47.76
STR_W01,1200080994,2024-09-09,2024-W37,34.0,34.0,0.0,271.66
STR_W01,2840016014,2024-09-09,2024-W37,16.0,16.0,0.0,79.84
STR_W01,4900005010,2024-09-09,2024-W37,26.0,26.0,0.0,51.74
STR_E01,1200080994,2024-09-10,2024-W37,26.0,26.0,0.0,207.74
STR_E01,2840016014,2024-09-10,2024-W37,16.0,16.0,0.0,79.84
STR_E01,4900005010,2024-09-10,2024-W37,19.0,19.0,0.0,37.81
STR_E02,1200080994,2024-09-10,2024-W37,25.0,25.0,0.0,199.75
STR_E02,2840016014,2024-09-10,2024-W37,19.0,19.0,0.0,94.81
STR_E02,4900005010,2024-09-10,2024-W37,20.0,20.0,0.0,39.8
STR_W01,1200080994,2024-09-10,2024-W37,21.0,21.0,0.0,167.79
STR_W01,2840016014,2024-09-10,2024-W37,15.0,15.0,0.0,74.85000000000001
STR_W01,4900005010,2024-09-10,2024-W37,20.0,20.0,0.0,39.8
STR_E01,1200080994,2024-09-11,2024-W37,19.0,19.0,0.0,151.81
STR_E01,2840016014,2024-09-11,2024-W37,10.0,10.0,0.0,49.900000000000006
STR_E01,4900005010,2024-09-11,2024-W37,19.0,19.0,0.0,37.81
STR_E02,1200080994,2024-09-11,2024-W37,21.0,21.0,0.0,167.79
STR_E02,2840016014,2024-09-11,2024-W37,13.0,13.0,0.0,64.87
STR_E02,4900005010,2024-09-11,2024-W37,20.0,20.0,0.0,39.8
STR_W01,1200080994,2024-09-11,2024-W37,20.0,20.0,0.0,159.8
STR_W01,2840016014,2024-09-11,2024-W37,11.0,11.0,0.0,54.89
STR_W01,4900005010,2024-09-11,2024-W37,18.0,18.0,0.0,35.82
STR_E01,1200080994,2024-09-12,2024-W37,19.0,19.0,0.0,151.81
STR_E01,2840016014,2024-09-12,2024-W37,11.0,11.0,0.0,54.89
STR_E01,4900005010,2024-09-12,2024-W37,15.0,15.0,0.0,29.85
STR_E02,1200080994,2024-09-12,2024-W37,18.0,18.0,0.0,143.82
STR_E02,2840016014,2024-09-12,2024-W37,12.0,12.0,0.0,59.88
STR_E02,4900005010,2024-09-12,2024-W37,13.0,13.0,0.0,25.87
STR_W01,1200080994,2024-09-12,2024-W37,21.0,21.0,0.0,167.79
STR_W01,2840016014,2024-09-12,2024-W37,12.0,12.0,0.0,59.88
STR_W01,4900005010,2024-09-12,2024-W37,12.0,12.0,0.0,23.88
STR_E01,1200080994,2024-09-13,2024-W37,11.0,11.0,0.0,87.89
STR_E01,2840016014,2024-09-13,2024-W37,8.0,8.0,0.0,39.92
STR_E01,4900005010,2024-09-13,2024-W37,11.0,11.0,0.0,21.89
STR_E02,1200080994,2024-09-13,2024-W37,9.0,9.0,0.0,71.91
STR_E02,2840016014,2024-09-13,2024-W37,10.0,10.0,0.0,49.900000000000006
STR_E02,4900005010,2024-09-13,2024-W37,8.0,8.0,0.0,15.92
STR_W01,1200080994,2024-09-13,2024-W37,11.0,11.0,0.0,87.89
STR_W01,2840016014,2024-09-13,2024-W37,11.0,11.0,0.0,54.89
STR_W01,4900005010,2024-09-13,2024-W37,10.0,10.0,0.0,19.9
STR_E01,1200080994,2024-09-14,2024-W37,11.0,11.0,0.0,87.89
STR_E01,2840016014,2024-09-14,2024-W37,12.0,12.0,0.0,59.88
STR_E01,4900005010,2024-09-14,2024-W37,10.0,10.0,0.0,19.9
STR_E02,1200080994,2024-09-14,2024-W37,8.0,8.0,0.0,63.92
STR_E02,2840016014,2024-09-14,2024-W37,9.0,9.0,0.0,44.910000000000004
STR_E02,4900005010,2024-09-14,2024-W37,9.0,9.0,0.0,17.91
STR_W01,1200080994,2024-09-14,2024-W37,8.0,8.0,0.0,63.92
STR_W01,2840016014,2024-09-14,2024-W37,8.0,8.0,0.0,39.92
STR_W01,4900005010,2024-09-14,2024-W37,8.0,8.0,0.0,15.92
STR_E01,1200080994,2024-09-15,2024-W37,9.0,9.0,0.0,71.91
STR_E01,2840016014,2024-09-15,2024-W37,9.0,9.0,0.0,44.910000000000004
STR_E01,4900005010,2024-09-15,2024-W37,9.0,9.0,0.0,17.91
STR_E02,1200080994,2024-09-15,2024-W37,8.0,8.0,0.0,63.92
STR_E02,2840016014,2024-09-15,2024-W37,9.0,9.0,0.0,44.910000000000004
STR_E02,4900005010,2024-09-15,2024-W37,9.0,9.0,0.0,17.91
STR_W01,1200080994,2024-09-15,2024-W37,11.0,11.0,0.0,87.89
STR_W01,2840016014,2024-09-15,2024-W37,10.0,10.0,0.0,49.900000000000006
STR_W01,4900005010,2024-09-15,2024-W37,10.0,10.0,0.0,19.9
STR_E01,1200080994,2024-09-16,2024-W38,10.0,10.0,0.0,79.9
STR_E01,2840016014,2024-09-16,2024-W38,10.0,10.0,0.0,49.900000000000006
STR_E01,4900005010,2024-09-16,2024-W38,9.0,9.0,0.0,17.91
STR_E02,1200080994,2024-09-16,2024-W38,8.0,8.0,0.0,63.92
STR_E02,2840016014,2024-09-16,2024-W38,9.0,9.0,0.0,44.910000000000004
STR_E02,4900005010,2024-09-16,2024-W38,11.0,11.0,0.0,21.89
STR_W01,1200080994,2024-09-16,2024-W38,8.0,8.0,0.0,63.92
STR_W01,2840016014,2024-09-16,2024-W38,10.0,10.0,0.0,49.900000000000006
STR_W01,4900005010,2024-09-16,2024-W38,7.0,7.0,0.0,13.93
STR_E01,1200080994,2024-09-17,2024-W38,9.0,9.0,0.0,71.91
STR_E01,2840016014,2024-09-17,2024-W38,9.0,9.0,0.0,44.910000000000004
STR_E01,4900005010,2024-09-17,2024-W38,10.0,10.0,0.0,19.9
STR_E02,1200080994,2024-09-17,2024-W38,10.0,10.0,0.0,79.9
STR_E02,2840016014,2024-09-17,2024-W38,8.0,8.0,0.0,39.92
STR_E02,4900005010,2024-09-17,2024-W38,10.0,10.0,0.0,19.9
STR_W01,1200080994,2024-09-17,2024-W38,10.0,10.0,0.0,79.9
STR_W01,2840016014,2024-09-17,2024-W38,10.0,10.0,0.0,49.900000000000006
STR_W01,4900005010,2024-09-17,2024-W38,10.0,10.0,0.0,19.9
STR_E01,1200080994,2024-09-18,2024-W38,8.0,8.0,0.0,63.92
STR_E01,2840016014,2024-09-18,2024-W38,11.0,11.0,0.0,54.89
STR_E01,4900005010,2024-09-18,2024-W38,8.0,8.0,0.0,15.92
STR_E02,1200080994,2024-09-18,2024-W38,10.0,10.0,0.0,79.9
STR_E02,2840016014,2024-09-18,2024-W38,10.0,10.0,0.0,49.900000000000006
STR_E02,4900005010,2024-09-18,2024-W38,10.0,10.0,0.0,19.9
STR_W01,1200080994,2024-09-18,2024-W38,10.0,10.0,0.0,79.9
STR_W01,2840016014,2024-09-18,2024-W38,10.0,10.0,0.0,49.900000000000006
STR_W01,4900005010,2024-09-18,2024-W38,9.0,9.0,0.0,17.91
STR_E01,1200080994,2024-09-19,2024-W38,8.0,8.0,0.0,63.92
STR_E01,2840016014,2024-09-19,2024-W38,11.0,11.0,0.0,54.89
STR_E01,4900005010,2024-09-19,2024-W38,8.0,8.0,0.0,15.92
STR_E02,1200080994,2024-09-19,2024-W38,10.0,10.0,0.0,79.9
STR_E02,2840016014,2024-09-19,2024-W38,13.0,13.0,0.0,64.87
STR_E02,4900005010,2024-09-19,2024-W38,10.0,10.0,0.0,19.9
STR_W01,1200080994,2024-09-19,2024-W38,9.0,9.0,0.0,71.91
STR_W01,2840016014,2024-09-19,2024-W38,10.0,10.0,0.0,49.900000000000006
STR_W01,4900005010,2024-09-19,2024-W38,9.0,9.0,0.0,17.91
STR_E01,1200080994,2024-09-20,2024-W38,12.0,12.0,0.0,95.88
STR_E01,2840016014,2024-09-20,2024-W38,7.0,7.0,0.0,34.93
STR_E01,4900005010,2024-09-20,2024-W38,10.0,10.0,0.0,19.9
STR_E02,1200080994,2024-09-20,2024-W38,10.0,10.0,0.0,79.9
STR_E02,2840016014,2024-09-20,2024-W38,8.0,8.0,0.0,39.92
STR_E02,4900005010,2024-09-20,2024-W38,13.0,13.0,0.0,25.87
STR_W01,1200080994,2024-09-20,2024-W38,11.0,11.0,0.0,87.89
STR_W01,2840016014,2024-09-20,2024-W38,8.0,8.0,0.0,39.92
STR_W01,4900005010,2024-09-20,2024-W38,9.0,9.0,0.0,17.91
STR_E01,1200080994,2024-09-21,2024-W38,8.0,8.0,0.0,63.92
STR_E01,2840016014,2024-09-21,2024-W38,8.0,8.0,0.0,39.92
STR_E01,4900005010,2024-09-21,2024-W38,8.0,8.0,0.0,15.92
STR_E02,1200080994,2024-09-21,2024-W38,12.0,12.0,0.0,95.88
STR_E02,2840016014,2024-09-21,2024-W38,11.0,11.0,0.0,54.89
STR_E02,4900005010,2024-09-21,2024-W38,8.0,8.0,0.0,15.92
STR_W01,1200080994,2024-09-21,2024-W38,10.0,10.0,0.0,79.9
STR_W01,2840016014,2024-09-21,2024-W38,11.0,11.0,0.0,54.89
STR_W01,4900005010,2024-09-21,2024-W38,9.0,9.0,0.0,17.91
STR_E01,1200080994,2024-09-22,2024-W38,9.0,9.0,0.0,71.91
STR_E01,2840016014,2024-09-22,2024-W38,7.0,7.0,0.0,34.93
STR_E01,4900005010,2024-09-22,2024-W38,7.0,7.0,0.0,13.93
STR_E02,1200080994,2024-09-22,2024-W38,10.0,10.0,0.0,79.9
STR_E02,2840016014,2024-09-22,2024-W38,10.0,10.0,0.0,49.900000000000006
STR_E02,4900005010,2024-09-22,2024-W38,10.0,10.0,0.0,19.9
STR_W01,1200080994,2024-09-22,2024-W38,9.0,9.0,0.0,71.91
STR_W01,2840016014,2024-09-22,2024-W38,11.0,11.0,0.0,54.89
STR_W01,4900005010,2024-09-22,2024-W38,11.0,11.0,0.0,21.89
STR_E01,1200080994,2024-09-23,2024-W39,11.0,11.0,0.0,87.89
STR_E01,2840016014,2024-09-23,2024-W39,9.0,9.0,0.0,44.910000000000004
STR_E01,4900005010,2024-09-23,2024-W39,7.0,7.0,0.0,13.93
STR_E02,1200080994,2024-09-23,2024-W39,9.0,9.0,0.0,71.91
STR_E02,2840016014,2024-09-23,2024-W39,12.0,12.0,0.0,59.88
STR_E02,4900005010,2024-09-23,2024-W39,10.0,10.0,0.0,19.9
STR_W01,1200080994,2024-09-23,2024-W39,12.0,12.0,0.0,95.88
STR_W01,2840016014,2024-09-23,2024-W39,11.0,11.0,0.0,54.89
STR_W01,4900005010,2024-09-23,2024-W39,11.0,11.0,0.0,21.89
STR_E01,1200080994,2024-09-24,2024-W39,8.0,8.0,0.0,63.92
STR_E01,2840016014,2024-09-24,2024-W39,10.0,10.0,0.0,49.900000000000006
STR_E01,4900005010,2024-09-24,2024-W39,10.0,10.0,0.0,19.9
STR_E02,1200080994,2024-09-24,2024-W39,9.0,9.0,0.0,71.91
STR_E02,2840016014,2024-09-24,2024-W39,9.0,9.0,0.0,44.910000000000004
STR_E02,4900005010,2024-09-24,2024-W39,12.0,12.0,0.0,23.88
STR_W01,1200080994,2024-09-24,2024-W39,9.0,9.0,0.0,71.91
STR_W01,2840016014,2024-09-24,2024-W39,9.0,9.0,0.0,44.910000000000004
STR_W01,4900005010,2024-09-24,2024-W39,8.0,8.0,0.0,15.92
STR_E01,1200080994,2024-09-25,2024-W39,10.0,10.0,0.0,79.9
STR_E01,2840016014,2024-09-25,2024-W39,9.0,9.0,0.0,44.910000000000004
STR_E01,4900005010,2024-09-25,2024-W39,11.0,11.0,0.0,21.89
STR_E02,1200080994,2024-09-25,2024-W39,9.0,9.0,0.0,71.91
STR_E02,2840016014,2024-09-25,2024-W39,10.0,10.0,0.0,49.900000000000006
STR_E02,4900005010,2024-09-25,2024-W39,9.0,9.0,0.0,17.91
STR_W01,1200080994,2024-09-25,2024-W39,10.0,10.0,0.0,79.9
STR_W01,2840016014,2024-09-25,2024-W39,10.0,10.0,0.0,49.900000000000006
STR_W01,4900005010,2024-09-25,2024-W39,14.0,14.0,0.0,27.86
STR_E01,1200080994,2024-09-26,2024-W39,10.0,10.0,0.0,79.9
STR_E01,2840016014,2024-09-26,2024-W39,8.0,8.0,0.0,39.92
STR_E01,4900005010,2024-09-26,2024-W39,9.0,9.0,0.0,17.91
STR_E02,1200080994,2024-09-26,2024-W39,9.0,9.0,0.0,71.91
STR_E02,2840016014,2024-09-26,2024-W39,9.0,9.0,0.0,44.910000000000004
STR_E02,4900005010,2024-09-26,2024-W39,9.0,9.0,0.0,17.91
STR_W01,1200080994,2024-09-26,2024-W39,9.0,9.0,0.0,71.91
STR_W01,2840016014,2024-09-26,2024-W39,11.0,11.0,0.0,54.89
STR_W01,4900005010,2024-09-26,2024-W39,10.0,10.0,0.0,19.9
STR_E01,1200080994,2024-09-27,2024-W39,11.0,11.0,0.0,87.89
STR_E01,2840016014,2024-09-27,2024-W39,8.0,8.0,0.0,39.92
STR_E01,4900005010,2024-09-27,2024-W39,8.0,8.0,0.0,15.92
STR_E02,1200080994,2024-09-27,2024-W39,8.0,8.0,0.0,63.92
STR_E02,2840016014,2024-09-27,2024-W39,7.0,7.0,0.0,34.93
STR_E02,4900005010,2024-09-27,2024-W39,10.0,10.0,0.0,19.9
STR_W01,1200080994,2024-09-27,2024-W39,10.0,10.0,0.0,79.9
STR_W01,2840016014,2024-09-27,2024-W39,11.0,11.0,0.0,54.89
STR_W01,4900005010,2024-09-27,2024-W39,8.0,8.0,0.0,15.92
STR_E01,1200080994,2024-09-28,2024-W39,9.0,9.0,0.0,71.91
STR_E01,2840016014,2024-09-28,2024-W39,10.0,10.0,0.0,49.900000000000006
STR_E01,4900005010,2024-09-28,2024-W39,8.0,8.0,0.0,15.92
STR_E02,1200080994,2024-09-28,2024-W39,11.0,11.0,0.0,87.89
STR_E02,2840016014,2024-09-28,2024-W39,8.0,8.0,0.0,39.92
STR_E02,4900005010,2024-09-28,2024-W39,7.0,7.0,0.0,13.93
STR_W01,1200080994,2024-09-28,2024-W39,10.0,10.0,0.0,79.9
STR_W01,2840016014,2024-09-28,2024-W39,12.0,12.0,0.0,59.88
STR_W01,4900005010,2024-09-28,2024-W39,9.0,9.0,0.0,17.91
STR_E01,1200080994,2024-09-29,2024-W39,9.0,9.0,0.0,71.91
STR_E01,2840016014,2024-09-29,2024-W39,10.0,10.0,0.0,49.900000000000006
STR_E01,4900005010,2024-09-29,2024-W39,9.0,9.0,0.0,17.91
STR_E02,1200080994,2024-09-29,2024-W39,8.0,8.0,0.0,63.92
STR_E02,2840016014,2024-09-29,2024-W39,11.0,11.0,0.0,54.89
STR_E02,4900005010,2024-09-29,2024-W39,10.0,10.0,0.0,19.9
STR_W01,1200080994,2024-09-29,2024-W39,9.0,9.0,0.0,71.91
STR_W01,2840016014,2024-09-29,2024-W39,9.0,9.0,0.0,44.910000000000004
STR_W01,4900005010,2024-09-29,2024-W39,7.0,7.0,0.0,13.93
STR_E01,1200080994,2024-09-30,2024-W40,12.0,12.0,0.0,95.88
STR_E01,2840016014,2024-09-30,2024-W40,15.0,15.0,0.0,74.85000000000001
STR_E01,4900005010,2024-09-30,2024-W40,11.0,11.0,0.0,21.89
STR_E02,1200080994,2024-09-30,2024-W40,11.0,11.0,0.0,87.89
STR_E02,2840016014,2024-09-30,2024-W40,14.0,14.0,0.0,69.86
STR_E02,4900005010,2024-09-30,2024-W40,9.0,9.0,0.0,17.91
STR_W01,1200080994,2024-09-30,2024-W40,10.0,10.0,0.0,79.9
STR_W01,2840016014,2024-09-30,2024-W40,10.0,10.0,0.0,49.900000000000006
STR_W01,4900005010,2024-09-30,2024-W40,7.0,7.0,0.0,13.93
STR_E01,1200080994,2024-10-01,2024-W40,7.0,7.0,0.0,55.93
STR_E01,2840016014,2024-10-01,2024-W40,11.0,11.0,0.0,54.89
STR_E01,4900005010,2024-10-01,2024-W40,11.0,11.0,0.0,21.89
STR_E02,1200080994,2024-10-01,2024-W40,11.0,11.0,0.0,87.89
STR_E02,2840016014,2024-10-01,2024-W40,13.0,13.0,0.0,64.87
STR_E02,4900005010,2024-10-01,2024-W40,11.0,11.0,0.0,21.89
STR_W01,1200080994,2024-10-01,2024-W40,13.0,13.0,0.0,103.87
STR_W01,2840016014,2024-10-01,2024-W40,11.0,11.0,0.0,54.89
STR_W01,4900005010,2024-10-01,2024-W40,12.0,12.0,0.0,23.88
STR_E01,1200080994,2024-10-02,2024-W40,10.0,10.0,0.0,79.9
STR_E01,2840016014,2024-10-02,2024-W40,12.0,12.0,0.0,59.88
STR_E01,4900005010,2024-10-02,2024-W40,9.0,9.0,0.0,17.91
STR_E02,1200080994,2024-10-02,2024-W40,12.0,12.0,0.0,95.88
STR_E02,2840016014,2024-10-02,2024-W40,11.0,11.0,0.0,54.89
STR_E02,4900005010,2024-10-02,2024-W40,10.0,10.0,0.0,19.9
STR_W01,1200080994,2024-10-02,2024-W40,10.0,10.0,0.0,79.9
STR_W01,2840016014,2024-10-02,2024-W40,9.0,9.0,0.0,44.910000000000004
STR_W01,4900005010,2024-10-02,2024-W40,9.0,9.0,0.0,17.91
STR_E01,1200080994,2024-10-03,2024-W40,12.0,12.0,0.0,95.88
STR_E01,2840016014,2024-10-03,2024-W40,12.0,12.0,0.0,59.88
STR_E01,4900005010,2024-10-03,2024-W40,10.0,10.0,0.0,19.9
STR_E02,1200080994,2024-10-03,2024-W40,10.0,10.0,0.0,79.9
STR_E02,2840016014,2024-10-03,2024-W40,14.0,14.0,0.0,69.86
STR_E02,4900005010,2024-10-03,2024-W40,10.0,10.0,0.0,19.9
STR_W01,1200080994,2024-10-03,2024-W40,9.0,9.0,0.0,71.91
STR_W01,2840016014,2024-10-03,2024-W40,8.0,8.0,0.0,39.92
STR_W01,4900005010,2024-10-03,2024-W40,10.0,10.0,0.0,19.9
STR_E01,1200080994,2024-10-04,2024-W40,14.0,14.0,0.0,111.86
STR_E01,2840016014,2024-10-04,2024-W40,9.0,9.0,0.0,44.910000000000004
STR_E01,4900005010,2024-10-04,2024-W40,13.0,13.0,0.0,25.87
STR_E02,1200080994,2024-10-04,2024-W40,10.0,10.0,0.0,79.9
STR_E02,2840016014,2024-10-04,2024-W40,9.0,9.0,0.0,44.910000000000004
STR_E02,4900005010,2024-10-04,2024-W40,10.0,10.0,0.0,19.9
STR_W01,1200080994,2024-10-04,2024-W40,11.0,11.0,0.0,87.89
STR_W01,2840016014,2024-10-04,2024-W40,11.0,11.0,0.0,54.89
STR_W01,4900005010,2024-10-04,2024-W40,10.0,10.0,0.0,19.9
STR_E01,1200080994,2024-10-05,2024-W40,13.0,13.0,0.0,103.87
STR_E01,2840016014,2024-10-05,2024-W40,11.0,11.0,0.0,54.89
STR_E01,4900005010,2024-10-05,2024-W40,11.0,11.0,0.0,21.89
STR_E02,1200080994,2024-10-05,2024-W40,10.0,10.0,0.0,79.9
STR_E02,2840016014,2024-10-05,2024-W40,14.0,14.0,0.0,69.86
STR_E02,4900005010,2024-10-05,2024-W40,10.0,10.0,0.0,19.9
STR_W01,1200080994,2024-10-05,2024-W40,12.0,12.0,0.0,95.88
STR_W01,2840016014,2024-10-05,2024-W40,9.0,9.0,0.0,44.910000000000004
STR_W01,4900005010,2024-10-05,2024-W40,9.0,9.0,0.0,17.91
STR_E01,1200080994,2024-10-06,2024-W40,10.0,10.0,0.0,79.9
STR_E01,2840016014,2024-10-06,2024-W40,11.0,11.0,0.0,54.89
STR_E01,4900005010,2024-10-06,2024-W40,10.0,10.0,0.0,19.9
STR_E02,1200080994,2024-10-06,2024-W40,13.0,13.0,0.0,103.87
STR_E02,2840016014,2024-10-06,2024-W40,8.0,8.0,0.0,39.92
STR_E02,4900005010,2024-10-06,2024-W40,11.0,11.0,0.0,21.89
STR_W01,1200080994,2024-10-06,2024-W40,12.0,12.0,0.0,95.88
STR_W01,2840016014,2024-10-06,2024-W40,12.0,12.0,0.0,59.88
STR_W01,4900005010,2024-10-06,2024-W40,13.0,13.0,0.0,25.87
STR_E01,1200080994,2024-10-07,2024-W41,12.0,12.0,0.0,95.88
STR_E01,2840016014,2024-10-07,2024-W41,8.0,8.0,0.0,39.92
STR_E01,4900005010,2024-10-07,2024-W41,8.0,8.0,0.0,15.92
STR_E02,1200080994,2024-10-07,2024-W41,15.0,15.0,0.0,119.85000000000001
STR_E02,2840016014,2024-10-07,2024-W41,12.0,12.0,0.0,59.88
STR_E02,4900005010,2024-10-07,2024-W41,12.0,12.0,0.0,23.88
STR_W01,1200080994,2024-10-07,2024-W41,11.0,11.0,0.0,87.89
STR_W01,2840016014,2024-10-07,2024-W41,12.0,12.0,0.0,59.88
STR_W01,4900005010,2024-10-07,2024-W41,10.0,10.0,0.0,19.9
STR_E01,1200080994,2024-10-08,2024-W41,12.0,12.0,0.0,95.88
STR_E01,2840016014,2024-10-08,2024-W41,12.0,12.0,0.0,59.88
STR_E01,4900005010,2024-10-08,2024-W41,9.0,9.0,0.0,17.91
STR_E02,1200080994,2024-10-08,2024-W41,13.0,13.0,0.0,103.87
STR_E02,2840016014,2024-10-08,2024-W41,11.0,11.0,0.0,54.89
STR_E02,4900005010,2024-10-08,2024-W41,14.0,14.0,0.0,27.86
STR_W01,1200080994,2024-10-08,2024-W41,11.0,11.0,0.0,87.89
STR_W01,2840016014,2024-10-08,2024-W41,10.0,10.0,0.0,49.900000000000006
STR_W01,4900005010,2024-10-08,2024-W41,9.0,9.0,0.0,17.91
STR_E01,1200080994,2024-10-09,2024-W41,9.0,9.0,0.0,71.91
STR_E01,2840016014,2024-10-09,2024-W41,9.0,9.0,0.0,44.910000000000004
STR_E01,4900005010,2024-10-09,2024-W41,11.0,11.0,0.0,21.89
STR_E02,1200080994,2024-10-09,2024-W41,8.0,8.0,0.0,63.92
STR_E02,2840016014,2024-10-09,2024-W41,10.0,10.0,0.0,49.900000000000006
STR_E02,4900005010,2024-10-09,2024-W41,8.0,8.0,0.0,15.92
STR_W01,1200080994,2024-10-09,2024-W41,11.0,11.0,0.0,87.89
STR_W01,2840016014,2024-10-09,2024-W41,12.0,12.0,0.0,59.88
STR_W01,4900005010,2024-10-09,2024-W41,12.0,12.0,0.0,23.88
STR_E01,1200080994,2024-10-10,2024-W41,10.0,10.0,0.0,79.9
STR_E01,2840016014,2024-10-10,2024-W41,13.0,13.0,0.0,64.87
STR_E01,4900005010,2024-10-10,2024-W41,11.0,11.0,0.0,21.89
STR_E02,1200080994,2024-10-10,2024-W41,14.0,14.0,0.0,111.86
STR_E02,2840016014,2024-10-10,2024-W41,9.0,9.0,0.0,44.910000000000004
STR_E02,4900005010,2024-10-10,2024-W41,10.0,10.0,0.0,19.9
STR_W01,1200080994,2024-10-10,2024-W41,9.0,9.0,0.0,71.91
STR_W01,2840016014,2024-10-10,2024-W41,10.0,10.0,0.0,49.900000000000006
STR_W01,4900005010,2024-10-10,2024-W41,9.0,9.0,0.0,17.91
STR_E01,1200080994,2024-10-11,2024-W41,13.0,13.0,0.0,103.87
STR_E01,2840016014,2024-10-11,2024-W41,12.0,12.0,0.0,59.88
STR_E01,4900005010,2024-10-11,2024-W41,11.0,11.0,0.0,21.89
STR_E02,1200080994,2024-10-11,2024-W41,11.0,11.0,0.0,87.89
STR_E02,2840016014,2024-10-11,2024-W41,12.0,12.0,0.0,59.88
STR_E02,4900005010,2024-10-11,2024-W41,9.0,9.0,0.0,17.91
STR_W01,1200080994,2024-10-11,2024-W41,9.0,9.0,0.0,71.91
STR_W01,2840016014,2024-10-11,2024-W41,10.0,10.0,0.0,49.900000000000006
STR_W01,4900005010,2024-10-11,2024-W41,12.0,12.0,0.0,23.88
STR_E01,1200080994,2024-10-12,2024-W41,11.0,11.0,0.0,87.89
STR_E01,2840016014,2024-10-12,2024-W41,9.0,9.0,0.0,44.910000000000004
STR_E01,4900005010,2024-10-12,2024-W41,9.0,9.0,0.0,17.91
STR_E02,1200080994,2024-10-12,2024-W41,12.0,12.0,0.0,95.88
STR_E02,2840016014,2024-10-12,2024-W41,9.0,9.0,0.0,44.910000000000004
STR_E02,4900005010,2024-10-12,2024-W41,12.0,12.0,0.0,23.88
STR_W01,1200080994,2024-10-12,2024-W41,11.0,11.0,0.0,87.89
STR_W01,2840016014,2024-10-12,2024-W41,11.0,11.0,0.0,54.89
STR_W01,4900005010,2024-10-12,2024-W41,11.0,11.0,0.0,21.89
STR_E01,1200080994,2024-10-13,2024-W41,12.0,12.0,0.0,95.88
STR_E01,2840016014,2024-10-13,2024-W41,10.0,10.0,0.0,49.900000000000006
STR_E01,4900005010,2024-10-13,2024-W41,13.0,13.0,0.0,25.87
STR_E02,1200080994,2024-10-13,2024-W41,11.0,11.0,0.0,87.89
STR_E02,2840016014,2024-10-13,2024-W41,9.0,9.0,0.0,44.910000000000004
STR_E02,4900005010,2024-10-13,2024-W41,10.0,10.0,0.0,19.9
STR_W01,1200080994,2024-10-13,2024-W41,11.0,11.0,0.0,87.89
STR_W01,2840016014,2024-10-13,2024-W41,14.0,14.0,0.0,69.86
STR_W01,4900005010,2024-10-13,2024-W41,13.0,13.0,0.0,25.87
STR_E01,1200080994,2024-10-14,2024-W42,13.0,13.0,0.0,103.87
STR_E01,2840016014,2024-10-14,2024-W42,11.0,11.0,0.0,54.89
STR_E01,4900005010,2024-10-14,2024-W42,11.0,11.0,0.0,21.89
STR_E02,1200080994,2024-10-14,2024-W42,12.0,12.0,0.0,95.88
STR_E02,2840016014,2024-10-14,2024-W42,9.0,9.0,0.0,44.910000000000004
STR_E02,4900005010,2024-10-14,2024-W42,19.0,19.0,0.0,37.81
STR_W01,1200080994,2024-10-14,2024-W42,14.0,14.0,0.0,111.86
STR_W01,2840016014,2024-10-14,2024-W42,9.0,9.0,0.0,44.910000000000004
STR_W01,4900005010,2024-10-14,2024-W42,10.0,10.0,0.0,19.9
STR_E01,1200080994,2024-10-15,2024-W42,14.0,14.0,0.0,111.86
STR_E01,2840016014,2024-10-15,2024-W42,12.0,12.0,0.0,59.88
STR_E01,4900005010,2024-10-15,2024-W42,8.0,8.0,0.0,15.92
STR_E02,1200080994,2024-10-15,2024-W42,17.0,17.0,0.0,135.83
STR_E02,2840016014,2024-10-15,2024-W42,11.0,11.0,0.0,54.89
STR_E02,4900005010,2024-10-15,2024-W42,9.0,9.0,0.0,17.91
STR_W01,1200080994,2024-10-15,2024-W42,11.0,11.0,0.0,87.89
STR_W01,2840016014,2024-10-15,2024-W42,9.0,9.0,0.0,44.910000000000004
STR_W01,4900005010,2024-10-15,2024-W42,12.0,12.0,0.0,23.88
STR_E01,1200080994,2024-10-16,2024-W42,12.0,12.0,0.0,95.88
STR_E01,2840016014,2024-10-16,2024-W42,10.0,10.0,0.0,49.900000000000006
STR_E01,4900005010,2024-10-16,2024-W42,11.0,11.0,0.0,21.89
STR_E02,1200080994,2024-10-16,2024-W42,12.0,12.0,0.0,95.88
STR_E02,2840016014,2024-10-16,2024-W42,10.0,10.0,0.0,49.900000000000006
STR_E02,4900005010,2024-10-16,2024-W42,8.0,8.0,0.0,15.92
STR_W01,1200080994,2024-10-16,2024-W42,8.0,8.0,0.0,63.92
STR_W01,2840016014,2024-10-16,2024-W42,12.0,12.0,0.0,59.88
STR_W01,4900005010,2024-10-16,2024-W42,11.0,11.0,0.0,21.89
STR_E01,1200080994,2024-10-17,2024-W42,11.0,11.0,0.0,87.89
STR_E01,2840016014,2024-10-17,2024-W42,9.0,9.0,0.0,44.910000000000004
STR_E01,4900005010,2024-10-17,2024-W42,10.0,10.0,0.0,19.9
STR_E02,1200080994,2024-10-17,2024-W42,12.0,12.0,0.0,95.88
STR_E02,2840016014,2024-10-17,2024-W42,12.0,12.0,0.0,59.88
STR_E02,4900005010,2024-10-17,2024-W42,12.0,12.0,0.0,23.88
STR_W01,1200080994,2024-10-17,2024-W42,12.0,12.0,0.0,95.88
STR_W01,2840016014,2024-10-17,2024-W42,11.0,11.0,0.0,54.89
STR_W01,4900005010,2024-10-17,2024-W42,14.0,14.0,0.0,27.86
STR_E01,1200080994,2024-10-18,2024-W42,10.0,10.0,0.0,79.9
STR_E01,2840016014,2024-10-18,2024-W42,12.0,12.0,0.0,59.88
STR_E01,4900005010,2024-10-18,2024-W42,10.0,10.0,0.0,19.9
STR_E02,1200080994,2024-10-18,2024-W42,16.0,16.0,0.0,127.84
STR_E02,2840016014,2024-10-18,2024-W42,12.0,12.0,0.0,59.88
STR_E02,4900005010,2024-10-18,2024-W42,9.0,9.0,0.0,17.91
STR_W01,1200080994,2024-10-18,2024-W42,11.0,11.0,0.0,87.89
STR_W01,2840016014,2024-10-18,2024-W42,10.0,10.0,0.0,49.900000000000006
STR_W01,4900005010,2024-10-18,2024-W42,13.0,13.0,0.0,25.87
STR_E01,1200080994,2024-10-19,2024-W42,12.0,12.0,0.0,95.88
STR_E01,2840016014,2024-10-19,2024-W42,10.0,10.0,0.0,49.900000000000006
STR_E01,4900005010,2024-10-19,2024-W42,12.0,12.0,0.0,23.88
STR_E02,1200080994,2024-10-19,2024-W42,9.0,9.0,0.0,71.91
STR_E02,2840016014,2024-10-19,2024-W42,10.0,10.0,0.0,49.900000000000006
STR_E02,4900005010,2024-10-19,2024-W42,11.0,11.0,0.0,21.89
STR_W01,1200080994,2024-10-19,2024-W42,17.0,17.0,0.0,135.83
STR_W01,2840016014,2024-10-19,2024-W42,13.0,13.0,0.0,64.87
STR_W01,4900005010,2024-10-19,2024-W42,12.0,12.0,0.0,23.88
STR_E01,1200080994,2024-10-20,2024-W42,10.0,10.0,0.0,79.9
STR_E01,2840016014,2024-10-20,2024-W42,10.0,10.0,0.0,49.900000000000006
STR_E01,4900005010,2024-10-20,2024-W42,11.0,11.0,0.0,21.89
STR_E02,1200080994,2024-10-20,2024-W42,11.0,11.0,0.0,87.89
STR_E02,2840016014,2024-10-20,2024-W42,10.0,10.0,0.0,49.900000000000006
STR_E02,4900005010,2024-10-20,2024-W42,12.0,12.0,0.0,23.88
STR_W01,1200080994,2024-10-20,2024-W42,10.0,10.0,0.0,79.9
STR_W01,2840016014,2024-10-20,2024-W42,9.0,9.0,0.0,44.910000000000004
STR_W01,4900005010,2024-10-20,2024-W42,12.0,12.0,0.0,23.88
STR_E01,1200080994,2024-10-21,2024-W43,11.0,11.0,0.0,87.89
STR_E01,2840016014,2024-10-21,2024-W43,13.0,13.0,0.0,64.87
STR_E01,4900005010,2024-10-21,2024-W43,11.0,11.0,0.0,21.89
STR_E02,1200080994,2024-10-21,2024-W43,11.0,11.0,0.0,87.89
STR_E02,2840016014,2024-10-21,2024-W43,12.0,12.0,0.0,59.88
STR_E02,4900005010,2024-10-21,2024-W43,11.0,11.0,0.0,21.89
STR_W01,1200080994,2024-10-21,2024-W43,12.0,12.0,0.0,95.88
STR_W01,2840016014,2024-10-21,2024-W43,15.0,15.0,0.0,74.85000000000001
STR_W01,4900005010,2024-10-21,2024-W43,11.0,11.0,0.0,21.89
STR_E01,1200080994,2024-10-22,2024-W43,11.0,11.0,0.0,87.89
STR_E01,2840016014,2024-10-22,2024-W43,11.0,11.0,0.0,54.89
STR_E01,4900005010,2024-10-22,2024-W43,10.0,10.0,0.0,19.9
STR_E02,1200080994,2024-10-22,2024-W43,12.0,12.0,0.0,95.88
STR_E02,2840016014,2024-10-22,2024-W43,11.0,11.0,0.0,54.89
STR_E02,4900005010,2024-10-22,2024-W43,11.0,11.0,0.0,21.89
STR_W01,1200080994,2024-10-22,2024-W43,15.0,15.0,0.0,119.85000000000001
STR_W01,2840016014,2024-10-22,2024-W43,12.0,12.0,0.0,59.88
STR_W01,4900005010,2024-10-22,2024-W43,12.0,12.0,0.0,23.88
STR_E01,1200080994,2024-10-23,2024-W43,11.0,11.0,0.0,87.89
STR_E01,2840016014,2024-10-23,2024-W43,10.0,10.0,0.0,49.900000000000006
STR_E01,4900005010,2024-10-23,2024-W43,12.0,12.0,0.0,23.88
STR_E02,1200080994,2024-10-23,2024-W43,13.0,13.0,0.0,103.87
STR_E02,2840016014,2024-10-23,2024-W43,12.0,12.0,0.0,59.88
STR_E02,4900005010,2024-10-23,2024-W43,10.0,10.0,0.0,19.9
STR_W01,1200080994,2024-10-23,2024-W43,11.0,11.0,0.0,87.89
STR_W01,2840016014,2024-10-23,2024-W43,12.0,12.0,0.0,59.88
STR_W01,4900005010,2024-10-23,2024-W43,10.0,10.0,0.0,19.9
STR_E01,1200080994,2024-10-24,2024-W43,10.0,10.0,0.0,79.9
STR_E01,2840016014,2024-10-24,2024-W43,13.0,13.0,0.0,64.87
STR_E01,4900005010,2024-10-24,2024-W43,9.0,9.0,0.0,17.91
STR_E02,1200080994,2024-10-24,2024-W43,9.0,9.0,0.0,71.91
STR_E02,2840016014,2024-10-24,2024-W43,10.0,10.0,0.0,49.900000000000006
STR_E02,4900005010,2024-10-24,2024-W43,10.0,10.0,0.0,19.9
STR_W01,1200080994,2024-10-24,2024-W43,11.0,11.0,0.0,87.89
STR_W01,2840016014,2024-10-24,2024-W43,11.0,11.0,0.0,54.89
STR_W01,4900005010,2024-10-24,2024-W43,9.0,9.0,0.0,17.91
STR_E01,1200080994,2024-10-25,2024-W43,13.0,13.0,0.0,103.87
STR_E01,2840016014,2024-10-25,2024-W43,14.0,14.0,0.0,69.86
STR_E01,4900005010,2024-10-25,2024-W43,10.0,10.0,0.0,19.9
STR_E02,1200080994,2024-10-25,2024-W43,10.0,10.0,0.0,79.9
STR_E02,2840016014,2024-10-25,2024-W43,12.0,12.0,0.0,59.88
STR_E02,4900005010,2024-10-25,2024-W43,9.0,9.0,0.0,17.91
STR_W01,1200080994,2024-10-25,2024-W43,11.0,11.0,0.0,87.89
STR_W01,2840016014,2024-10-25,2024-W43,12.0,12.0,0.0,59.88
STR_W01,4900005010,2024-10-25,2024-W43,9.0,9.0,0.0,17.91
STR_E01,1200080994,2024-10-26,2024-W43,14.0,14.0,0.0,111.86
STR_E01,2840016014,2024-10-26,2024-W43,13.0,13.0,0.0,64.87
STR_E01,4900005010,2024-10-26,2024-W43,12.0,12.0,0.0,23.88
STR_E02,1200080994,2024-10-26,2024-W43,9.0,9.0,0.0,71.91
STR_E02,2840016014,2024-10-26,2024-W43,11.0,11.0,0.0,54.89
STR_E02,4900005010,2024-10-26,2024-W43,10.0,10.0,0.0,19.9
STR_W01,1200080994,2024-10-26,2024-W43,8.0,8.0,0.0,63.92
STR_W01,2840016014,2024-10-26,2024-W43,10.0,10.0,0.0,49.900000000000006
STR_W01,4900005010,2024-10-26,2024-W43,10.0,10.0,0.0,19.9
STR_E01,1200080994,2024-10-27,2024-W43,11.0,11.0,0.0,87.89
STR_E01,2840016014,2024-10-27,2024-W43,12.0,12.0,0.0,59.88
STR_E01,4900005010,2024-10-27,2024-W43,11.0,11.0,0.0,21.89
STR_E02,1200080994,2024-10-27,2024-W43,9.0,9.0,0.0,71.91
STR_E02,2840016014,2024-10-27,2024-W43,14.0,14.0,0.0,69.86
STR_E02,4900005010,2024-10-27,2024-W43,12.0,12.0,0.0,23.88
STR_W01,1200080994,2024-10-27,2024-W43,9.0,9.0,0.0,71.91
STR_W01,2840016014,2024-10-27,2024-W43,10.0,10.0,0.0,49.900000000000006
STR_W01,4900005010,2024-10-27,2024-W43,13.0,13.0,0.0,25.87
STR_E01,1200080994,2024-10-28,2024-W44,12.0,12.0,0.0,95.88
STR_E01,2840016014,2024-10-28,2024-W44,9.0,9.0,0.0,44.910000000000004
STR_E01,4900005010,2024-10-28,2024-W44,15.0,15.0,0.0,29.85
STR_E02,1200080994,2024-10-28,2024-W44,14.0,14.0,0.0,111.86
STR_E02,2840016014,2024-10-28,2024-W44,13.0,13.0,0.0,64.87
STR_E02,4900005010,2024-10-28,2024-W44,12.0,12.0,0.0,23.88
STR_W01,1200080994,2024-10-28,2024-W44,10.0,10.0,0.0,79.9
STR_W01,2840016014,2024-10-28,2024-W44,9.0,9.0,0.0,44.910000000000004
STR_W01,4900005010,2024-10-28,2024-W44,11.0,11.0,0.0,21.89
STR_E01,1200080994,2024-10-29,2024-W44,9.0,9.0,0.0,71.91
STR_E01,2840016014,2024-10-29,2024-W44,11.0,11.0,0.0,54.89
STR_E01,4900005010,2024-10-29,2024-W44,10.0,10.0,0.0,19.9
STR_E02,1200080994,2024-10-29,2024-W44,10.0,10.0,0.0,79.9
STR_E02,2840016014,2024-10-29,2024-W44,10.0,10.0,0.0,49.900000000000006
STR_E02,4900005010,2024-10-29,2024-W44,12.0,12.0,0.0,23.88
STR_W01,1200080994,2024-10-29,2024-W44,13.0,13.0,0.0,103.87
STR_W01,2840016014,2024-10-29,2024-W44,9.0,9.0,0.0,44.910000000000004
STR_W01,4900005010,2024-10-29,2024-W44,11.0,11.0,0.0,21.89
STR_E01,1200080994,2024-10-30,2024-W44,11.0,11.0,0.0,87.89
STR_E01,2840016014,2024-10-30,2024-W44,14.0,14.0,0.0,69.86
STR_E01,4900005010,2024-10-30,2024-W44,11.0,11.0,0.0,21.89
STR_E02,1200080994,2024-10-30,2024-W44,11.0,11.0,0.0,87.89
STR_E02,2840016014,2024-10-30,2024-W44,10.0,10.0,0.0,49.900000000000006
STR_E02,4900005010,2024-10-30,2024-W44,8.0,8.0,0.0,15.92
STR_W01,1200080994,2024-10-30,2024-W44,13.0,13.0,0.0,103.87
STR_W01,2840016014,2024-10-30,2024-W44,13.0,13.0,0.0,64.87
STR_W01,4900005010,2024-10-30,2024-W44,9.0,9.0,0.0,17.91
STR_E01,1200080994,2024-10-31,2024-W44,13.0,13.0,0.0,103.87
STR_E01,2840016014,2024-10-31,2024-W44,12.0,12.0,0.0,59.88
STR_E01,4900005010,2024-10-31,2024-W44,11.0,11.0,0.0,21.89
STR_E02,1200080994,2024-10-31,2024-W44,14.0,14.0,0.0,111.86
STR_E02,2840016014,2024-10-31,2024-W44,11.0,11.0,0.0,54.89
STR_E02,4900005010,2024-10-31,2024-W44,12.0,12.0,0.0,23.88
STR_W01,1200080994,2024-10-31,2024-W44,11.0,11.0,0.0,87.89
STR_W01,2840016014,2024-10-31,2024-W44,10.0,10.0,0.0,49.900000000000006
STR_W01,4900005010,2024-10-31,2024-W44,10.0,10.0,0.0,19.9
STR_E01,1200080994,2024-11-01,2024-W44,10.0,10.0,0.0,79.9
STR_E01,2840016014,2024-11-01,2024-W44,10.0,10.0,0.0,49.900000000000006
STR_E01,4900005010,2024-11-01,2024-W44,11.0,11.0,0.0,21.89
STR_E02,1200080994,2024-11-01,2024-W44,11.0,11.0,0.0,87.89
STR_E02,2840016014,2024-11-01,2024-W44,10.0,10.0,0.0,49.900000000000006
STR_E02,4900005010,2024-11-01,2024-W44,10.0,10.0,0.0,19.9
STR_W01,1200080994,2024-11-01,2024-W44,11.0,11.0,0.0,87.89
STR_W01,2840016014,2024-11-01,2024-W44,11.0,11.0,0.0,54.89
STR_W01,4900005010,2024-11-01,2024-W44,11.0,11.0,0.0,21.89
STR_E01,1200080994,2024-11-02,2024-W44,13.0,13.0,0.0,103.87
STR_E01,2840016014,2024-11-02,2024-W44,14.0,14.0,0.0,69.86
STR_E01,4900005010,2024-11-02,2024-W44,12.0,12.0,0.0,23.88
STR_E02,1200080994,2024-11-02,2024-W44,12.0,12.0,0.0,95.88
STR_E02,2840016014,2024-11-02,2024-W44,10.0,10.0,0.0,49.900000000000006
STR_E02,4900005010,2024-11-02,2024-W44,12.0,12.0,0.0,23.88
STR_W01,1200080994,2024-11-02,2024-W44,11.0,11.0,0.0,87.89
STR_W01,2840016014,2024-11-02,2024-W44,10.0,10.0,0.0,49.900000000000006
STR_W01,4900005010,2024-11-02,2024-W44,11.0,11.0,0.0,21.89
STR_E01,1200080994,2024-11-03,2024-W44,9.0,9.0,0.0,71.91
STR_E01,2840016014,2024-11-03,2024-W44,11.0,11.0,0.0,54.89
STR_E01,4900005010,2024-11-03,2024-W44,9.0,9.0,0.0,17.91
STR_E02,1200080994,2024-11-03,2024-W44,11.0,11.0,0.0,87.89
STR_E02,2840016014,2024-11-03,2024-W44,15.0,15.0,0.0,74.85000000000001
STR_E02,4900005010,2024-11-03,2024-W44,11.0,11.0,0.0,21.89
STR_W01,1200080994,2024-11-03,2024-W44,10.0,10.0,0.0,79.9
STR_W01,2840016014,2024-11-03,2024-W44,12.0,12.0,0.0,59.88
STR_W01,4900005010,2024-11-03,2024-W44,11.0,11.0,0.0,21.89
STR_E01,1200080994,2024-11-04,2024-W45,12.0,12.0,0.0,95.88
STR_E01,2840016014,2024-11-04,2024-W45,12.0,12.0,0.0,59.88
STR_E01,4900005010,2024-11-04,2024-W45,11.0,11.0,0.0,21.89
STR_E02,1200080994,2024-11-04,2024-W45,9.0,9.0,0.0,71.91
STR_E02,2840016014,2024-11-04,2024-W45,8.0,8.0,0.0,39.92
STR_E02,4900005010,2024-11-04,2024-W45,12.0,12.0,0.0,23.88
STR_W01,1200080994,2024-11-04,2024-W45,11.0,11.0,0.0,87.89
STR_W01,2840016014,2024-11-04,2024-W45,11.0,11.0,0.0,54.89
STR_W01,4900005010,2024-11-04,2024-W45,9.0,9.0,0.0,17.91
STR_E01,1200080994,2024-11-05,2024-W45,12.0,12.0,0.0,95.88
STR_E01,2840016014,2024-11-05,2024-W45,13.0,13.0,0.0,64.87
STR_E01,4900005010,2024-11-05,2024-W45,11.0,11.0,0.0,21.89
STR_E02,1200080994,2024-11-05,2024-W45,13.0,13.0,0.0,103.87
STR_E02,2840016014,2024-11-05,2024-W45,12.0,12.0,0.0,59.88
STR_E02,4900005010,2024-11-05,2024-W45,13.0,13.0,0.0,25.87
STR_W01,1200080994,2024-11-05,2024-W45,11.0,11.0,0.0,87.89
STR_W01,2840016014,2024-11-05,2024-W45,13.0,13.0,0.0,64.87
STR_W01,4900005010,2024-11-05,2024-W45,18.0,18.0,0.0,35.82
STR_E01,1200080994,2024-11-06,2024-W45,11.0,11.0,0.0,87.89
STR_E01,2840016014,2024-11-06,2024-W45,12.0,12.0,0.0,59.88
STR_E01,4900005010,2024-11-06,2024-W45,13.0,13.0,0.0,25.87
STR_E02,1200080994,2024-11-06,2024-W45,11.0,11.0,0.0,87.89
STR_E02,2840016014,2024-11-06,2024-W45,12.0,12.0,0.0,59.88
STR_E02,4900005010,2024-11-06,2024-W45,14.0,14.0,0.0,27.86
STR_W01,1200080994,2024-11-06,2024-W45,15.0,15.0,0.0,119.85000000000001
STR_W01,2840016014,2024-11-06,2024-W45,14.0,14.0,0.0,69.86
STR_W01,4900005010,2024-11-06,2024-W45,11.0,11.0,0.0,21.89
STR_E01,1200080994,2024-11-07,2024-W45,13.0,13.0,0.0,103.87
STR_E01,2840016014,2024-11-07,2024-W45,10.0,10.0,0.0,49.900000000000006
STR_E01,4900005010,2024-11-07,2024-W45,11.0,11.0,0.0,21.89
STR_E02,1200080994,2024-11-07,2024-W45,15.0,15.0,0.0,119.85000000000001
STR_E02,2840016014,2024-11-07,2024-W45,12.0,12.0,0.0,59.88
STR_E02,4900005010,2024-11-07,2024-W45,11.0,11.0,0.0,21.89
STR_W01,1200080994,2024-11-07,2024-W45,9.0,9.0,0.0,71.91
STR_W01,2840016014,2024-11-07,2024-W45,15.0,15.0,0.0,74.85000000000001
STR_W01,4900005010,2024-11-07,2024-W45,11.0,11.0,0.0,21.89
STR_E01,1200080994,2024-11-08,2024-W45,9.0,9.0,0.0,71.91
STR_E01,2840016014,2024-11-08,2024-W45,16.0,16.0,0.0,79.84
STR_E01,4900005010,2024-11-08,2024-W45,11.0,11.0,0.0,21.89
STR_E02,1200080994,2024-11-08,2024-W45,14.0,14.0,0.0,111.86
STR_E02,2840016014,2024-11-08,2024-W45,11.0,11.0,0.0,54.89
STR_E02,4900005010,2024-11-08,2024-W45,15.0,15.0,0.0,29.85
STR_W01,1200080994,2024-11-08,2024-W45,10.0,10.0,0.0,79.9
STR_W01,2840016014,2024-11-08,2024-W45,10.0,10.0,0.0,49.900000000000006
STR_W01,4900005010,2024-11-08,2024-W45,11.0,11.0,0.0,21.89
STR_E01,1200080994,2024-11-09,2024-W45,11.0,11.0,0.0,87.89
STR_E01,2840016014,2024-11-09,2024-W45,10.0,10.0,0.0,49.900000000000006
STR_E01,4900005010,2024-11-09,2024-W45,12.0,12.0,0.0,23.88
STR_E02,1200080994,2024-11-09,2024-W45,12.0,12.0,0.0,95.88
STR_E02,2840016014,2024-11-09,2024-W45,13.0,13.0,0.0,64.87
STR_E02,4900005010,2024-11-09,2024-W45,12.0,12.0,0.0,23.88
STR_W01,1200080994,2024-11-09,2024-W45,15.0,15.0,0.0,119.85000000000001
STR_W01,2840016014,2024-11-09,2024-W45,12.0,12.0,0.0,59.88
STR_W01,4900005010,2024-11-09,2024-W45,12.0,12.0,0.0,23.88
STR_E01,1200080994,2024-11-10,2024-W45,11.0,11.0,0.0,87.89
STR_E01,2840016014,2024-11-10,2024-W45,12.0,12.0,0.0,59.88
STR_E01,4900005010,2024-11-10,2024-W45,11.0,11.0,0.0,21.89
STR_E02,1200080994,2024-11-10,2024-W45,14.0,14.0,0.0,111.86
STR_E02,2840016014,2024-11-10,2024-W45,12.0,12.0,0.0,59.88
STR_E02,4900005010,2024-11-10,2024-W45,12.0,12.0,0.0,23.88
STR_W01,1200080994,2024-11-10,2024-W45,10.0,10.0,0.0,79.9
STR_W01,2840016014,2024-11-10,2024-W45,10.0,10.0,0.0,49.900000000000006
STR_W01,4900005010,2024-11-10,2024-W45,11.0,11.0,0.0,21.89
STR_E01,1200080994,2024-11-11,2024-W46,11.0,11.0,0.0,87.89
STR_E01,2840016014,2024-11-11,2024-W46,12.0,12.0,0.0,59.88
STR_E01,4900005010,2024-11-11,2024-W46,14.0,14.0,0.0,27.86
STR_E02,1200080994,2024-11-11,2024-W46,12.0,12.0,0.0,95.88
STR_E02,2840016014,2024-11-11,2024-W46,14.0,14.0,0.0,69.86
STR_E02,4900005010,2024-11-11,2024-W46,17.0,17.0,0.0,33.83
STR_W01,1200080994,2024-11-11,2024-W46,14.0,14.0,0.0,111.86
STR_W01,2840016014,2024-11-11,2024-W46,15.0,15.0,0.0,74.85000000000001
STR_W01,4900005010,2024-11-11,2024-W46,13.0,13.0,0.0,25.87
STR_E01,1200080994,2024-11-12,2024-W46,15.0,15.0,0.0,119.85000000000001
STR_E01,2840016014,2024-11-12,2024-W46,11.0,11.0,0.0,54.89
STR_E01,4900005010,2024-11-12,2024-W46,11.0,11.0,0.0,21.89
STR_E02,1200080994,2024-11-12,2024-W46,16.0,16.0,0.0,127.84
STR_E02,2840016014,2024-11-12,2024-W46,9.0,9.0,0.0,44.910000000000004
STR_E02,4900005010,2024-11-12,2024-W46,9.0,9.0,0.0,17.91
STR_W01,1200080994,2024-11-12,2024-W46,11.0,11.0,0.0,87.89
STR_W01,2840016014,2024-11-12,2024-W46,13.0,13.0,0.0,64.87
STR_W01,4900005010,2024-11-12,2024-W46,10.0,10.0,0.0,19.9
STR_E01,1200080994,2024-11-13,2024-W46,13.0,13.0,0.0,103.87
STR_E01,2840016014,2024-11-13,2024-W46,14.0,14.0,0.0,69.86
STR_E01,4900005010,2024-11-13,2024-W46,11.0,11.0,0.0,21.89
STR_E02,1200080994,2024-11-13,2024-W46,11.0,11.0,0.0,87.89
STR_E02,2840016014,2024-11-13,2024-W46,12.0,12.0,0.0,59.88
STR_E02,4900005010,2024-11-13,2024-W46,11.0,11.0,0.0,21.89
STR_W01,1200080994,2024-11-13,2024-W46,11.0,11.0,0.0,87.89
STR_W01,2840016014,2024-11-13,2024-W46,11.0,11.0,0.0,54.89
STR_W01,4900005010,2024-11-13,2024-W46,9.0,9.0,0.0,17.91
STR_E01,1200080994,2024-11-14,2024-W46,14.0,14.0,0.0,111.86
STR_E01,2840016014,2024-11-14,2024-W46,14.0,14.0,0.0,69.86
STR_E01,4900005010,2024-11-14,2024-W46,13.0,13.0,0.0,25.87
STR_E02,1200080994,2024-11-14,2024-W46,13.0,13.0,0.0,103.87
STR_E02,2840016014,2024-11-14,2024-W46,11.0,11.0,0.0,54.89
STR_E02,4900005010,2024-11-14,2024-W46,16.0,16.0,0.0,31.84
STR_W01,1200080994,2024-11-14,2024-W46,14.0,14.0,0.0,111.86
STR_W01,2840016014,2024-11-14,2024-W46,12.0,12.0,0.0,59.88
STR_W01,4900005010,2024-11-14,2024-W46,11.0,11.0,0.0,21.89
STR_E01,1200080994,2024-11-15,2024-W46,12.0,12.0,0.0,95.88
STR_E01,2840016014,2024-11-15,2024-W46,15.0,15.0,0.0,74.85000000000001
STR_E01,4900005010,2024-11-15,2024-W46,14.0,14.0,0.0,27.86
STR_E02,1200080994,2024-11-15,2024-W46,13.0,13.0,0.0,103.87
STR_E02,2840016014,2024-11-15,2024-W46,12.0,12.0,0.0,59.88
STR_E02,4900005010,2024-11-15,2024-W46,11.0,11.0,0.0,21.89
STR_W01,1200080994,2024-11-15,2024-W46,13.0,13.0,0.0,103.87
STR_W01,2840016014,2024-11-15,2024-W46,10.0,10.0,0.0,49.900000000000006
STR_W01,4900005010,2024-11-15,2024-W46,11.0,11.0,0.0,21.89
STR_E01,1200080994,2024-11-16,2024-W46,12.0,12.0,0.0,95.88
STR_E01,2840016014,2024-11-16,2024-W46,11.0,11.0,0.0,54.89
STR_E01,4900005010,2024-11-16,2024-W46,11.0,11.0,0.0,21.89
STR_E02,1200080994,2024-11-16,2024-W46,12.0,12.0,0.0,95.88
STR_E02,2840016014,2024-11-16,2024-W46,13.0,13.0,0.0,64.87
STR_E02,4900005010,2024-11-16,2024-W46,11.0,11.0,0.0,21.89
STR_W01,1200080994,2024-11-16,2024-W46,11.0,11.0,0.0,87.89
STR_W01,2840016014,2024-11-16,2024-W46,11.0,11.0,0.0,54.89
STR_W01,4900005010,2024-11-16,2024-W46,9.0,9.0,0.0,17.91
STR_E01,1200080994,2024-11-17,2024-W46,11.0,11.0,0.0,87.89
STR_E01,2840016014,2024-11-17,2024-W46,10.0,10.0,0.0,49.900000000000006
STR_E01,4900005010,2024-11-17,2024-W46,11.0,11.0,0.0,21.89
STR_E02,1200080994,2024-11-17,2024-W46,11.0,11.0,0.0,87.89
STR_E02,2840016014,2024-11-17,2024-W46,13.0,13.0,0.0,64.87
STR_E02,4900005010,2024-11-17,2024-W46,11.0,11.0,0.0,21.89
STR_W01,1200080994,2024-11-17,2024-W46,10.0,10.0,0.0,79.9
STR_W01,2840016014,2024-11-17,2024-W46,9.0,9.0,0.0,44.910000000000004
STR_W01,4900005010,2024-11-17,2024-W46,11.0,11.0,0.0,21.89
STR_E01,1200080994,2024-11-18,2024-W47,11.0,11.0,0.0,87.89
STR_E01,2840016014,2024-11-18,2024-W47,9.0,9.0,0.0,44.910000000000004
STR_E01,4900005010,2024-11-18,2024-W47,14.0,14.0,0.0,27.86
STR_E02,1200080994,2024-11-18,2024-W47,13.0,13.0,0.0,103.87
STR_E02,2840016014,2024-11-18,2024-W47,12.0,12.0,0.0,59.88
STR_E02,4900005010,2024-11-18,2024-W47,14.0,14.0,0.0,27.86
STR_W01,1200080994,2024-11-18,2024-W47,12.0,12.0,0.0,95.88
STR_W01,2840016014,2024-11-18,2024-W47,12.0,12.0,0.0,59.88
STR_W01,4900005010,2024-11-18,2024-W47,9.0,9.0,0.0,17.91
STR_E01,1200080994,2024-11-19,2024-W47,12.0,12.0,0.0,95.88
STR_E01,2840016014,2024-11-19,2024-W47,11.0,11.0,0.0,54.89
STR_E01,4900005010,2024-11-19,2024-W47,11.0,11.0,0.0,21.89
STR_E02,1200080994,2024-11-19,2024-W47,12.0,12.0,0.0,95.88
STR_E02,2840016014,2024-11-19,2024-W47,13.0,13.0,0.0,64.87
STR_E02,4900005010,2024-11-19,2024-W47,12.0,12.0,0.0,23.88
STR_W01,1200080994,2024-11-19,2024-W47,15.0,15.0,0.0,119.85000000000001
STR_W01,2840016014,2024-11-19,2024-W47,10.0,10.0,0.0,49.900000000000006
STR_W01,4900005010,2024-11-19,2024-W47,14.0,14.0,0.0,27.86
STR_E01,1200080994,2024-11-20,2024-W47,12.0,12.0,0.0,95.88
STR_E01,2840016014,2024-11-20,2024-W47,10.0,10.0,0.0,49.900000000000006
STR_E01,4900005010,2024-11-20,2024-W47,12.0,12.0,0.0,23.88
STR_E02,1200080994,2024-11-20,2024-W47,14.0,14.0,0.0,111.86
STR_E02,2840016014,2024-11-20,2024-W47,12.0,12.0,0.0,59.88
STR_E02,4900005010,2024-11-20,2024-W47,9.0,9.0,0.0,17.91
STR_W01,1200080994,2024-11-20,2024-W47,9.0,9.0,0.0,71.91
STR_W01,2840016014,2024-11-20,2024-W47,13.0,13.0,0.0,64.87
STR_W01,4900005010,2024-11-20,2024-W47,14.0,14.0,0.0,27.86
STR_E01,1200080994,2024-11-21,2024-W47,13.0,13.0,0.0,103.87
STR_E01,2840016014,2024-11-21,2024-W47,14.0,14.0,0.0,69.86
STR_E01,4900005010,2024-11-21,2024-W47,9.0,9.0,0.0,17.91
STR_E02,1200080994,2024-11-21,2024-W47,12.0,12.0,0.0,95.88
STR_E02,2840016014,2024-11-21,2024-W47,14.0,14.0,0.0,69.86
STR_E02,4900005010,2024-11-21,2024-W47,12.0,12.0,0.0,23.88
STR_W01,1200080994,2024-11-21,2024-W47,12.0,12.0,0.0,95.88
STR_W01,2840016014,2024-11-21,2024-W47,10.0,10.0,0.0,49.900000000000006
STR_W01,4900005010,2024-11-21,2024-W47,12.0,12.0,0.0,23.88
STR_E01,1200080994,2024-11-22,2024-W47,11.0,11.0,0.0,87.89
STR_E01,2840016014,2024-11-22,2024-W47,12.0,12.0,0.0,59.88
STR_E01,4900005010,2024-11-22,2024-W47,15.0,15.0,0.0,29.85
STR_E02,1200080994,2024-11-22,2024-W47,11.0,11.0,0.0,87.89
STR_E02,2840016014,2024-11-22,2024-W47,14.0,14.0,0.0,69.86
STR_E02,4900005010,2024-11-22,2024-W47,11.0,11.0,0.0,21.89
STR_W01,1200080994,2024-11-22,2024-W47,12.0,12.0,0.0,95.88
STR_W01,2840016014,2024-11-22,2024-W47,15.0,15.0,0.0,74.85000000000001
STR_W01,4900005010,2024-11-22,2024-W47,16.0,16.0,0.0,31.84
STR_E01,1200080994,2024-11-23,2024-W47,12.0,12.0,0.0,95.88
STR_E01,2840016014,2024-11-23,2024-W47,11.0,11.0,0.0,54.89
STR_E01,4900005010,2024-11-23,2024-W47,13.0,13.0,0.0,25.87
STR_E02,1200080994,2024-11-23,2024-W47,12.0,12.0,0.0,95.88
STR_E02,2840016014,2024-11-23,2024-W47,12.0,12.0,0.0,59.88
STR_E02,4900005010,2024-11-23,2024-W47,10.0,10.0,0.0,19.9
STR_W01,1200080994,2024-11-23,2024-W47,11.0,11.0,0.0,87.89
STR_W01,2840016014,2024-11-23,2024-W47,12.0,12.0,0.0,59.88
STR_W01,4900005010,2024-11-23,2024-W47,15.0,15.0,0.0,29.85
STR_E01,1200080994,2024-11-24,2024-W47,14.0,14.0,0.0,111.86
STR_E01,2840016014,2024-11-24,2024-W47,14.0,14.0,0.0,69.86
STR_E01,4900005010,2024-11-24,2024-W47,15.0,15.0,0.0,29.85
STR_E02,1200080994,2024-11-24,2024-W47,15.0,15.0,0.0,119.85000000000001
STR_E02,2840016014,2024-11-24,2024-W47,14.0,14.0,0.0,69.86
STR_E02,4900005010,2024-11-24,2024-W47,13.0,13.0,0.0,25.87
STR_W01,1200080994,2024-11-24,2024-W47,10.0,10.0,0.0,79.9
STR_W01,2840016014,2024-11-24,2024-W47,14.0,14.0,0.0,69.86
STR_W01,4900005010,2024-11-24,2024-W47,13.0,13.0,0.0,25.87
STR_E01,1200080994,2024-11-25,2024-W48,57.0,57.0,0.0,455.43
STR_E01,2840016014,2024-11-25,2024-W48,28.0,28.0,0.0,139.72
STR_E01,4900005010,2024-11-25,2024-W48,36.0,36.0,0.0,71.64
STR_E02,1200080994,2024-11-25,2024-W48,50.0,50.0,0.0,399.5
STR_E02,2840016014,2024-11-25,2024-W48,22.0,22.0,0.0,109.78
STR_E02,4900005010,2024-11-25,2024-W48,36.0,36.0,0.0,71.64
STR_W01,1200080994,2024-11-25,2024-W48,40.0,40.0,0.0,319.6
STR_W01,2840016014,2024-11-25,2024-W48,27.0,27.0,0.0,134.73000000000002
STR_W01,4900005010,2024-11-25,2024-W48,42.0,42.0,0.0,83.58
STR_E01,1200080994,2024-11-26,2024-W48,51.0,51.0,0.0,407.49
STR_E01,2840016014,2024-11-26,2024-W48,26.0,26.0,0.0,129.74
STR_E01,4900005010,2024-11-26,2024-W48,40.0,40.0,0.0,79.6
STR_E02,1200080994,2024-11-26,2024-W48,44.0,44.0,0.0,351.56
STR_E02,2840016014,2024-11-26,2024-W48,39.0,39.0,0.0,194.61
STR_E02,4900005010,2024-11-26,2024-W48,41.0,41.0,0.0,81.59
STR_W01,1200080994,2024-11-26,2024-W48,62.0,62.0,0.0,495.38
STR_W01,2840016014,2024-11-26,2024-W48,35.0,35.0,0.0,174.65
STR_W01,4900005010,2024-11-26,2024-W48,38.0,38.0,0.0,75.62
STR_E01,1200080994,2024-11-27,2024-W48,54.0,54.0,0.0,431.46000000000004
STR_E01,2840016014,2024-11-27,2024-W48,27.0,27.0,0.0,134.73000000000002
STR_E01,4900005010,2024-11-27,2024-W48,37.0,37.0,0.0,73.63
STR_E02,1200080994,2024-11-27,2024-W48,45.0,45.0,0.0,359.55
STR_E02,2840016014,2024-11-27,2024-W48,29.0,29.0,0.0,144.71
STR_E02,4900005010,2024-11-27,2024-W48,36.0,36.0,0.0,71.64
STR_W01,1200080994,2024-11-27,2024-W48,54.0,54.0,0.0,431.46000000000004
STR_W01,2840016014,2024-11-27,2024-W48,33.0,33.0,0.0,164.67000000000002
STR_W01,4900005010,2024-11-27,2024-W48,30.0,30.0,0.0,59.7
STR_E01,1200080994,2024-11-28,2024-W48,71.0,71.0,0.0,567.29
STR_E01,2840016014,2024-11-28,2024-W48,23.0,23.0,0.0,114.77000000000001
STR_E01,4900005010,2024-11-28,2024-W48,42.0,42.0,0.0,83.58
STR_E02,1200080994,2024-11-28,2024-W48,54.0,54.0,0.0,431.46000000000004
STR_E02,2840016014,2024-11-28,2024-W48,36.0,36.0,0.0,179.64000000000001
STR_E02,4900005010,2024-11-28,2024-W48,37.0,37.0,0.0,73.63
STR_W01,1200080994,2024-11-28,2024-W48,46.0,46.0,0.0,367.54
STR_W01,2840016014,2024-11-28,2024-W48,31.0,31.0,0.0,154.69
STR_W01,4900005010,2024-11-28,2024-W48,40.0,40.0,0.0,79.6
STR_E01,1200080994,2024-11-29,2024-W48,41.0,41.0,0.0,327.59000000000003
STR_E01,2840016014,2024-11-29,2024-W48,27.0,27.0,0.0,134.73000000000002
STR_E01,4900005010,2024-11-29,2024-W48,31.0,31.0,0.0,61.69
STR_E02,1200080994,2024-11-29,2024-W48,50.0,50.0,0.0,399.5
STR_E02,2840016014,2024-11-29,2024-W48,28.0,28.0,0.0,139.72
STR_E02,4900005010,2024-11-29,2024-W48,46.0,46.0,0.0,91.54
STR_W01,1200080994,2024-11-29,2024-W48,46.0,46.0,0.0,367.54
STR_W01,2840016014,2024-11-29,2024-W48,27.0,27.0,0.0,134.73000000000002
STR_W01,4900005010,2024-11-29,2024-W48,37.0,37.0,0.0,73.63
STR_E01,1200080994,2024-11-30,2024-W48,55.0,55.0,0.0,439.45
STR_E01,2840016014,2024-11-30,2024-W48,33.0,33.0,0.0,164.67000000000002
STR_E01,4900005010,2024-11-30,2024-W48,40.0,40.0,0.0,79.6
STR_E02,1200080994,2024-11-30,2024-W48,41.0,41.0,0.0,327.59000000000003
STR_E02,2840016014,2024-11-30,2024-W48,31.0,31.0,0.0,154.69
STR_E02,4900005010,2024-11-30,2024-W48,38.0,38.0,0.0,75.62
STR_W01,1200080994,2024-11-30,2024-W48,53.0,53.0,0.0,423.47
STR_W01,2840016014,2024-11-30,2024-W48,25.0,25.0,0.0,124.75
STR_W01,4900005010,2024-11-30,2024-W48,31.0,31.0,0.0,61.69
STR_E01,1200080994,2024-12-01,2024-W48,53.0,9.0,44.0,71.91
STR_E01,2840016014,2024-12-01,2024-W48,24.0,24.0,0.0,119.76
STR_E01,4900005010,2024-12-01,2024-W48,44.0,44.0,0.0,87.56
STR_E02,1200080994,2024-12-01,2024-W48,58.0,54.0,4.0,431.46000000000004
STR_E02,2840016014,2024-12-01,2024-W48,26.0,26.0,0.0,129.74
STR_E02,4900005010,2024-12-01,2024-W48,37.0,37.0,0.0,73.63
STR_W01,1200080994,2024-12-01,2024-W48,45.0,5.0,40.0,39.95
STR_W01,2840016014,2024-12-01,2024-W48,32.0,32.0,0.0,159.68
STR_W01,4900005010,2024-12-01,2024-W48,35.0,35.0,0.0,69.65
STR_E01,1200080994,2024-12-02,2024-W49,50.0,0.0,50.0,0.0
STR_E01,2840016014,2024-12-02,2024-W49,23.0,23.0,0.0,114.77000000000001
STR_E01,4900005010,2024-12-02,2024-W49,38.0,32.0,6.0,63.68
STR_E02,1200080994,2024-12-02,2024-W49,57.0,0.0,57.0,0.0
STR_E02,2840016014,2024-12-02,2024-W49,31.0,31.0,0.0,154.69
STR_E02,4900005010,2024-12-02,2024-W49,27.0,27.0,0.0,53.73
STR_W01,1200080994,2024-12-02,2024-W49,60.0,0.0,60.0,0.0
STR_W01,2840016014,2024-12-02,2024-W49,27.0,27.0,0.0,134.73000000000002
STR_W01,4900005010,2024-12-02,2024-W49,49.0,49.0,0.0,97.51
STR_E01,1200080994,2024-12-03,2024-W49,46.0,0.0,46.0,0.0
STR_E01,2840016014,2024-12-03,2024-W49,20.0,20.0,0.0,99.80000000000001
STR_E01,4900005010,2024-12-03,2024-W49,29.0,0.0,29.0,0.0
STR_E02,1200080994,2024-12-03,2024-W49,39.0,0.0,39.0,0.0
STR_E02,2840016014,2024-12-03,2024-W49,17.0,17.0,0.0,84.83
STR_E02,4900005010,2024-12-03,2024-W49,28.0,6.0,22.0,11.94
STR_W01,1200080994,2024-12-03,2024-W49,38.0,0.0,38.0,0.0
STR_W01,2840016014,2024-12-03,2024-W49,22.0,22.0,0.0,109.78
STR_W01,4900005010,2024-12-03,2024-W49,33.0,6.0,27.0,11.94
STR_E01,1200080994,2024-12-04,2024-W49,36.0,36.0,0.0,287.64
STR_E01,2840016014,2024-12-04,2024-W49,20.0,20.0,0.0,99.80000000000001
STR_E01,4900005010,2024-12-04,2024-W49,27.0,27.0,0.0,53.73
STR_E02,1200080994,2024-12-04,2024-W49,26.0,26.0,0.0,207.74
STR_E02,2840016014,2024-12-04,2024-W49,15.0,15.0,0.0,74.85000000000001
STR_E02,4900005010,2024-12-04,2024-W49,24.0,24.0,0.0,47.76
STR_W01,1200080994,2024-12-04,2024-W49,28.0,28.0,0.0,223.72
STR_W01,2840016014,2024-12-04,2024-W49,18.0,18.0,0.0,89.82000000000001
STR_W01,4900005010,2024-12-04,2024-W49,28.0,28.0,0.0,55.72
STR_E01,1200080994,2024-12-05,2024-W49,26.0,26.0,0.0,207.74
STR_E01,2840016014,2024-12-05,2024-W49,14.0,14.0,0.0,69.86
STR_E01,4900005010,2024-12-05,2024-W49,12.0,12.0,0.0,23.88
STR_E02,1200080994,2024-12-05,2024-W49,35.0,35.0,0.0,279.65000000000003
STR_E02,2840016014,2024-12-05,2024-W49,20.0,20.0,0.0,99.80000000000001
STR_E02,4900005010,2024-12-05,2024-W49,22.0,22.0,0.0,43.78
STR_W01,1200080994,2024-12-05,2024-W49,26.0,26.0,0.0,207.74
STR_W01,2840016014,2024-12-05,2024-W49,14.0,14.0,0.0,69.86
STR_W01,4900005010,2024-12-05,2024-W49,15.0,15.0,0.0,29.85
STR_E01,1200080994,2024-12-06,2024-W49,16.0,16.0,0.0,127.84
STR_E01,2840016014,2024-12-06,2024-W49,17.0,17.0,0.0,84.83
STR_E01,4900005010,2024-12-06,2024-W49,11.0,11.0,0.0,21.89
STR_E02,1200080994,2024-12-06,2024-W49,16.0,16.0,0.0,127.84
STR_E02,2840016014,2024-12-06,2024-W49,12.0,12.0,0.0,59.88
STR_E02,4900005010,2024-12-06,2024-W49,14.0,14.0,0.0,27.86
STR_W01,1200080994,2024-12-06,2024-W49,14.0,14.0,0.0,111.86
STR_W01,2840016014,2024-12-06,2024-W49,12.0,12.0,0.0,59.88
STR_W01,4900005010,2024-12-06,2024-W49,10.0,10.0,0.0,19.9
STR_E01,1200080994,2024-12-07,2024-W49,14.0,14.0,0.0,111.86
STR_E01,2840016014,2024-12-07,2024-W49,11.0,11.0,0.0,54.89
STR_E01,4900005010,2024-12-07,2024-W49,13.0,13.0,0.0,25.87
STR_E02,1200080994,2024-12-07,2024-W49,19.0,19.0,0.0,151.81
STR_E02,2840016014,2024-12-07,2024-W49,13.0,13.0,0.0,64.87
STR_E02,4900005010,2024-12-07,2024-W49,11.0,11.0,0.0,21.89
STR_W01,1200080994,2024-12-07,2024-W49,18.0,18.0,0.0,143.82
STR_W01,2840016014,2024-12-07,2024-W49,16.0,16.0,0.0,79.84
STR_W01,4900005010,2024-12-07,2024-W49,11.0,11.0,0.0,21.89
STR_E01,1200080994,2024-12-08,2024-W49,13.0,13.0,0.0,103.87
STR_E01,2840016014,2024-12-08,2024-W49,17.0,17.0,0.0,84.83
STR_E01,4900005010,2024-12-08,2024-W49,12.0,12.0,0.0,23.88
STR_E02,1200080994,2024-12-08,2024-W49,15.0,15.0,0.0,119.85000000000001
STR_E02,2840016014,2024-12-08,2024-W49,10.0,10.0,0.0,49.900000000000006
STR_E02,4900005010,2024-12-08,2024-W49,9.0,9.0,0.0,17.91
STR_W01,1200080994,2024-12-08,2024-W49,13.0,13.0,0.0,103.87
STR_W01,2840016014,2024-12-08,2024-W49,13.0,13.0,0.0,64.87
STR_W01,4900005010,2024-12-08,2024-W49,13.0,13.0,0.0,25.87
STR_E01,1200080994,2024-12-09,2024-W50,15.0,15.0,0.0,119.85000000000001
STR_E01,2840016014,2024-12-09,2024-W50,16.0,16.0,0.0,79.84
STR_E01,4900005010,2024-12-09,2024-W50,13.0,13.0,0.0,25.87
STR_E02,1200080994,2024-12-09,2024-W50,14.0,14.0,0.0,111.86
STR_E02,2840016014,2024-12-09,2024-W50,19.0,19.0,0.0,94.81
STR_E02,4900005010,2024-12-09,2024-W50,14.0,14.0,0.0,27.86
STR_W01,1200080994,2024-12-09,2024-W50,13.0,13.0,0.0,103.87
STR_W01,2840016014,2024-12-09,2024-W50,15.0,15.0,0.0,74.85000000000001
STR_W01,4900005010,2024-12-09,2024-W50,13.0,13.0,0.0,25.87
STR_E01,1200080994,2024-12-10,2024-W50,11.0,11.0,0.0,87.89
STR_E01,2840016014,2024-12-10,2024-W50,18.0,18.0,0.0,89.82000000000001
STR_E01,4900005010,2024-12-10,2024-W50,12.0,12.0,0.0,23.88
STR_E02,1200080994,2024-12-10,2024-W50,16.0,7.0,9.0,55.93
STR_E02,2840016014,2024-12-10,2024-W50,15.0,15.0,0.0,74.85000000000001
STR_E02,4900005010,2024-12-10,2024-W50,13.0,13.0,0.0,25.87
STR_W01,1200080994,2024-12-10,2024-W50,17.0,17.0,0.0,135.83
STR_W01,2840016014,2024-12-10,2024-W50,16.0,16.0,0.0,79.84
STR_W01,4900005010,2024-12-10,2024-W50,19.0,19.0,0.0,37.81
STR_E01,1200080994,2024-12-11,2024-W50,10.0,10.0,0.0,79.9
STR_E01,2840016014,2024-12-11,2024-W50,14.0,14.0,0.0,69.86
STR_E01,4900005010,2024-12-11,2024-W50,13.0,13.0,0.0,25.87
STR_E02,1200080994,2024-12-11,2024-W50,14.0,14.0,0.0,111.86
STR_E02,2840016014,2024-12-11,2024-W50,14.0,14.0,0.0,69.86
STR_E02,4900005010,2024-12-11,2024-W50,12.0,12.0,0.0,23.88
STR_W01,1200080994,2024-12-11,2024-W50,15.0,15.0,0.0,119.85000000000001
STR_W01,2840016014,2024-12-11,2024-W50,10.0,10.0,0.0,49.900000000000006
STR_W01,4900005010,2024-12-11,2024-W50,15.0,15.0,0.0,29.85
STR_E01,1200080994,2024-12-12,2024-W50,16.0,16.0,0.0,127.84
STR_E01,2840016014,2024-12-12,2024-W50,14.0,14.0,0.0,69.86
STR_E01,4900005010,2024-12-12,2024-W50,13.0,13.0,0.0,25.87
STR_E02,1200080994,2024-12-12,2024-W50,14.0,14.0,0.0,111.86
STR_E02,2840016014,2024-12-12,2024-W50,14.0,14.0,0.0,69.86
STR_E02,4900005010,2024-12-12,2024-W50,13.0,13.0,0.0,25.87
STR_W01,1200080994,2024-12-12,2024-W50,12.0,12.0,0.0,95.88
STR_W01,2840016014,2024-12-12,2024-W50,13.0,13.0,0.0,64.87
STR_W01,4900005010,2024-12-12,2024-W50,12.0,12.0,0.0,23.88
STR_E01,1200080994,2024-12-13,2024-W50,14.0,14.0,0.0,111.86
STR_E01,2840016014,2024-12-13,2024-W50,15.0,15.0,0.0,74.85000000000001
STR_E01,4900005010,2024-12-13,2024-W50,11.0,11.0,0.0,21.89
STR_E02,1200080994,2024-12-13,2024-W50,13.0,13.0,0.0,103.87
STR_E02,2840016014,2024-12-13,2024-W50,13.0,13.0,0.0,64.87
STR_E02,4900005010,2024-12-13,2024-W50,10.0,10.0,0.0,19.9
STR_W01,1200080994,2024-12-13,2024-W50,12.0,12.0,0.0,95.88
STR_W01,2840016014,2024-12-13,2024-W50,17.0,17.0,0.0,84.83
STR_W01,4900005010,2024-12-13,2024-W50,14.0,14.0,0.0,27.86
STR_E01,1200080994,2024-12-14,2024-W50,14.0,14.0,0.0,111.86
STR_E01,2840016014,2024-12-14,2024-W50,15.0,15.0,0.0,74.85000000000001
STR_E01,4900005010,2024-12-14,2024-W50,15.0,15.0,0.0,29.85
STR_E02,1200080994,2024-12-14,2024-W50,12.0,12.0,0.0,95.88
STR_E02,2840016014,2024-12-14,2024-W50,16.0,16.0,0.0,79.84
STR_E02,4900005010,2024-12-14,2024-W50,19.0,19.0,0.0,37.81
STR_W01,1200080994,2024-12-14,2024-W50,11.0,11.0,0.0,87.89
STR_W01,2840016014,2024-12-14,2024-W50,12.0,12.0,0.0,59.88
STR_W01,4900005010,2024-12-14,2024-W50,11.0,11.0,0.0,21.89
STR_E01,1200080994,2024-12-15,2024-W50,14.0,14.0,0.0,111.86
STR_E01,2840016014,2024-12-15,2024-W50,15.0,15.0,0.0,74.85000000000001
STR_E01,4900005010,2024-12-15,2024-W50,15.0,15.0,0.0,29.85
STR_E02,1200080994,2024-12-15,2024-W50,14.0,14.0,0.0,111.86
STR_E02,2840016014,2024-12-15,2024-W50,14.0,14.0,0.0,69.86
STR_E02,4900005010,2024-12-15,2024-W50,14.0,14.0,0.0,27.86
STR_W01,1200080994,2024-12-15,2024-W50,15.0,15.0,0.0,119.85000000000001
STR_W01,2840016014,2024-12-15,2024-W50,13.0,13.0,0.0,64.87
STR_W01,4900005010,2024-12-15,2024-W50,13.0,13.0,0.0,25.87
STR_E01,1200080994,2024-12-16,2024-W51,13.0,13.0,0.0,103.87
STR_E01,2840016014,2024-12-16,2024-W51,13.0,13.0,0.0,64.87
STR_E01,4900005010,2024-12-16,2024-W51,16.0,16.0,0.0,31.84
STR_E02,1200080994,2024-12-16,2024-W51,12.0,12.0,0.0,95.88
STR_E02,2840016014,2024-12-16,2024-W51,14.0,14.0,0.0,69.86
STR_E02,4900005010,2024-12-16,2024-W51,13.0,13.0,0.0,25.87
STR_W01,1200080994,2024-12-16,2024-W51,11.0,11.0,0.0,87.89
STR_W01,2840016014,2024-12-16,2024-W51,12.0,12.0,0.0,59.88
STR_W01,4900005010,2024-12-16,2024-W51,13.0,13.0,0.0,25.87
STR_E01,1200080994,2024-12-17,2024-W51,13.0,13.0,0.0,103.87
STR_E01,2840016014,2024-12-17,2024-W51,12.0,12.0,0.0,59.88
STR_E01,4900005010,2024-12-17,2024-W51,15.0,15.0,0.0,29.85
STR_E02,1200080994,2024-12-17,2024-W51,17.0,17.0,0.0,135.83
STR_E02,2840016014,2024-12-17,2024-W51,16.0,16.0,0.0,79.84
STR_E02,4900005010,2024-12-17,2024-W51,14.0,14.0,0.0,27.86
STR_W01,1200080994,2024-12-17,2024-W51,14.0,14.0,0.0,111.86
STR_W01,2840016014,2024-12-17,2024-W51,13.0,13.0,0.0,64.87
STR_W01,4900005010,2024-12-17,2024-W51,11.0,11.0,0.0,21.89
STR_E01,1200080994,2024-12-18,2024-W51,12.0,12.0,0.0,95.88
STR_E01,2840016014,2024-12-18,2024-W51,12.0,12.0,0.0,59.88
STR_E01,4900005010,2024-12-18,2024-W51,12.0,12.0,0.0,23.88
STR_E02,1200080994,2024-12-18,2024-W51,14.0,14.0,0.0,111.86
STR_E02,2840016014,2024-12-18,2024-W51,12.0,12.0,0.0,59.88
STR_E02,4900005010,2024-12-18,2024-W51,14.0,14.0,0.0,27.86
STR_W01,1200080994,2024-12-18,2024-W51,14.0,14.0,0.0,111.86
STR_W01,2840016014,2024-12-18,2024-W51,9.0,9.0,0.0,44.910000000000004
STR_W01,4900005010,2024-12-18,2024-W51,15.0,15.0,0.0,29.85
STR_E01,1200080994,2024-12-19,2024-W51,12.0,12.0,0.0,95.88
STR_E01,2840016014,2024-12-19,2024-W51,17.0,17.0,0.0,84.83
STR_E01,4900005010,2024-12-19,2024-W51,13.0,13.0,0.0,25.87
STR_E02,1200080994,2024-12-19,2024-W51,11.0,11.0,0.0,87.89
STR_E02,2840016014,2024-12-19,2024-W51,13.0,13.0,0.0,64.87
STR_E02,4900005010,2024-12-19,2024-W51,13.0,13.0,0.0,25.87
STR_W01,1200080994,2024-12-19,2024-W51,15.0,15.0,0.0,119.85000000000001
STR_W01,2840016014,2024-12-19,2024-W51,15.0,15.0,0.0,74.85000000000001
STR_W01,4900005010,2024-12-19,2024-W51,12.0,12.0,0.0,23.88
STR_E01,1200080994,2024-12-20,2024-W51,13.0,13.0,0.0,103.87
STR_E01,2840016014,2024-12-20,2024-W51,14.0,14.0,0.0,69.86
STR_E01,4900005010,2024-12-20,2024-W51,16.0,16.0,0.0,31.84
STR_E02,1200080994,2024-12-20,2024-W51,12.0,12.0,0.0,95.88
STR_E02,2840016014,2024-12-20,2024-W51,12.0,12.0,0.0,59.88
STR_E02,4900005010,2024-12-20,2024-W51,14.0,14.0,0.0,27.86
STR_W01,1200080994,2024-12-20,2024-W51,13.0,13.0,0.0,103.87
STR_W01,2840016014,2024-12-20,2024-W51,11.0,11.0,0.0,54.89
STR_W01,4900005010,2024-12-20,2024-W51,13.0,13.0,0.0,25.87
STR_E01,1200080994,2024-12-21,2024-W51,15.0,15.0,0.0,119.85000000000001
STR_E01,2840016014,2024-12-21,2024-W51,17.0,17.0,0.0,84.83
STR_E01,4900005010,2024-12-21,2024-W51,14.0,14.0,0.0,27.86
STR_E02,1200080994,2024-12-21,2024-W51,18.0,18.0,0.0,143.82
STR_E02,2840016014,2024-12-21,2024-W51,17.0,17.0,0.0,84.83
STR_E02,4900005010,2024-12-21,2024-W51,12.0,12.0,0.0,23.88
STR_W01,1200080994,2024-12-21,2024-W51,14.0,14.0,0.0,111.86
STR_W01,2840016014,2024-12-21,2024-W51,11.0,11.0,0.0,54.89
STR_W01,4900005010,2024-12-21,2024-W51,12.0,12.0,0.0,23.88
STR_E01,1200080994,2024-12-22,2024-W51,12.0,12.0,0.0,95.88
STR_E01,2840016014,2024-12-22,2024-W51,14.0,14.0,0.0,69.86
STR_E01,4900005010,2024-12-22,2024-W51,12.0,12.0,0.0,23.88
STR_E02,1200080994,2024-12-22,2024-W51,14.0,14.0,0.0,111.86
STR_E02,2840016014,2024-12-22,2024-W51,15.0,15.0,0.0,74.85000000000001
STR_E02,4900005010,2024-12-22,2024-W51,14.0,14.0,0.0,27.86
STR_W01,1200080994,2024-12-22,2024-W51,11.0,11.0,0.0,87.89
STR_W01,2840016014,2024-12-22,2024-W51,14.0,14.0,0.0,69.86
STR_W01,4900005010,2024-12-22,2024-W51,14.0,14.0,0.0,27.86
STR_E01,1200080994,2024-12-23,2024-W52,46.0,46.0,0.0,367.54
STR_E01,2840016014,2024-12-23,2024-W52,29.0,29.0,0.0,144.71
STR_E01,4900005010,2024-12-23,2024-W52,97.0,97.0,0.0,193.03
STR_E02,1200080994,2024-12-23,2024-W52,44.0,44.0,0.0,351.56
STR_E02,2840016014,2024-12-23,2024-W52,28.0,28.0,0.0,139.72
STR_E02,4900005010,2024-12-23,2024-W52,95.0,95.0,0.0,189.05
STR_W01,1200080994,2024-12-23,2024-W52,45.0,45.0,0.0,359.55
STR_W01,2840016014,2024-12-23,2024-W52,30.0,30.0,0.0,149.70000000000002
STR_W01,4900005010,2024-12-23,2024-W52,122.0,122.0,0.0,242.78
STR_E01,1200080994,2024-12-24,2024-W52,47.0,47.0,0.0,375.53000000000003
STR_E01,2840016014,2024-12-24,2024-W52,30.0,30.0,0.0,149.70000000000002
STR_E01,4900005010,2024-12-24,2024-W52,98.0,98.0,0.0,195.02
STR_E02,1200080994,2024-12-24,2024-W52,60.0,60.0,0.0,479.40000000000003
STR_E02,2840016014,2024-12-24,2024-W52,34.0,34.0,0.0,169.66
STR_E02,4900005010,2024-12-24,2024-W52,116.0,116.0,0.0,230.84
STR_W01,1200080994,2024-12-24,2024-W52,51.0,51.0,0.0,407.49
STR_W01,2840016014,2024-12-24,2024-W52,25.0,25.0,0.0,124.75
STR_W01,4900005010,2024-12-24,2024-W52,98.0,98.0,0.0,195.02
STR_E01,1200080994,2024-12-25,2024-W52,48.0,48.0,0.0,383.52
STR_E01,2840016014,2024-12-25,2024-W52,31.0,31.0,0.0,154.69
STR_E01,4900005010,2024-12-25,2024-W52,124.0,124.0,0.0,246.76
STR_E02,1200080994,2024-12-25,2024-W52,46.0,46.0,0.0,367.54
STR_E02,2840016014,2024-12-25,2024-W52,34.0,34.0,0.0,169.66
STR_E02,4900005010,2024-12-25,2024-W52,85.0,85.0,0.0,169.15
STR_W01,1200080994,2024-12-25,2024-W52,61.0,61.0,0.0,487.39
STR_W01,2840016014,2024-12-25,2024-W52,26.0,26.0,0.0,129.74
STR_W01,4900005010,2024-12-25,2024-W52,124.0,124.0,0.0,246.76
STR_E01,1200080994,2024-12-26,2024-W52,56.0,56.0,0.0,447.44
STR_E01,2840016014,2024-12-26,2024-W52,25.0,25.0,0.0,124.75
STR_E01,4900005010,2024-12-26,2024-W52,112.0,112.0,0.0,222.88
STR_E02,1200080994,2024-12-26,2024-W52,55.0,55.0,0.0,439.45
STR_E02,2840016014,2024-12-26,2024-W52,33.0,33.0,0.0,164.67000000000002
STR_E02,4900005010,2024-12-26,2024-W52,109.0,109.0,0.0,216.91
STR_W01,1200080994,2024-12-26,2024-W52,57.0,57.0,0.0,455.43
STR_W01,2840016014,2024-12-26,2024-W52,38.0,38.0,0.0,189.62
STR_W01,4900005010,2024-12-26,2024-W52,143.0,143.0,0.0,284.57
STR_E01,1200080994,2024-12-27,2024-W52,60.0,60.0,0.0,479.40000000000003
STR_E01,2840016014,2024-12-27,2024-W52,31.0,31.0,0.0,154.69
STR_E01,4900005010,2024-12-27,2024-W52,110.0,110.0,0.0,218.9
STR_E02,1200080994,2024-12-27,2024-W52,56.0,56.0,0.0,447.44
STR_E02,2840016014,2024-12-27,2024-W52,34.0,34.0,0.0,169.66
STR_E02,4900005010,2024-12-27,2024-W52,107.0,107.0,0.0,212.93
STR_W01,1200080994,2024-12-27,2024-W52,47.0,47.0,0.0,375.53000000000003
STR_W01,2840016014,2024-12-27,2024-W52,33.0,33.0,0.0,164.67000000000002
STR_W01,4900005010,2024-12-27,2024-W52,119.0,119.0,0.0,236.81
STR_E01,1200080994,2024-12-28,2024-W52,57.0,57.0,0.0,455.43
STR_E01,2840016014,2024-12-28,2024-W52,42.0,42.0,0.0,209.58
STR_E01,4900005010,2024-12-28,2024-W52,112.0,53.0,59.0,105.47
STR_E02,1200080994,2024-12-28,2024-W52,53.0,53.0,0.0,423.47
STR_E02,2840016014,2024-12-28,2024-W52,33.0,33.0,0.0,164.67000000000002
STR_E02,4900005010,2024-12-28,2024-W52,104.0,73.0,31.0,145.27
STR_W01,1200080994,2024-12-28,2024-W52,42.0,42.0,0.0,335.58
STR_W01,2840016014,2024-12-28,2024-W52,35.0,35.0,0.0,174.65
STR_W01,4900005010,2024-12-28,2024-W52,123.0,25.0,98.0,49.75
STR_E01,1200080994,2024-12-29,2024-W52,55.0,55.0,0.0,439.45
STR_E01,2840016014,2024-12-29,2024-W52,26.0,26.0,0.0,129.74
STR_E01,4900005010,2024-12-29,2024-W52,144.0,0.0,144.0,0.0
STR_E02,1200080994,2024-12-29,2024-W52,65.0,65.0,0.0,519.35
STR_E02,2840016014,2024-12-29,2024-W52,25.0,25.0,0.0,124.75
STR_E02,4900005010,2024-12-29,2024-W52,99.0,0.0,99.0,0.0
STR_W01,1200080994,2024-12-29,2024-W52,64.0,64.0,0.0,511.36
STR_W01,2840016014,2024-12-29,2024-W52,38.0,38.0,0.0,189.62
STR_W01,4900005010,2024-12-29,2024-W52,101.0,0.0,101.0,0.0
STR_E01,1200080994,2024-12-30,2025-W01,37.0,37.0,0.0,295.63
STR_E01,2840016014,2024-12-30,2025-W01,19.0,19.0,0.0,94.81
STR_E01,4900005010,2024-12-30,2025-W01,47.0,0.0,47.0,0.0
STR_E02,1200080994,2024-12-30,2025-W01,30.0,30.0,0.0,239.70000000000002
STR_E02,2840016014,2024-12-30,2025-W01,20.0,20.0,0.0,99.80000000000001
STR_E02,4900005010,2024-12-30,2025-W01,57.0,0.0,57.0,0.0
STR_W01,1200080994,2024-12-30,2025-W01,30.0,30.0,0.0,239.70000000000002
STR_W01,2840016014,2024-12-30,2025-W01,17.0,17.0,0.0,84.83
STR_W01,4900005010,2024-12-30,2025-W01,47.0,0.0,47.0,0.0
STR_E01,1200080994,2024-12-31,2025-W01,26.0,26.0,0.0,207.74
STR_E01,2840016014,2024-12-31,2025-W01,14.0,14.0,0.0,69.86
STR_E01,4900005010,2024-12-31,2025-W01,51.0,0.0,51.0,0.0
STR_E02,1200080994,2024-12-31,2025-W01,23.0,23.0,0.0,183.77
STR_E02,2840016014,2024-12-31,2025-W01,16.0,16.0,0.0,79.84
STR_E02,4900005010,2024-12-31,2025-W01,57.0,0.0,57.0,0.0
STR_W01,1200080994,2024-12-31,2025-W01,23.0,23.0,0.0,183.77
STR_W01,2840016014,2024-12-31,2025-W01,15.0,15.0,0.0,74.85000000000001
STR_W01,4900005010,2024-12-31,2025-W01,48.0,0.0,48.0,0.0
